{
  "custom": {},
  "params": {
    "BG": "value",
    "BG_ID": "value",
    "Line": "value",
    "Line_ID": "value",
    "Machine": "value",
    "Machine_Code": "value",
    "Machine_ID": "value",
    "Machine_Type": "value",
    "Module": "value",
    "Module_ID": "value",
    "Plant": "value",
    "Plant_ID": "value",
    "Shift": "value",
    "Sub_Module": "value",
    "Sub_Module_ID": "value"
  },
  "propConfig": {
    "params.BG": {
      "paramDirection": "input",
      "persistent": true
    },
    "params.BG_ID": {
      "paramDirection": "input",
      "persistent": true
    },
    "params.Line": {
      "paramDirection": "input",
      "persistent": true
    },
    "params.Line_ID": {
      "paramDirection": "input",
      "persistent": true
    },
    "params.Machine": {
      "paramDirection": "input",
      "persistent": true
    },
    "params.Machine_Code": {
      "paramDirection": "input",
      "persistent": true
    },
    "params.Machine_ID": {
      "paramDirection": "input",
      "persistent": true
    },
    "params.Machine_Type": {
      "paramDirection": "input",
      "persistent": true
    },
    "params.Module": {
      "paramDirection": "input",
      "persistent": true
    },
    "params.Module_ID": {
      "paramDirection": "input",
      "persistent": true
    },
    "params.Plant": {
      "paramDirection": "input",
      "persistent": true
    },
    "params.Plant_ID": {
      "paramDirection": "input",
      "persistent": true
    },
    "params.Shift": {
      "paramDirection": "input",
      "persistent": true
    },
    "params.Sub_Module": {
      "paramDirection": "input",
      "persistent": true
    },
    "params.Sub_Module_ID": {
      "paramDirection": "input",
      "persistent": true
    },
    "props.defaultSize.height": {
      "binding": {
        "config": {
          "path": "page.props.dimensions.viewport.height"
        },
        "transforms": [
          {
            "code": "\tif value \u003d\u003d 0:\n\t\treturn 800\n\telse:\n\t\treturn value",
            "type": "script"
          }
        ],
        "type": "property"
      }
    },
    "props.defaultSize.width": {
      "binding": {
        "config": {
          "path": "page.props.dimensions.viewport.width"
        },
        "transforms": [
          {
            "code": "\tif value \u003d\u003d 0:\n\t\treturn 800\n\telse:\n\t\treturn value",
            "type": "script"
          }
        ],
        "type": "property"
      }
    }
  },
  "props": {
    "defaultSize": {}
  },
  "root": {
    "children": [
      {
        "meta": {
          "name": "EmbeddedView"
        },
        "position": {
          "basis": "9%",
          "shrink": 0
        },
        "props": {
          "params": {
            "Module_Name": "QR SCAN"
          },
          "path": "PMC/Header/header"
        },
        "type": "ia.display.view"
      },
      {
        "children": [
          {
            "children": [
              {
                "children": [
                  {
                    "children": [
                      {
                        "meta": {
                          "name": "Parameter"
                        },
                        "position": {
                          "basis": "33.5%",
                          "shrink": 0
                        },
                        "propConfig": {
                          "props.style.fontSize": {
                            "binding": {
                              "config": {
                                "expression": "if({page.props.dimensions.viewport.width}\u003e810, \u00271.3dvw\u0027, \u00271.5dvh\u0027)"
                              },
                              "type": "expr"
                            }
                          }
                        },
                        "props": {
                          "style": {
                            "backgroundColor": "#242494",
                            "borderStyle": "double",
                            "borderTopLeftRadius": 25,
                            "borderWidth": "1vmin",
                            "color": "#FFFFFF",
                            "fontFamily": "Arial",
                            "fontWeight": "bolder",
                            "textAlign": "center"
                          },
                          "text": "BG"
                        },
                        "type": "ia.display.label"
                      },
                      {
                        "meta": {
                          "name": "Semicolon"
                        },
                        "position": {
                          "basis": "2.5%",
                          "shrink": 0
                        },
                        "props": {
                          "style": {
                            "color": "#000000",
                            "fontFamily": "Arial",
                            "fontSize": "4vmin",
                            "fontWeight": "bolder",
                            "textAlign": "center"
                          },
                          "text": ":"
                        },
                        "type": "ia.display.label"
                      },
                      {
                        "meta": {
                          "name": "Value"
                        },
                        "position": {
                          "basis": "64%",
                          "shrink": 0
                        },
                        "propConfig": {
                          "custom.BG_No": {
                            "binding": {
                              "config": {
                                "path": "session.custom.BG_NO"
                              },
                              "type": "property"
                            }
                          },
                          "props.style.fontSize": {
                            "binding": {
                              "config": {
                                "expression": "if({page.props.dimensions.viewport.width}\u003e810, \u00271.3dvw\u0027, \u00271.5dvh\u0027)"
                              },
                              "type": "expr"
                            }
                          },
                          "props.text": {
                            "binding": {
                              "config": {
                                "path": "session.custom.Params.BG"
                              },
                              "type": "property"
                            }
                          }
                        },
                        "props": {
                          "style": {
                            "backgroundColor": "#D5D5D5",
                            "borderColor": "#FFFFFF",
                            "borderStyle": "double",
                            "borderTopRightRadius": 25,
                            "borderWidth": "1vmin",
                            "color": "#000000",
                            "fontFamily": "Arial",
                            "fontWeight": "bolder",
                            "textAlign": "center"
                          }
                        },
                        "type": "ia.display.label"
                      }
                    ],
                    "meta": {
                      "name": "BG"
                    },
                    "position": {
                      "display": false,
                      "grow": 1
                    },
                    "props": {
                      "style": {
                        "marginBottom": 5,
                        "marginLeft": 2,
                        "marginRight": 2,
                        "paddingTop": 5
                      }
                    },
                    "type": "ia.container.flex"
                  },
                  {
                    "children": [
                      {
                        "meta": {
                          "name": "Parameter"
                        },
                        "position": {
                          "basis": "33.5%",
                          "shrink": 0
                        },
                        "propConfig": {
                          "props.style.fontSize": {
                            "binding": {
                              "config": {
                                "expression": "if({page.props.dimensions.viewport.width}\u003e810, \u00271.3dvw\u0027, \u00271.5dvh\u0027)"
                              },
                              "type": "expr"
                            }
                          }
                        },
                        "props": {
                          "style": {
                            "backgroundColor": "#242494",
                            "borderStyle": "double",
                            "borderTopLeftRadius": 25,
                            "borderWidth": "1vmin",
                            "color": "#FFFFFF",
                            "fontFamily": "Arial",
                            "fontWeight": "bolder",
                            "textAlign": "center"
                          },
                          "text": "PLANT"
                        },
                        "type": "ia.display.label"
                      },
                      {
                        "meta": {
                          "name": "Semicolon"
                        },
                        "position": {
                          "basis": "2.5%",
                          "shrink": 0
                        },
                        "props": {
                          "style": {
                            "color": "#000000",
                            "fontFamily": "Arial",
                            "fontSize": "4vmin",
                            "fontWeight": "bolder",
                            "textAlign": "center"
                          },
                          "text": ":"
                        },
                        "type": "ia.display.label"
                      },
                      {
                        "meta": {
                          "name": "Value"
                        },
                        "position": {
                          "basis": "64%",
                          "shrink": 0
                        },
                        "propConfig": {
                          "custom.Plant_No": {
                            "binding": {
                              "config": {
                                "path": "session.custom.PLANT_NO"
                              },
                              "type": "property"
                            }
                          },
                          "props.style.fontSize": {
                            "binding": {
                              "config": {
                                "expression": "if({page.props.dimensions.viewport.width}\u003e810, \u00271.3dvw\u0027, \u00271.5dvh\u0027)"
                              },
                              "type": "expr"
                            }
                          },
                          "props.text": {
                            "binding": {
                              "config": {
                                "path": "session.custom.QR.PLANT"
                              },
                              "type": "property"
                            }
                          }
                        },
                        "props": {
                          "style": {
                            "backgroundColor": "#D5D5D5",
                            "borderColor": "#FFFFFF",
                            "borderStyle": "double",
                            "borderTopRightRadius": 25,
                            "borderWidth": "1vmin",
                            "color": "#000000",
                            "fontFamily": "Arial",
                            "fontWeight": "bolder",
                            "textAlign": "center"
                          }
                        },
                        "type": "ia.display.label"
                      }
                    ],
                    "meta": {
                      "name": "PLANT"
                    },
                    "position": {
                      "grow": 1
                    },
                    "props": {
                      "style": {
                        "marginBottom": 5,
                        "marginLeft": 2,
                        "marginRight": 2,
                        "paddingTop": 5
                      }
                    },
                    "type": "ia.container.flex"
                  },
                  {
                    "children": [
                      {
                        "meta": {
                          "name": "Parameter"
                        },
                        "position": {
                          "basis": "33.5%",
                          "shrink": 0
                        },
                        "propConfig": {
                          "props.style.fontSize": {
                            "binding": {
                              "config": {
                                "expression": "if({page.props.dimensions.viewport.width}\u003e810, \u00271.3dvw\u0027, \u00271.5dvh\u0027)"
                              },
                              "type": "expr"
                            }
                          }
                        },
                        "props": {
                          "style": {
                            "backgroundColor": "#242494",
                            "borderStyle": "double",
                            "borderWidth": "1vmin",
                            "color": "#FFFFFF",
                            "fontFamily": "Arial",
                            "fontWeight": "bolder",
                            "textAlign": "center"
                          },
                          "text": "LINE"
                        },
                        "type": "ia.display.label"
                      },
                      {
                        "meta": {
                          "name": "Semicolon"
                        },
                        "position": {
                          "basis": "2.5%",
                          "shrink": 0
                        },
                        "props": {
                          "style": {
                            "color": "#000000",
                            "fontFamily": "Arial",
                            "fontSize": "4vmin",
                            "fontWeight": "bolder",
                            "textAlign": "center"
                          },
                          "text": ":"
                        },
                        "type": "ia.display.label"
                      },
                      {
                        "meta": {
                          "name": "Value"
                        },
                        "position": {
                          "basis": "64%",
                          "shrink": 0
                        },
                        "propConfig": {
                          "custom.Line_No": {
                            "binding": {
                              "config": {
                                "path": "session.custom.LINE_NO"
                              },
                              "type": "property"
                            }
                          },
                          "props.style.fontSize": {
                            "binding": {
                              "config": {
                                "expression": "if({page.props.dimensions.viewport.width}\u003e810, \u00271.3dvw\u0027, \u00271.5dvh\u0027)"
                              },
                              "type": "expr"
                            }
                          },
                          "props.text": {
                            "binding": {
                              "config": {
                                "path": "session.custom.QR.LINE"
                              },
                              "type": "property"
                            }
                          }
                        },
                        "props": {
                          "style": {
                            "backgroundColor": "#D5D5D5",
                            "borderColor": "#FFFFFF",
                            "borderStyle": "double",
                            "borderWidth": "1vmin",
                            "color": "#000000",
                            "fontFamily": "Arial",
                            "fontWeight": "bolder",
                            "textAlign": "center"
                          }
                        },
                        "type": "ia.display.label"
                      }
                    ],
                    "meta": {
                      "name": "LINE"
                    },
                    "position": {
                      "grow": 1
                    },
                    "props": {
                      "style": {
                        "marginBottom": 5,
                        "marginLeft": 2,
                        "marginRight": 2,
                        "paddingTop": 5
                      }
                    },
                    "type": "ia.container.flex"
                  },
                  {
                    "children": [
                      {
                        "meta": {
                          "name": "Parameter"
                        },
                        "position": {
                          "basis": "33.5%",
                          "shrink": 0
                        },
                        "propConfig": {
                          "props.style.fontSize": {
                            "binding": {
                              "config": {
                                "expression": "if({page.props.dimensions.viewport.width}\u003e810, \u00271.3dvw\u0027, \u00271.5dvh\u0027)"
                              },
                              "type": "expr"
                            }
                          }
                        },
                        "props": {
                          "style": {
                            "backgroundColor": "#242494",
                            "borderStyle": "double",
                            "borderWidth": "1vmin",
                            "color": "#FFFFFF",
                            "fontFamily": "Arial",
                            "fontWeight": "bolder",
                            "textAlign": "center"
                          },
                          "text": "MACHINE"
                        },
                        "type": "ia.display.label"
                      },
                      {
                        "meta": {
                          "name": "Semicolon"
                        },
                        "position": {
                          "basis": "2.5%",
                          "shrink": 0
                        },
                        "props": {
                          "style": {
                            "color": "#000000",
                            "fontFamily": "Arial",
                            "fontSize": "4vmin",
                            "fontWeight": "bolder",
                            "textAlign": "center"
                          },
                          "text": ":"
                        },
                        "type": "ia.display.label"
                      },
                      {
                        "meta": {
                          "name": "Value"
                        },
                        "position": {
                          "basis": "64%",
                          "shrink": 0
                        },
                        "propConfig": {
                          "custom.Machine_No": {
                            "binding": {
                              "config": {
                                "path": "session.custom.MACHINE_NO"
                              },
                              "type": "property"
                            }
                          },
                          "props.style.fontSize": {
                            "binding": {
                              "config": {
                                "expression": "if({page.props.dimensions.viewport.width}\u003e810, \u00271.3dvw\u0027, \u00271.5dvh\u0027)"
                              },
                              "type": "expr"
                            }
                          },
                          "props.text": {
                            "binding": {
                              "config": {
                                "expression": "{session.custom.QR.MACHINE}+\u0027 (\u0027+{session.custom.QR.MACHINE_CODE}+\u0027)\u0027+\u0027 - \u0027+{session.custom.QR.MACHINE_TYPE}"
                              },
                              "type": "expr"
                            }
                          }
                        },
                        "props": {
                          "style": {
                            "backgroundColor": "#D5D5D5",
                            "borderColor": "#FFFFFF",
                            "borderStyle": "double",
                            "borderWidth": "1vmin",
                            "color": "#000000",
                            "fontFamily": "Arial",
                            "fontWeight": "bolder",
                            "textAlign": "center"
                          }
                        },
                        "type": "ia.display.label"
                      }
                    ],
                    "meta": {
                      "name": "MACHINE"
                    },
                    "position": {
                      "grow": 1
                    },
                    "props": {
                      "style": {
                        "marginBottom": 5,
                        "marginLeft": 2,
                        "marginRight": 2,
                        "paddingTop": 5
                      }
                    },
                    "type": "ia.container.flex"
                  },
                  {
                    "children": [
                      {
                        "meta": {
                          "name": "Parameter"
                        },
                        "position": {
                          "basis": "33.5%",
                          "shrink": 0
                        },
                        "propConfig": {
                          "props.style.fontSize": {
                            "binding": {
                              "config": {
                                "expression": "if({page.props.dimensions.viewport.width}\u003e810, \u00271.3dvw\u0027, \u00271.5dvh\u0027)"
                              },
                              "type": "expr"
                            }
                          }
                        },
                        "props": {
                          "style": {
                            "backgroundColor": "#242494",
                            "borderStyle": "double",
                            "borderWidth": "1vmin",
                            "color": "#FFFFFF",
                            "fontFamily": "Arial",
                            "fontWeight": "bolder",
                            "textAlign": "center"
                          },
                          "text": "DEPT"
                        },
                        "type": "ia.display.label"
                      },
                      {
                        "meta": {
                          "name": "Semicolon"
                        },
                        "position": {
                          "basis": "2.5%",
                          "shrink": 0
                        },
                        "props": {
                          "style": {
                            "color": "#000000",
                            "fontFamily": "Arial",
                            "fontSize": "4vmin",
                            "fontWeight": "bolder",
                            "textAlign": "center"
                          },
                          "text": ":"
                        },
                        "type": "ia.display.label"
                      },
                      {
                        "meta": {
                          "name": "Value"
                        },
                        "position": {
                          "basis": "64%",
                          "shrink": 0
                        },
                        "propConfig": {
                          "custom.Machine_No": {
                            "binding": {
                              "config": {
                                "path": "session.custom.MACHINE_NO"
                              },
                              "type": "property"
                            }
                          },
                          "props.style.fontSize": {
                            "binding": {
                              "config": {
                                "expression": "if({page.props.dimensions.viewport.width}\u003e810, \u00271.3dvw\u0027, \u00271.5dvh\u0027)"
                              },
                              "type": "expr"
                            }
                          },
                          "props.text": {
                            "binding": {
                              "config": {
                                "path": "session.custom.QR.DEPT"
                              },
                              "type": "property"
                            }
                          }
                        },
                        "props": {
                          "style": {
                            "backgroundColor": "#D5D5D5",
                            "borderColor": "#FFFFFF",
                            "borderStyle": "double",
                            "borderWidth": "1vmin",
                            "color": "#000000",
                            "fontFamily": "Arial",
                            "fontWeight": "bolder",
                            "textAlign": "center"
                          }
                        },
                        "type": "ia.display.label"
                      }
                    ],
                    "meta": {
                      "name": "DEPT"
                    },
                    "position": {
                      "grow": 1
                    },
                    "props": {
                      "style": {
                        "marginBottom": 5,
                        "marginLeft": 2,
                        "marginRight": 2,
                        "paddingTop": 5
                      }
                    },
                    "type": "ia.container.flex"
                  },
                  {
                    "children": [
                      {
                        "meta": {
                          "name": "Parameter"
                        },
                        "position": {
                          "basis": "33.5%",
                          "shrink": 0
                        },
                        "propConfig": {
                          "props.style.fontSize": {
                            "binding": {
                              "config": {
                                "expression": "if({page.props.dimensions.viewport.width}\u003e810, \u00271.3dvw\u0027, \u00271.5dvh\u0027)"
                              },
                              "type": "expr"
                            }
                          }
                        },
                        "props": {
                          "style": {
                            "backgroundColor": "#242494",
                            "borderStyle": "double",
                            "borderWidth": "1vmin",
                            "color": "#FFFFFF",
                            "fontFamily": "Arial",
                            "fontWeight": "bolder",
                            "textAlign": "center"
                          },
                          "text": "MODULE"
                        },
                        "type": "ia.display.label"
                      },
                      {
                        "meta": {
                          "name": "Semicolon"
                        },
                        "position": {
                          "basis": "2.5%",
                          "shrink": 0
                        },
                        "props": {
                          "style": {
                            "color": "#000000",
                            "fontFamily": "Arial",
                            "fontSize": "4vmin",
                            "fontWeight": "bolder",
                            "textAlign": "center"
                          },
                          "text": ":"
                        },
                        "type": "ia.display.label"
                      },
                      {
                        "meta": {
                          "name": "Value"
                        },
                        "position": {
                          "basis": "64%",
                          "shrink": 0
                        },
                        "propConfig": {
                          "props.dropdownOptionStyle.fontSize": {
                            "binding": {
                              "config": {
                                "expression": "if({page.props.dimensions.viewport.width}\u003e810, \u00271.3dvw\u0027, \u00271.5dvh\u0027)"
                              },
                              "type": "expr"
                            }
                          },
                          "props.options": {
                            "binding": {
                              "config": {
                                "parameters": {
                                  "column": "\u0027MODULE as label, MODULE as value, MODULE_ID as ID\u0027",
                                  "condition": "\u0027GROUP BY MODULE, MODULE_ID\u0027",
                                  "table": "\u0027MODULE_TABLE\u0027",
                                  "where": "\"BG \u003d \u0027\"+{session.custom.QR.BG}+\"\u0027 AND BG_ID \u003d \"+{session.custom.QR.BG_ID}+\" AND PLANT \u003d \u0027\"+{session.custom.QR.PLANT}+\"\u0027 AND PLANT_ID \u003d \"+{session.custom.QR.PLANT_ID}+\" AND LINE \u003d \u0027\"+{session.custom.QR.LINE}+\"\u0027 AND LINE_ID \u003d \"+{session.custom.QR.LINE_ID}+\" AND MACHINE \u003d \u0027\"+{session.custom.QR.MACHINE}+\"\u0027 AND MACHINE_ID \u003d \"+{session.custom.QR.MACHINE_ID}+\" AND MACHINE_CODE \u003d \u0027\"+{session.custom.QR.MACHINE_CODE}+\"\u0027 AND MACHINE_TYPE \u003d \u0027\"+{session.custom.QR.MACHINE_TYPE}+\"\u0027 AND DEPT \u003d \u0027\"+{session.custom.QR.DEPT}+\"\u0027 AND DEPT_ID \u003d \"+{session.custom.QR.DEPT_ID}"
                                },
                                "queryPath": "PMC/NEW_TEST/ACTIONS/SELECT_WITH_CONDITION"
                              },
                              "type": "query"
                            }
                          },
                          "props.style.fontSize": {
                            "binding": {
                              "config": {
                                "expression": "if({page.props.dimensions.viewport.width}\u003e810, \u00271.3dvw\u0027, \u00271.5dvh\u0027)"
                              },
                              "type": "expr"
                            }
                          },
                          "props.value": {
                            "onChange": {
                              "enabled": null,
                              "script": "\tval \u003d currentValue.value\n\tif val is not None:\n\t\tcount \u003d self.props.options.getRowCount()\n\t\tfor i in range(0, count):\n\t\t\tif self.props.options.getValueAt(i, \"value\") \u003d\u003d val:\n\t\t\t\tself.session.custom.QR.MODULE_ID \u003d self.props.options.getValueAt(i, \"ID\")\n\t\t\t\tself.session.custom.QR.MODULE \u003d val\n\tif val \u003d\u003d \u0027\u0027:\n\t\tself.session.custom.QR.MODULE \u003d \u0027value\u0027\n\t\tself.session.custom.QR.MODULE_ID \u003d 0"
                            }
                          }
                        },
                        "props": {
                          "S_NO": 0,
                          "dropdownOptionStyle": {
                            "textAlign": "center"
                          },
                          "style": {
                            "backgroundColor": "#FFFFFF",
                            "borderColor": "#D5D5D5",
                            "borderStyle": "double",
                            "borderWidth": "1vmin",
                            "color": "#000000",
                            "fontFamily": "Arial",
                            "fontWeight": "bolder",
                            "textAlign": "center"
                          },
                          "textAlign": "center"
                        },
                        "type": "ia.input.dropdown"
                      }
                    ],
                    "meta": {
                      "name": "MODULE"
                    },
                    "position": {
                      "grow": 1
                    },
                    "props": {
                      "style": {
                        "marginBottom": 5,
                        "marginLeft": 2,
                        "marginRight": 2,
                        "paddingTop": 5
                      }
                    },
                    "type": "ia.container.flex"
                  },
                  {
                    "children": [
                      {
                        "meta": {
                          "name": "Parameter"
                        },
                        "position": {
                          "basis": "33.5%",
                          "shrink": 0
                        },
                        "propConfig": {
                          "props.style.fontSize": {
                            "binding": {
                              "config": {
                                "expression": "if({page.props.dimensions.viewport.width}\u003e810, \u00271.3dvw\u0027, \u00271.5dvh\u0027)"
                              },
                              "type": "expr"
                            }
                          }
                        },
                        "props": {
                          "style": {
                            "backgroundColor": "#242494",
                            "borderBottomLeftRadius": 25,
                            "borderStyle": "double",
                            "borderWidth": "1vmin",
                            "color": "#FFFFFF",
                            "fontFamily": "Arial",
                            "fontWeight": "bolder",
                            "textAlign": "center"
                          },
                          "text": "SUB-MODULE"
                        },
                        "type": "ia.display.label"
                      },
                      {
                        "meta": {
                          "name": "Semicolon"
                        },
                        "position": {
                          "basis": "2.5%",
                          "shrink": 0
                        },
                        "props": {
                          "style": {
                            "color": "#000000",
                            "fontFamily": "Arial",
                            "fontSize": "4vmin",
                            "fontWeight": "bolder",
                            "textAlign": "center"
                          },
                          "text": ":"
                        },
                        "type": "ia.display.label"
                      },
                      {
                        "meta": {
                          "name": "Value"
                        },
                        "position": {
                          "basis": "64%",
                          "shrink": 0
                        },
                        "propConfig": {
                          "props.dropdownOptionStyle.fontSize": {
                            "binding": {
                              "config": {
                                "expression": "if({page.props.dimensions.viewport.width}\u003e810, \u00271.3dvw\u0027, \u00271.5dvh\u0027)"
                              },
                              "type": "expr"
                            }
                          },
                          "props.options": {
                            "binding": {
                              "config": {
                                "parameters": {
                                  "column": "\u0027SUB_MODULE as label, SUB_MODULE as value, SUB_MODULE_ID as ID\u0027",
                                  "condition": "\u0027GROUP BY SUB_MODULE, SUB_MODULE_ID\u0027",
                                  "table": "\u0027SUB_MODULE_TABLE\u0027",
                                  "where": "\"BG \u003d \u0027\"+{session.custom.QR.BG}+\"\u0027 AND BG_ID \u003d \"+{session.custom.QR.BG_ID}+\" AND PLANT \u003d \u0027\"+{session.custom.QR.PLANT}+\"\u0027 AND PLANT_ID \u003d \"+{session.custom.QR.PLANT_ID}+\" AND LINE \u003d \u0027\"+{session.custom.QR.LINE}+\"\u0027 AND LINE_ID \u003d \"+{session.custom.QR.LINE_ID}+\" AND MACHINE \u003d \u0027\"+{session.custom.QR.MACHINE}+\"\u0027 AND MACHINE_ID \u003d \"+{session.custom.QR.MACHINE_ID}+\" AND MACHINE_CODE \u003d \u0027\"+{session.custom.QR.MACHINE_CODE}+\"\u0027 AND MACHINE_TYPE \u003d \u0027\"+{session.custom.QR.MACHINE_TYPE}+\"\u0027 AND DEPT \u003d \u0027\"+{session.custom.QR.DEPT}+\"\u0027 AND DEPT_ID \u003d \"+{session.custom.QR.DEPT_ID}+\" AND MODULE \u003d \u0027\"+{session.custom.QR.MODULE}+\"\u0027 AND MODULE_ID \u003d \"+{session.custom.QR.MODULE_ID}"
                                },
                                "queryPath": "PMC/NEW_TEST/ACTIONS/SELECT_WITH_CONDITION"
                              },
                              "type": "query"
                            }
                          },
                          "props.style.fontSize": {
                            "binding": {
                              "config": {
                                "expression": "if({page.props.dimensions.viewport.width}\u003e810, \u00271.3dvw\u0027, \u00271.5dvh\u0027)"
                              },
                              "type": "expr"
                            }
                          },
                          "props.value": {
                            "onChange": {
                              "enabled": null,
                              "script": "\tval \u003d currentValue.value\n\tif val is not None:\n\t\tcount \u003d self.props.options.getRowCount()\n\t\tfor i in range(0, count):\n\t\t\tif self.props.options.getValueAt(i, \"value\") \u003d\u003d val:\n\t\t\t\tself.session.custom.QR.SUB_MODULE_ID \u003d self.props.options.getValueAt(i, \"ID\")\n\t\t\t\tself.session.custom.QR.SUB_MODULE \u003d val\n\tif val \u003d\u003d \u0027\u0027:\n\t\tself.session.custom.QR.SUB_MODULE \u003d \u0027value\u0027\n\t\tself.session.custom.QR.SUB_MODULE_ID \u003d 0"
                            }
                          }
                        },
                        "props": {
                          "S_NO": "BI-YEARLY",
                          "dropdownOptionStyle": {
                            "textAlign": "center"
                          },
                          "style": {
                            "backgroundColor": "#FFFFFF",
                            "borderBottomRightRadius": 25,
                            "borderColor": "#D5D5D5",
                            "borderStyle": "double",
                            "borderWidth": "1vmin",
                            "color": "#000000",
                            "fontFamily": "Arial",
                            "fontWeight": "bolder",
                            "textAlign": "center"
                          },
                          "textAlign": "center"
                        },
                        "type": "ia.input.dropdown"
                      }
                    ],
                    "meta": {
                      "name": "SUB_MODULE"
                    },
                    "position": {
                      "grow": 1
                    },
                    "props": {
                      "style": {
                        "marginBottom": 5,
                        "marginLeft": 2,
                        "marginRight": 2,
                        "paddingTop": 5
                      }
                    },
                    "type": "ia.container.flex"
                  },
                  {
                    "children": [
                      {
                        "meta": {
                          "name": "Parameter"
                        },
                        "position": {
                          "basis": "33.5%",
                          "shrink": 0
                        },
                        "propConfig": {
                          "props.style.fontSize": {
                            "binding": {
                              "config": {
                                "expression": "if({page.props.dimensions.viewport.width}\u003e810, \u00271.3dvw\u0027, \u00271.5dvh\u0027)"
                              },
                              "type": "expr"
                            }
                          }
                        },
                        "props": {
                          "style": {
                            "backgroundColor": "#242494",
                            "borderBottomLeftRadius": 25,
                            "borderStyle": "double",
                            "borderWidth": "1vmin",
                            "color": "#FFFFFF",
                            "fontFamily": "Arial",
                            "fontWeight": "bolder",
                            "textAlign": "center"
                          },
                          "text": "SHIFT"
                        },
                        "type": "ia.display.label"
                      },
                      {
                        "meta": {
                          "name": "Semicolon"
                        },
                        "position": {
                          "basis": "2.5%",
                          "shrink": 0
                        },
                        "props": {
                          "style": {
                            "color": "#000000",
                            "fontFamily": "Arial",
                            "fontSize": "4vmin",
                            "fontWeight": "bolder",
                            "textAlign": "center"
                          },
                          "text": ":"
                        },
                        "type": "ia.display.label"
                      },
                      {
                        "children": [
                          {
                            "meta": {
                              "name": "RadioGroup"
                            },
                            "position": {
                              "basis": "100%",
                              "shrink": 0
                            },
                            "propConfig": {
                              "props.style.fontSize": {
                                "binding": {
                                  "config": {
                                    "expression": "if({page.props.dimensions.viewport.width}\u003e810, \u00271.3dvw\u0027, \u00271.5dvh\u0027)"
                                  },
                                  "type": "expr"
                                }
                              }
                            },
                            "props": {
                              "justify": "center",
                              "radios": [
                                {
                                  "selected": true,
                                  "text": "Enable",
                                  "value": 1
                                },
                                {
                                  "selected": false,
                                  "text": "Disable",
                                  "value": 0
                                }
                              ],
                              "selectedIcon": {
                                "style": {
                                  "textAlign": "center"
                                }
                              },
                              "style": {
                                "backgroundColor": "#FFFFFF",
                                "color": "#000000",
                                "fontFamily": "Arial",
                                "fontWeight": "bolder",
                                "textAlign": "center"
                              },
                              "unselectedIcon": {
                                "style": {
                                  "textAlign": "center"
                                }
                              },
                              "value": 1
                            },
                            "type": "ia.input.radio-group"
                          }
                        ],
                        "meta": {
                          "name": "FlexContainer"
                        },
                        "position": {
                          "basis": "64%",
                          "shrink": 0
                        },
                        "propConfig": {
                          "props.style.fontSize": {
                            "binding": {
                              "config": {
                                "expression": "if({page.props.dimensions.viewport.width}\u003e810, \u00271.3dvw\u0027, \u00271.5dvh\u0027)"
                              },
                              "type": "expr"
                            }
                          }
                        },
                        "props": {
                          "justify": "space-evenly",
                          "style": {
                            "backgroundColor": "#FFFFFF",
                            "borderBottomRightRadius": 25,
                            "borderColor": "#D5D5D5",
                            "borderStyle": "double",
                            "borderWidth": "1vmin",
                            "color": "#000000",
                            "fontFamily": "Arial",
                            "fontWeight": "bolder",
                            "textAlign": "center"
                          }
                        },
                        "type": "ia.container.flex"
                      }
                    ],
                    "meta": {
                      "name": "SHIFT"
                    },
                    "position": {
                      "display": false,
                      "grow": 1
                    },
                    "props": {
                      "style": {
                        "marginBottom": 5,
                        "marginLeft": 2,
                        "marginRight": 2,
                        "paddingTop": 5
                      }
                    },
                    "type": "ia.container.flex"
                  }
                ],
                "meta": {
                  "name": "PARAMETERS"
                },
                "position": {
                  "grow": 1
                },
                "props": {
                  "direction": "column",
                  "style": {
                    "borderBottomLeftRadius": 25,
                    "borderBottomRightRadius": 25,
                    "borderColor": "#AAAAAA",
                    "borderStyle": "ridge",
                    "borderTopLeftRadius": 25,
                    "borderTopRightRadius": 25,
                    "borderWidth": 5
                  }
                },
                "type": "ia.container.flex"
              }
            ],
            "meta": {
              "name": "QR_PARAMETERS"
            },
            "position": {
              "basis": "800px",
              "grow": 1
            },
            "props": {
              "style": {
                "paddingBottom": 20,
                "paddingLeft": 20,
                "paddingRight": 20,
                "paddingTop": 10
              }
            },
            "type": "ia.container.flex"
          },
          {
            "children": [
              {
                "events": {
                  "dom": {
                    "onClick": {
                      "config": {
                        "params": {},
                        "view": "PMC/Interface/Module and submodule"
                      },
                      "scope": "C",
                      "type": "nav"
                    }
                  }
                },
                "meta": {
                  "name": "Button"
                },
                "position": {
                  "grow": 1,
                  "shrink": 0
                },
                "propConfig": {
                  "props.style.fontSize": {
                    "binding": {
                      "config": {
                        "expression": "if({page.props.dimensions.viewport.width}\u003e810, \u00271.3dvw\u0027, \u00271.5dvh\u0027)"
                      },
                      "type": "expr"
                    }
                  }
                },
                "props": {
                  "image": {
                    "icon": {
                      "path": "material/home"
                    }
                  },
                  "style": {
                    "backgroundColor": "#FF0000",
                    "borderColor": "#D5D5D5",
                    "borderStyle": "outset",
                    "borderWidth": "1vmin",
                    "marginBottom": 5,
                    "marginLeft": "10%",
                    "marginRight": "10%"
                  },
                  "text": "HOME"
                },
                "type": "ia.input.button"
              },
              {
                "events": {
                  "dom": {
                    "onClick": {
                      "config": {
                        "config": {
                          "backgroundColor": "AUTO",
                          "cameraPreference": "BACK",
                          "type": "QR_CODE",
                          "uuid": "32d0ac46-cb18-4750-8243-24fa0c82a81d"
                        },
                        "context": {}
                      },
                      "scope": "C",
                      "type": "native/barcode"
                    }
                  }
                },
                "meta": {
                  "name": "Button_0"
                },
                "position": {
                  "grow": 1,
                  "shrink": 0
                },
                "propConfig": {
                  "props.style.fontSize": {
                    "binding": {
                      "config": {
                        "expression": "if({page.props.dimensions.viewport.width}\u003e810, \u00271.3dvw\u0027, \u00271.5dvh\u0027)"
                      },
                      "type": "expr"
                    }
                  }
                },
                "props": {
                  "image": {
                    "icon": {
                      "path": "material/qr_code_scanner"
                    }
                  },
                  "style": {
                    "backgroundColor": "#FFFF00",
                    "borderColor": "#D5D5D5",
                    "borderStyle": "outset",
                    "borderWidth": "1vmin",
                    "color": "#000000",
                    "fontFamily": "Arial",
                    "marginBottom": 5,
                    "marginLeft": "10%",
                    "marginRight": "10%",
                    "textAlign": "center"
                  },
                  "text": "RE-SCAN"
                },
                "type": "ia.input.button"
              },
              {
                "events": {
                  "dom": {
                    "onClick": {
                      "config": {
                        "params": {
                          "VIEW_PARAMS": "{session.custom.QR}"
                        },
                        "view": "PMC/Checklist/PMC"
                      },
                      "scope": "C",
                      "type": "nav"
                    }
                  }
                },
                "meta": {
                  "name": "Button_1"
                },
                "position": {
                  "grow": 1,
                  "shrink": 0
                },
                "propConfig": {
                  "props.style.fontSize": {
                    "binding": {
                      "config": {
                        "expression": "if({page.props.dimensions.viewport.width}\u003e810, \u00271.3dvw\u0027, \u00271.5dvh\u0027)"
                      },
                      "type": "expr"
                    }
                  }
                },
                "props": {
                  "image": {
                    "icon": {
                      "path": "material/playlist_add_check"
                    }
                  },
                  "style": {
                    "backgroundColor": "#00FF00",
                    "borderColor": "#D5D5D5",
                    "borderStyle": "outset",
                    "borderWidth": "1vmin",
                    "color": "#000000",
                    "fontFamily": "Arial",
                    "marginLeft": "10%",
                    "marginRight": "10%",
                    "textAlign": "center"
                  },
                  "text": "LAUNCH"
                },
                "type": "ia.input.button"
              }
            ],
            "meta": {
              "name": "QR_BUTTONS"
            },
            "position": {
              "grow": 1
            },
            "propConfig": {
              "props.style.paddingTop": {
                "binding": {
                  "config": {
                    "expression": "if({page.props.dimensions.viewport.width}\u003e810, 20, 0)"
                  },
                  "type": "expr"
                }
              }
            },
            "props": {
              "direction": "column",
              "style": {
                "paddingBottom": 20,
                "paddingLeft": 20,
                "paddingRight": 20
              }
            },
            "type": "ia.container.flex"
          }
        ],
        "meta": {
          "name": "FlexContainer"
        },
        "position": {
          "basis": "91%",
          "shrink": 0
        },
        "props": {
          "wrap": "wrap"
        },
        "type": "ia.container.flex"
      }
    ],
    "meta": {
      "name": "root"
    },
    "props": {
      "direction": "column"
    },
    "type": "ia.container.flex"
  }
}