{
  "custom": {},
  "params": {
    "Business": "",
    "Cell": "",
    "EndDate": "",
    "Line": "",
    "Machine": "",
    "MachineName": "",
    "Plant": "",
    "Shift": "",
    "ShiftID": "",
    "StartDate": "",
    "Toggle": ""
  },
  "propConfig": {
    "params.Business": {
      "paramDirection": "input",
      "persistent": true
    },
    "params.Cell": {
      "paramDirection": "input",
      "persistent": true
    },
    "params.EndDate": {
      "paramDirection": "input",
      "persistent": true
    },
    "params.Line": {
      "paramDirection": "input",
      "persistent": true
    },
    "params.Machine": {
      "paramDirection": "input",
      "persistent": true
    },
    "params.MachineName": {
      "paramDirection": "input",
      "persistent": true
    },
    "params.Plant": {
      "paramDirection": "input",
      "persistent": true
    },
    "params.Shift": {
      "paramDirection": "input",
      "persistent": true
    },
    "params.ShiftID": {
      "paramDirection": "input",
      "persistent": true
    },
    "params.StartDate": {
      "paramDirection": "input",
      "persistent": true
    },
    "params.Toggle": {
      "paramDirection": "input",
      "persistent": true
    }
  },
  "props": {},
  "root": {
    "children": [
      {
        "meta": {
          "name": "ReportViewer"
        },
        "position": {
          "basis": "100%",
          "shrink": 0
        },
        "propConfig": {
          "props.params.Business": {
            "binding": {
              "config": {
                "path": "view.params.Business"
              },
              "type": "property"
            }
          },
          "props.params.Cell": {
            "binding": {
              "config": {
                "path": "view.params.Cell"
              },
              "type": "property"
            }
          },
          "props.params.EndDate": {
            "binding": {
              "config": {
                "path": "view.params.EndDate"
              },
              "type": "property"
            }
          },
          "props.params.Line": {
            "binding": {
              "config": {
                "path": "view.params.Line"
              },
              "type": "property"
            }
          },
          "props.params.Machine": {
            "binding": {
              "config": {
                "path": "view.params.Machine"
              },
              "type": "property"
            }
          },
          "props.params.MachineName": {
            "binding": {
              "config": {
                "path": "view.params.MachineName"
              },
              "type": "property"
            }
          },
          "props.params.Plant": {
            "binding": {
              "config": {
                "path": "view.params.Plant"
              },
              "type": "property"
            }
          },
          "props.params.Shift": {
            "binding": {
              "config": {
                "path": "view.params.Shift"
              },
              "type": "property"
            }
          },
          "props.params.ShiftID": {
            "binding": {
              "config": {
                "path": "view.params.ShiftID"
              },
              "type": "property"
            }
          },
          "props.params.StartDate": {
            "binding": {
              "config": {
                "path": "view.params.StartDate"
              },
              "type": "property"
            }
          },
          "props.params.Toggle": {
            "binding": {
              "config": {
                "path": "view.params.Toggle"
              },
              "type": "property"
            }
          }
        },
        "props": {
          "page": 1,
          "pageCount": 1,
          "source": "OEE/Quality"
        },
        "type": "ia.reporting.report-viewer"
      }
    ],
    "meta": {
      "name": "root"
    },
    "props": {
      "direction": "column"
    },
    "type": "ia.container.flex"
  }
}