{
  "custom": {},
  "params": {},
  "propConfig": {
    "params.feature": {
      "paramDirection": "input"
    },
    "params.key": {
      "paramDirection": "input"
    },
    "params.tier1": {
      "paramDirection": "input"
    },
    "params.tier2": {
      "paramDirection": "input"
    }
  },
  "props": {},
  "root": {
    "children": [
      {
        "meta": {
          "name": "Title"
        },
        "position": {
          "basis": "5%",
          "shrink": 0
        },
        "props": {
          "params": {
            "icon": "alarm",
            "text": "Alarms"
          },
          "path": "Common/Title"
        },
        "type": "ia.display.view"
      },
      {
        "meta": {
          "name": "AlarmStatusTable"
        },
        "position": {
          "basis": "90%",
          "grow": 1
        },
        "props": {
          "columns": {
            "active": {
              "label": {
                "enabled": true
              }
            }
          }
        },
        "type": "ia.display.alarmstatustable"
      }
    ],
    "meta": {
      "name": "root"
    },
    "propConfig": {
      "meta.visible": {
        "binding": {
          "config": {
            "path": "session.props.auth.authenticated"
          },
          "type": "property"
        }
      }
    },
    "props": {
      "direction": "column",
      "style": {
        "classes": "Page/Page"
      }
    },
    "type": "ia.container.flex"
  }
}