{
  "custom": {},
  "params": {
    "Business": 4,
    "Plant": 1
  },
  "propConfig": {
    "params.Business": {
      "paramDirection": "input",
      "persistent": true
    },
    "params.Plant": {
      "paramDirection": "input",
      "persistent": true
    }
  },
  "props": {
    "defaultSize": {
      "width": 1439
    }
  },
  "root": {
    "children": [
      {
        "children": [
          {
            "children": [
              {
                "meta": {
                  "name": "Title"
                },
                "position": {
                  "basis": "187px"
                },
                "props": {
                  "style": {
                    "backgroundColor": "#555555",
                    "borderStyle": "solid",
                    "color": "#FFFFFF",
                    "fontFamily": "Arial",
                    "fontSize": "3vmin",
                    "fontWeight": "bold",
                    "textAlign": "center"
                  },
                  "text": "LIVE OEE"
                },
                "type": "ia.display.label"
              },
              {
                "meta": {
                  "name": "PlantName"
                },
                "position": {
                  "basis": "143px"
                },
                "props": {
                  "style": {
                    "textAlign": "center"
                  },
                  "text": "Plant Name:"
                },
                "type": "ia.display.label"
              },
              {
                "meta": {
                  "name": "Plant"
                },
                "position": {
                  "basis": "704px"
                },
                "propConfig": {
                  "props.text": {
                    "binding": {
                      "config": {
                        "parameters": {
                          "BusinessID": "{view.params.Business}",
                          "PlantID": "{view.params.Plant}"
                        },
                        "queryPath": "OEE/BusinessOverview/PlantName",
                        "returnFormat": "scalar"
                      },
                      "type": "query"
                    }
                  }
                },
                "type": "ia.display.label"
              },
              {
                "meta": {
                  "name": "Date"
                },
                "position": {
                  "basis": "59px"
                },
                "props": {
                  "text": "Date:"
                },
                "type": "ia.display.label"
              },
              {
                "meta": {
                  "name": "DateValue"
                },
                "position": {
                  "basis": "201px"
                },
                "propConfig": {
                  "props.text": {
                    "binding": {
                      "config": {
                        "expression": "dateFormat(now(), \u0027dd-MM-yyyy\u0027)"
                      },
                      "type": "expr"
                    }
                  }
                },
                "type": "ia.display.label"
              },
              {
                "meta": {
                  "name": "Shift"
                },
                "position": {
                  "basis": "56px"
                },
                "props": {
                  "text": "Shift:"
                },
                "type": "ia.display.label"
              },
              {
                "meta": {
                  "name": "ShiftValue"
                },
                "position": {
                  "basis": "74px"
                },
                "props": {
                  "text": "Shift 2"
                },
                "type": "ia.display.label"
              }
            ],
            "meta": {
              "name": "HeaderContainer"
            },
            "position": {
              "basis": "200px"
            },
            "props": {
              "style": {
                "backgroundColor": "#2A5B6A",
                "color": "#FFFFFF",
                "fontFamily": "Arial",
                "fontSize": "3vmin",
                "fontWeight": "bold",
                "gap": 10
              }
            },
            "type": "ia.container.flex"
          },
          {
            "meta": {
              "name": "HorizontalMenu"
            },
            "position": {
              "basis": "200px"
            },
            "props": {
              "itemStyle": {
                "backgroundColor": "#FFFFFF",
                "fontFamily": "Arial",
                "fontWeight": "bold"
              },
              "items": [
                {
                  "enabled": true,
                  "icon": {
                    "path": ""
                  },
                  "items": [],
                  "label": "Machineoverview",
                  "style": {
                    "classes": ""
                  },
                  "target": "/OEE/Machineoverview"
                },
                {
                  "enabled": true,
                  "icon": {
                    "path": "material/show_chart"
                  },
                  "items": [
                    {
                      "enabled": true,
                      "icon": {
                        "color": "",
                        "path": "material/link"
                      },
                      "items": [],
                      "label": "",
                      "style": {
                        "classes": ""
                      },
                      "target": ""
                    }
                  ],
                  "label": "Availabity",
                  "style": {
                    "classes": ""
                  },
                  "target": ""
                },
                {
                  "enabled": true,
                  "icon": {
                    "color": "",
                    "path": "material/addchart"
                  },
                  "items": [],
                  "label": "Performance",
                  "style": {
                    "classes": ""
                  },
                  "target": ""
                },
                {
                  "enabled": true,
                  "icon": {
                    "path": "material/domain_verification"
                  },
                  "items": [],
                  "label": "Quality",
                  "style": {
                    "classes": ""
                  },
                  "target": ""
                },
                {
                  "enabled": true,
                  "icon": {
                    "path": "material/trending_down"
                  },
                  "items": [],
                  "label": "Downtime Chart",
                  "style": {
                    "classes": ""
                  },
                  "target": "/OEE/Downtimechart"
                },
                {
                  "enabled": true,
                  "icon": {
                    "path": ""
                  },
                  "items": [],
                  "label": "Live OEE",
                  "style": {
                    "classes": ""
                  },
                  "target": "/OEE"
                }
              ],
              "style": {
                "backgroundColor": "#FFFFFF",
                "gap": 20
              }
            },
            "type": "ia.navigation.horizontalmenu"
          }
        ],
        "meta": {
          "name": "FlexContainer"
        },
        "position": {
          "basis": "691px"
        },
        "props": {
          "direction": "column",
          "style": {
            "borderStyle": "solid"
          }
        },
        "type": "ia.container.flex"
      },
      {
        "children": [
          {
            "children": [
              {
                "meta": {
                  "name": "Line"
                },
                "position": {
                  "basis": "250px"
                },
                "props": {
                  "text": "Line"
                },
                "type": "ia.display.label"
              },
              {
                "meta": {
                  "name": "Machine"
                },
                "position": {
                  "basis": "250px"
                },
                "props": {
                  "text": "Machine"
                },
                "type": "ia.display.label"
              },
              {
                "meta": {
                  "name": "MachineStatus"
                },
                "position": {
                  "basis": "250px"
                },
                "props": {
                  "text": "Machine Status"
                },
                "type": "ia.display.label"
              },
              {
                "meta": {
                  "name": "Current Part"
                },
                "position": {
                  "basis": "250px"
                },
                "props": {
                  "text": "Current Part"
                },
                "type": "ia.display.label"
              },
              {
                "meta": {
                  "name": "PartStdCT"
                },
                "position": {
                  "basis": "250px"
                },
                "props": {
                  "text": "STD CT"
                },
                "type": "ia.display.label"
              },
              {
                "meta": {
                  "name": "Cycle Time"
                },
                "position": {
                  "basis": "250px"
                },
                "props": {
                  "text": "Actual CT"
                },
                "type": "ia.display.label"
              },
              {
                "meta": {
                  "name": "TargetCount"
                },
                "position": {
                  "basis": "250px"
                },
                "props": {
                  "text": "Target Count"
                },
                "type": "ia.display.label"
              },
              {
                "meta": {
                  "name": "ActualCount"
                },
                "position": {
                  "basis": "250px"
                },
                "props": {
                  "text": "Actual Count"
                },
                "type": "ia.display.label"
              },
              {
                "meta": {
                  "name": "Availability"
                },
                "position": {
                  "basis": "250px"
                },
                "props": {
                  "text": "Availability"
                },
                "type": "ia.display.label"
              },
              {
                "meta": {
                  "name": "Performance"
                },
                "position": {
                  "basis": "250px"
                },
                "props": {
                  "text": "Performance"
                },
                "type": "ia.display.label"
              },
              {
                "meta": {
                  "name": "Quality"
                },
                "position": {
                  "basis": "250px"
                },
                "props": {
                  "text": "Quality"
                },
                "type": "ia.display.label"
              },
              {
                "meta": {
                  "name": "OEE"
                },
                "position": {
                  "basis": "250px"
                },
                "props": {
                  "text": "OEE"
                },
                "type": "ia.display.label"
              },
              {
                "meta": {
                  "name": "TargetOEE"
                },
                "position": {
                  "basis": "250px",
                  "grow": 1
                },
                "props": {
                  "text": "Target OEE"
                },
                "type": "ia.display.label"
              }
            ],
            "meta": {
              "name": "Machinecontainer"
            },
            "position": {
              "basis": "200px",
              "grow": 1
            },
            "props": {
              "style": {
                "backgroundColor": "#003678",
                "borderColor": "#000000",
                "borderStyle": "solid",
                "color": "#FFFFFF",
                "fontFamily": "Arial",
                "fontSize": "2.5vmin",
                "fontWeight": "bold",
                "textAlign": "center"
              }
            },
            "type": "ia.container.flex"
          },
          {
            "meta": {
              "name": "FlexRepeater"
            },
            "position": {
              "basis": "1500px",
              "grow": 1
            },
            "propConfig": {
              "custom.Data": {
                "binding": {
                  "config": {
                    "queryPath": "OEE/Common/GetMachine",
                    "returnFormat": "json"
                  },
                  "type": "query"
                }
              },
              "props.instances[0].Business": {
                "binding": {
                  "config": {
                    "path": "view.params.Business"
                  },
                  "type": "property"
                }
              },
              "props.instances[0].Line": {
                "binding": {
                  "config": {
                    "path": "this.custom.Data[0].LineID"
                  },
                  "type": "property"
                }
              },
              "props.instances[0].Machine": {
                "binding": {
                  "config": {
                    "path": "this.custom.Data[0].MachineID"
                  },
                  "type": "property"
                }
              },
              "props.instances[0].Plant": {
                "binding": {
                  "config": {
                    "path": "view.params.Plant"
                  },
                  "type": "property"
                }
              },
              "props.instances[1].Business": {
                "binding": {
                  "config": {
                    "path": "view.params.Business"
                  },
                  "type": "property"
                }
              },
              "props.instances[1].Line": {
                "binding": {
                  "config": {
                    "path": "this.custom.Data[1].LineID"
                  },
                  "type": "property"
                }
              },
              "props.instances[1].Machine": {
                "binding": {
                  "config": {
                    "path": "this.custom.Data[1].MachineID"
                  },
                  "type": "property"
                }
              },
              "props.instances[1].Plant": {
                "binding": {
                  "config": {
                    "path": "view.params.Plant"
                  },
                  "type": "property"
                }
              },
              "props.instances[2].Business": {
                "binding": {
                  "config": {
                    "path": "view.params.Business"
                  },
                  "type": "property"
                }
              },
              "props.instances[2].Line": {
                "binding": {
                  "config": {
                    "path": "this.custom.Data[2].LineID"
                  },
                  "type": "property"
                }
              },
              "props.instances[2].Machine": {
                "binding": {
                  "config": {
                    "path": "this.custom.Data[2].MachineID"
                  },
                  "type": "property"
                }
              },
              "props.instances[2].Plant": {
                "binding": {
                  "config": {
                    "path": "view.params.Plant"
                  },
                  "type": "property"
                }
              },
              "props.instances[3].Business": {
                "binding": {
                  "config": {
                    "path": "view.params.Business"
                  },
                  "type": "property"
                }
              },
              "props.instances[3].Line": {
                "binding": {
                  "config": {
                    "path": "this.custom.Data[2].LineID"
                  },
                  "type": "property"
                }
              },
              "props.instances[3].Machine": {
                "binding": {
                  "config": {
                    "path": "this.custom.Data[3].MachineID"
                  },
                  "type": "property"
                }
              },
              "props.instances[3].Plant": {
                "binding": {
                  "config": {
                    "path": "view.params.Plant"
                  },
                  "type": "property"
                }
              },
              "props.instances[4].Business": {
                "binding": {
                  "config": {
                    "path": "view.params.Business"
                  },
                  "type": "property"
                }
              },
              "props.instances[4].Line": {
                "binding": {
                  "config": {
                    "path": "this.custom.Data[3].LineID"
                  },
                  "type": "property"
                }
              },
              "props.instances[4].Machine": {
                "binding": {
                  "config": {
                    "path": "this.custom.Data[4].MachineID"
                  },
                  "type": "property"
                }
              },
              "props.instances[4].Plant": {
                "binding": {
                  "config": {
                    "path": "view.params.Plant"
                  },
                  "type": "property"
                }
              }
            },
            "props": {
              "alignItems": "baseline",
              "direction": "column",
              "elementPosition": {
                "align": "auto",
                "basis": 1
              },
              "elementStyle": {
                "classes": "OEE/dark-kpi/menuButton",
                "color": "#000000",
                "fontWeight": "bold"
              },
              "instances": [
                {
                  "instancePosition": {},
                  "instanceStyle": {
                    "classes": ""
                  }
                },
                {
                  "instancePosition": {},
                  "instanceStyle": {
                    "classes": ""
                  }
                },
                {
                  "instancePosition": {},
                  "instanceStyle": {
                    "classes": ""
                  }
                },
                {
                  "instancePosition": {},
                  "instanceStyle": {
                    "classes": ""
                  }
                },
                {
                  "instancePosition": {},
                  "instanceStyle": {
                    "classes": ""
                  }
                },
                {
                  "Business": 4,
                  "Line": null,
                  "Machine": null,
                  "Plant": 1,
                  "instancePosition": {},
                  "instanceStyle": {
                    "classes": ""
                  }
                },
                {
                  "Business": 4,
                  "Line": null,
                  "Machine": null,
                  "Plant": 1,
                  "instancePosition": {},
                  "instanceStyle": {
                    "classes": ""
                  }
                },
                {
                  "Business": 4,
                  "Line": null,
                  "Machine": null,
                  "Plant": 1,
                  "instancePosition": {},
                  "instanceStyle": {
                    "classes": ""
                  }
                },
                {
                  "Business": 4,
                  "Line": null,
                  "Machine": null,
                  "Plant": 1,
                  "instancePosition": {},
                  "instanceStyle": {
                    "classes": ""
                  }
                }
              ],
              "justify": "space-evenly",
              "path": "OEE/OEE/MachineTemplate",
              "style": {
                "borderStyle": "solid",
                "gap": "1px"
              }
            },
            "type": "ia.display.flex-repeater"
          }
        ],
        "meta": {
          "name": "BodyContainer"
        },
        "position": {
          "basis": "2000px",
          "grow": 1
        },
        "props": {
          "direction": "column"
        },
        "type": "ia.container.flex"
      }
    ],
    "meta": {
      "name": "root"
    },
    "props": {
      "direction": "column"
    },
    "type": "ia.container.flex"
  }
}