{
  "custom": {},
  "params": {
    "Module_Name": "PMC"
  },
  "propConfig": {
    "params.Module_Name": {
      "paramDirection": "input",
      "persistent": true
    },
    "props.defaultSize.width": {
      "binding": {
        "config": {
          "path": "page.props.dimensions.screen.width"
        },
        "transforms": [
          {
            "expression": "if({value}\u003d0, 800, 0)",
            "type": "expression"
          }
        ],
        "type": "property"
      }
    }
  },
  "props": {
    "defaultSize": {
      "height": 50
    }
  },
  "root": {
    "children": [
      {
        "children": [
          {
            "events": {
              "dom": {
                "onClick": [
                  {
                    "config": {
                      "config": {
                        "backgroundColor": "AUTO",
                        "cameraPreference": "BACK",
                        "type": "ANY",
                        "uuid": "fb326d8a-fdb4-44f1-8cf5-5784e7a551bb"
                      },
                      "context": {}
                    },
                    "scope": "C",
                    "type": "native/barcode"
                  },
                  {
                    "config": {
                      "params": {},
                      "view": "PMC/QR/qr_scan"
                    },
                    "scope": "C",
                    "type": "nav"
                  }
                ]
              }
            },
            "meta": {
              "name": "Icon"
            },
            "position": {
              "basis": "5%",
              "shrink": 0
            },
            "props": {
              "color": "#000000",
              "path": "material/qr_code_scanner",
              "style": {
                "backgroundColor": "#FFFFFF",
                "borderBottomLeftRadius": 5,
                "borderBottomRightRadius": 5,
                "borderStyle": "solid",
                "borderTopLeftRadius": 5,
                "borderTopRightRadius": 5,
                "borderWidth": 1,
                "marginBottom": 5,
                "marginLeft": 5,
                "marginTop": 5
              }
            },
            "type": "ia.display.icon"
          },
          {
            "meta": {
              "name": "Label"
            },
            "position": {
              "basis": "70%"
            },
            "propConfig": {
              "props.text": {
                "binding": {
                  "config": {
                    "path": "view.params.Module_Name"
                  },
                  "type": "property"
                }
              }
            },
            "props": {
              "style": {
                "color": "#FFFFFF",
                "fontFamily": "Arial",
                "fontSize": "3.5svh",
                "fontWeight": "bolder",
                "marginLeft": "15%",
                "textAlign": "center"
              }
            },
            "type": "ia.display.label"
          },
          {
            "children": [
              {
                "meta": {
                  "name": "Label"
                },
                "position": {
                  "basis": "50%",
                  "shrink": 0
                },
                "propConfig": {
                  "props.text": {
                    "binding": {
                      "config": {
                        "expression": "now()"
                      },
                      "transforms": [
                        {
                          "formatType": "datetime",
                          "formatValue": {
                            "date": "short",
                            "time": "medium"
                          },
                          "timezone": "IST",
                          "type": "format"
                        }
                      ],
                      "type": "expr"
                    }
                  }
                },
                "props": {
                  "style": {
                    "color": "#FFFFFF",
                    "fontFamily": "Arial",
                    "fontSize": "0.9lvw",
                    "fontWeight": "bolder",
                    "textAlign": "center"
                  }
                },
                "type": "ia.display.label"
              },
              {
                "meta": {
                  "name": "Label_0"
                },
                "position": {
                  "basis": "50%",
                  "shrink": 0
                },
                "propConfig": {
                  "props.text": {
                    "binding": {
                      "config": {
                        "fallbackDelay": 2.5,
                        "mode": "direct",
                        "tagPath": "[default]PMC/Shift"
                      },
                      "transforms": [
                        {
                          "expression": "\u0027Shift \u0027+{value}",
                          "type": "expression"
                        }
                      ],
                      "type": "tag"
                    }
                  }
                },
                "props": {
                  "style": {
                    "color": "#FFFFFF",
                    "fontFamily": "Arial",
                    "fontSize": "0.9lvw",
                    "fontWeight": "bolder",
                    "textAlign": "center"
                  }
                },
                "type": "ia.display.label"
              }
            ],
            "meta": {
              "name": "FlexContainer"
            },
            "position": {
              "basis": "15%",
              "shrink": 0
            },
            "props": {
              "direction": "column"
            },
            "type": "ia.container.flex"
          },
          {
            "events": {
              "dom": {
                "onClick": {
                  "config": {
                    "page": "/"
                  },
                  "scope": "C",
                  "type": "nav"
                }
              }
            },
            "meta": {
              "name": "Icon_0"
            },
            "position": {
              "basis": "30px"
            },
            "props": {
              "color": "#FFFFFF",
              "path": "material/home"
            },
            "type": "ia.display.icon"
          },
          {
            "meta": {
              "name": "_800px-Rane_Group_Logo (1)"
            },
            "position": {
              "basis": "7.5%"
            },
            "props": {
              "fit": {
                "mode": "contain"
              },
              "source": "/system/images/Rane_Group_Logo.jpg",
              "style": {
                "marginBottom": 2,
                "marginLeft": 2,
                "marginRight": 2,
                "marginTop": 2
              }
            },
            "type": "ia.display.image"
          }
        ],
        "meta": {
          "name": "large"
        },
        "position": {
          "size": "large"
        },
        "props": {
          "style": {
            "backgroundColor": "#1A1A6B"
          }
        },
        "type": "ia.container.flex"
      },
      {
        "children": [
          {
            "events": {
              "dom": {
                "onClick": [
                  {
                    "config": {
                      "config": {
                        "backgroundColor": "AUTO",
                        "cameraPreference": "BACK",
                        "type": "ANY",
                        "uuid": "7d702497-ac9f-417d-8031-1c5176731f64"
                      },
                      "context": {}
                    },
                    "scope": "C",
                    "type": "native/barcode"
                  },
                  {
                    "config": {
                      "params": {},
                      "view": "PMC/QR/qr_scan"
                    },
                    "scope": "C",
                    "type": "nav"
                  }
                ]
              }
            },
            "meta": {
              "name": "Icon"
            },
            "position": {
              "basis": "5%",
              "shrink": 0
            },
            "props": {
              "color": "#000000",
              "path": "material/qr_code_scanner",
              "style": {
                "backgroundColor": "#FFFFFF",
                "borderBottomLeftRadius": 5,
                "borderBottomRightRadius": 5,
                "borderStyle": "solid",
                "borderTopLeftRadius": 5,
                "borderTopRightRadius": 5,
                "borderWidth": 1,
                "marginBottom": 5,
                "marginLeft": 5,
                "marginTop": 5
              }
            },
            "type": "ia.display.icon"
          },
          {
            "meta": {
              "name": "Label"
            },
            "position": {
              "basis": "70%"
            },
            "propConfig": {
              "props.text": {
                "binding": {
                  "config": {
                    "path": "view.params.Module_Name"
                  },
                  "type": "property"
                }
              }
            },
            "props": {
              "style": {
                "color": "#FFFFFF",
                "fontFamily": "Arial",
                "fontSize": "3.5svh",
                "fontWeight": "bolder",
                "marginLeft": "15%",
                "textAlign": "center"
              }
            },
            "type": "ia.display.label"
          },
          {
            "children": [
              {
                "meta": {
                  "name": "Label"
                },
                "position": {
                  "basis": "50%",
                  "shrink": 0
                },
                "propConfig": {
                  "props.text": {
                    "binding": {
                      "config": {
                        "expression": "now()"
                      },
                      "transforms": [
                        {
                          "formatType": "datetime",
                          "formatValue": {
                            "date": "short",
                            "time": "medium"
                          },
                          "timezone": "IST",
                          "type": "format"
                        }
                      ],
                      "type": "expr"
                    }
                  }
                },
                "props": {
                  "style": {
                    "color": "#FFFFFF",
                    "fontFamily": "Arial",
                    "fontSize": "0.9lvh",
                    "fontWeight": "bolder",
                    "paddingLeft": 2,
                    "paddingRight": 2,
                    "paddingTop": 15,
                    "textAlign": "center"
                  }
                },
                "type": "ia.display.label"
              },
              {
                "meta": {
                  "name": "Label_0"
                },
                "position": {
                  "basis": "50%",
                  "shrink": 0
                },
                "propConfig": {
                  "props.text": {
                    "binding": {
                      "config": {
                        "fallbackDelay": 2.5,
                        "mode": "direct",
                        "tagPath": "[default]PMC/Shift"
                      },
                      "transforms": [
                        {
                          "expression": "\u0027Shift \u0027+{value}",
                          "type": "expression"
                        }
                      ],
                      "type": "tag"
                    }
                  }
                },
                "props": {
                  "style": {
                    "color": "#FFFFFF",
                    "fontFamily": "Arial",
                    "fontSize": "1lvh",
                    "fontWeight": "bolder",
                    "paddingBottom": 15,
                    "paddingLeft": 2,
                    "paddingRight": 2,
                    "textAlign": "center"
                  }
                },
                "type": "ia.display.label"
              }
            ],
            "meta": {
              "name": "FlexContainer"
            },
            "position": {
              "basis": "15%",
              "shrink": 0
            },
            "props": {
              "direction": "column"
            },
            "type": "ia.container.flex"
          },
          {
            "events": {
              "dom": {
                "onClick": {
                  "config": {
                    "page": "/"
                  },
                  "scope": "C",
                  "type": "nav"
                }
              }
            },
            "meta": {
              "name": "Icon_0"
            },
            "position": {
              "basis": "30px"
            },
            "props": {
              "color": "#FFFFFF",
              "path": "material/home"
            },
            "type": "ia.display.icon"
          },
          {
            "meta": {
              "name": "_800px-Rane_Group_Logo (1)"
            },
            "position": {
              "basis": "10%",
              "shrink": 0
            },
            "props": {
              "fit": {
                "mode": "fill"
              },
              "source": "/system/images/Rane_Group_Logo.jpg",
              "style": {
                "marginBottom": 2,
                "marginLeft": 2,
                "marginRight": 2,
                "marginTop": 2
              }
            },
            "type": "ia.display.image"
          }
        ],
        "meta": {
          "name": "small"
        },
        "props": {
          "style": {
            "backgroundColor": "#1A1A6B"
          }
        },
        "type": "ia.container.flex"
      }
    ],
    "meta": {
      "name": "root"
    },
    "props": {
      "breakpoint": 810
    },
    "type": "ia.container.breakpt"
  }
}