{
  "custom": {},
  "params": {},
  "props": {},
  "root": {
    "children": [
      {
        "meta": {
          "name": "ReportViewer"
        },
        "position": {
          "basis": "700px"
        },
        "propConfig": {
          "meta.visible": {
            "binding": {
              "config": {
                "path": "session.props.auth.authenticated"
              },
              "type": "property"
            }
          }
        },
        "props": {
          "page": 1,
          "pageCount": 1,
          "params": {
            "key": "value"
          },
          "source": "OEE/Pareto_DT"
        },
        "type": "ia.reporting.report-viewer"
      }
    ],
    "meta": {
      "name": "root"
    },
    "props": {
      "direction": "column"
    },
    "type": "ia.container.flex"
  }
}