{
  "custom": {},
  "params": {},
  "props": {
    "defaultSize": {
      "width": 200
    }
  },
  "root": {
    "children": [
      {
        "meta": {
          "name": "MenuTree"
        },
        "position": {
          "grow": 1
        },
        "props": {
          "itemStyle": {
            "backgroundColor": "#FFFFFF",
            "borderBottomLeftRadius": 20,
            "borderBottomRightRadius": 20,
            "borderColor": "#D5D5D5",
            "borderStyle": "groove",
            "borderTopLeftRadius": 20,
            "borderTopRightRadius": 20,
            "borderWidth": 3,
            "cursor": "pointer",
            "fontFamily": "Arial",
            "fontSize": "1dvw",
            "fontWeight": "bolder",
            "opacity": "1",
            "textAlign": "start"
          },
          "items": [
            {
              "backActionText": "",
              "enabled": true,
              "items": [],
              "label": {
                "icon": {
                  "color": "#FF0000",
                  "path": "material/home",
                  "style": {
                    "stroke": "#00D900",
                    "strokeWidth": "1"
                  }
                },
                "text": "HOME"
              },
              "navIcon": {
                "color": "#0000FF",
                "path": "material/arrow_forward"
              },
              "resetOnClick": false,
              "showHeader": true,
              "style": {
                "classes": ""
              },
              "target": "/",
              "visible": true
            },
            {
              "backActionText": "",
              "enabled": true,
              "items": [],
              "label": {
                "icon": {
                  "color": "#FF8C00",
                  "path": "material/table_chart",
                  "style": {
                    "stroke": "#AAAAAA",
                    "strokeWidth": "1"
                  }
                },
                "text": "STATUS"
              },
              "navIcon": {
                "color": "#0000FF",
                "path": "material/arrow_forward"
              },
              "resetOnClick": false,
              "showHeader": true,
              "style": {
                "classes": ""
              },
              "target": "/status_page",
              "visible": true
            },
            {
              "backActionText": "",
              "enabled": true,
              "items": [],
              "label": {
                "icon": {
                  "color": "#000000",
                  "path": "material/view_list",
                  "style": {
                    "stroke": "#D5D5D5",
                    "strokeWidth": "0.5"
                  }
                },
                "text": "COMMON FAIL PARAMETER LIST"
              },
              "navIcon": {
                "color": "#0000FF",
                "path": "material/arrow_forward"
              },
              "resetOnClick": false,
              "showHeader": true,
              "style": {
                "classes": ""
              },
              "target": "/commaon-fail-parametersheet",
              "visible": true
            },
            {
              "backActionText": "",
              "enabled": true,
              "items": [],
              "label": {
                "icon": {
                  "color": "#00AC00",
                  "path": "material/fact_check",
                  "style": {
                    "stroke": "#FFFF47",
                    "strokeWidth": "1"
                  }
                },
                "text": "CHECKLIST"
              },
              "navIcon": {
                "color": "#0000FF",
                "path": "material/arrow_forward"
              },
              "resetOnClick": false,
              "showHeader": true,
              "style": {
                "classes": ""
              },
              "target": "/module",
              "visible": true
            },
            {
              "backActionText": "",
              "enabled": true,
              "items": [],
              "label": {
                "icon": {
                  "color": "#0000AC",
                  "path": "material/engineering",
                  "style": {
                    "stroke": "#C247FF",
                    "strokeWidth": "1"
                  }
                },
                "text": "MASTERS"
              },
              "navIcon": {
                "color": "#0000FF",
                "path": "material/arrow_forward"
              },
              "resetOnClick": false,
              "showHeader": true,
              "style": {
                "classes": ""
              },
              "target": "/Masters",
              "visible": true
            }
          ]
        },
        "type": "ia.navigation.menutree"
      }
    ],
    "meta": {
      "name": "root"
    },
    "props": {
      "direction": "column"
    },
    "type": "ia.container.flex"
  }
}