{
  "custom": {},
  "params": {},
  "props": {},
  "root": {
    "children": [
      {
        "meta": {
          "name": "FlexContainer"
        },
        "position": {
          "height": 600,
          "width": 807,
          "x": 8,
          "y": 4
        },
        "type": "ia.container.flex"
      },
      {
        "events": {
          "dom": {
            "onClick": {
              "config": {
                "script": "\t\t# Define the input values\n\tUser_ID \u003d self.session.props.auth.user.userName\n\tCreated_Date \u003d system.date.format(system.date.now(), \"yyyy-MM-dd HH:mm:ss\")  # Format date for SQL\n\tModified_Date \u003d None  # Set None for NULL\n\tDeleted_Date \u003d None\n\tBusiness_ID \u003d self.getSibling(\"Business_Dropdown\").props.value\n\tBusiness_Name \u003d self.getSibling(\"Business_Dropdown\").custom.BusinessName\n\tPlant_ID \u003d self.getSibling(\"Plant_Dropdown\").props.value\n\tPlant_Name \u003d self.getSibling(\"Plant_Dropdown\").custom.PlantName\n\tCell_ID \u003d self.getSibling(\"Cell_Dropdown\").props.value\n\tCell_Name \u003d self.getSibling(\"Cell_Dropdown\").custom.CellName\n\tLine_ID \u003d self.getSibling(\"Line_Dropdown\").props.value\n\tLine_Name \u003d self.getSibling(\"Line_Dropdown\").custom.LineName\n\tMachine_ID \u003d self.getSibling(\"Machine_Dropdown\").props.value\n\tMachine_Name \u003d self.getSibling(\"Machine_Dropdown\").custom.MachineName\n\tMachine_Code \u003d self.getSibling(\"MachineCode\").props.text\n\tMachine_Type \u003d self.getSibling(\"MachineType_TextArea\").props.text\n\tDept_ID \u003d 1\n\tDept_Name \u003d \"PLE\"\n\tProject_ID \u003d 1\n\tProject_Name \u003d \"OEE\"\n\tStatus \u003d \"Live\"\n\tModified_ID \u003d None\n\tData_Tracking \u003d 1\n\tData_Visibility \u003d 1\n\t\n\t# Run the query\n\ttry:\n\t    query \u003d \"\"\"\n\t    INSERT INTO STD_Master (\n\t        User_ID, Created_Date, Modified_Date, Deleted_Date, Business_ID, Business_Name,\n\t        Plant_ID, Plant_Name, Cell_ID, Cell_Name, Line_ID, Line_Name,\n\t        Machine_ID, Machine_Name, Machine_Code, Machine_Type, Dept_ID, Dept_Name,\n\t        Project_ID, Project_Name, Status, Modified_ID, Data_Tracking, Data_Visibility\n\t    )\n\t    VALUES (?, ?, ?, ?, ?, ?, ?, ?, ?, ?, ?, ?, ?, ?, ?, ?, ?, ?, ?, ?, ?, ?, ?, ?)\n\t    \"\"\"\n\t    \n\t    # Parameters to insert\n\t    params \u003d [\n\t        User_ID, Created_Date, Modified_Date, Deleted_Date, Business_ID, Business_Name,\n\t        Plant_ID, Plant_Name, Cell_ID, Cell_Name, Line_ID, Line_Name,\n\t        Machine_ID, Machine_Name, Machine_Code, Machine_Type, Dept_ID, Dept_Name,\n\t        Project_ID, Project_Name, Status, Modified_ID, Data_Tracking, Data_Visibility\n\t    ]\n\t    \n\t    # Execute the query\n\t    system.db.runPrepUpdate(query, params, \"Master\")\n\t    \n\texcept Exception as e:\n\t    system.gui.errorBox(\"Error inserting data:\\n\" + str(e))"
              },
              "scope": "G",
              "type": "script"
            }
          }
        },
        "meta": {
          "name": "ADD_Button"
        },
        "position": {
          "height": 34,
          "width": 80,
          "x": 349,
          "y": 534
        },
        "props": {
          "text": "Add"
        },
        "type": "ia.input.button"
      },
      {
        "meta": {
          "name": "Business_Dropdown"
        },
        "position": {
          "height": 36,
          "width": 129,
          "x": 21.4,
          "y": 28
        },
        "propConfig": {
          "custom.BusinessName": {
            "binding": {
              "config": {
                "parameters": {
                  "BusinessID": "{this.props.value}"
                },
                "queryPath": "Common/GetBusinessName",
                "returnFormat": "scalar"
              },
              "type": "query"
            }
          },
          "props.options": {
            "binding": {
              "config": {
                "queryPath": "Common/GetBusinessDetails",
                "returnFormat": "dataset"
              },
              "type": "query"
            }
          }
        },
        "props": {
          "text": "value",
          "value": 4
        },
        "type": "ia.input.dropdown"
      },
      {
        "events": {
          "dom": {
            "onClick": {
              "config": {
                "script": "\t\t\t# Define the input values\n\tUser_ID \u003d 16057\n\tCreated_Date \u003d None # Set None for NULL\n\tModified_Date \u003d system.date.format(system.date.now(), \"yyyy-MM-dd HH:mm:ss\")  # Format date for SQL  \n\tDeleted_Date \u003d None\n\tBusiness_ID \u003d 4\n\tBusiness_Name \u003d \"ZRAISGD\"\n\tPlant_ID \u003d 2\n\tPlant_Name \u003d \"Plant-2\"\n\tCell_ID \u003d 1\n\tCell_Name \u003d \"CELL -A\"\n\tLine_ID \u003d 1\n\tLine_Name \u003d \"7LPM\"\n\tMachine_ID \u003d 1\n\tMachine_Name \u003d \"Makino-41\"\n\tMachine_Code \u003d \"4020101001\"\n\tMachine_Type \u003d \"CNC\"\n\tDept_ID \u003d 1\n\tDept_Name \u003d \"PLE\"\n\tProject_ID \u003d 1\n\tProject_Name \u003d \"OEE\"\n\tStatus \u003d \"Live\"\n\tModified_ID \u003d 1\n\tData_Tracking \u003d 1\n\tData_Visibility \u003d 1\n\t\n\t# Run the query\n\ttry:\n\t    query \u003d \"\"\"\n\t    INSERT INTO STD_Master (\n\t        User_ID, Created_Date, Modified_Date, Deleted_Date, Business_ID, Business_Name,\n\t        Plant_ID, Plant_Name, Cell_ID, Cell_Name, Line_ID, Line_Name,\n\t        Machine_ID, Machine_Name, Machine_Code, Machine_Type, Dept_ID, Dept_Name,\n\t        Project_ID, Project_Name, Status, Modified_ID, Data_Tracking, Data_Visibility\n\t    )\n\t    VALUES (?, ?, ?, ?, ?, ?, ?, ?, ?, ?, ?, ?, ?, ?, ?, ?, ?, ?, ?, ?, ?, ?, ?, ?)\n\t    \"\"\"\n\t    \n\t    # Parameters to insert\n\t    params \u003d [\n\t        User_ID, Created_Date, Modified_Date, Deleted_Date, Business_ID, Business_Name,\n\t        Plant_ID, Plant_Name, Cell_ID, Cell_Name, Line_ID, Line_Name,\n\t        Machine_ID, Machine_Name, Machine_Code, Machine_Type, Dept_ID, Dept_Name,\n\t        Project_ID, Project_Name, Status, Modified_ID, Data_Tracking, Data_Visibility\n\t    ]\n\t    \n\t    # Execute the query\n\t    system.db.runPrepUpdate(query, params, \"Master\")\n\t    \n\texcept Exception as e:\n\t    system.gui.errorBox(\"Error inserting data:\\n\" + str(e))"
              },
              "scope": "G",
              "type": "script"
            }
          }
        },
        "meta": {
          "name": "Edit_Button"
        },
        "position": {
          "height": 34,
          "width": 80,
          "x": 447.4,
          "y": 534
        },
        "props": {
          "text": "Edit"
        },
        "type": "ia.input.button"
      },
      {
        "events": {
          "dom": {
            "onClick": {
              "config": {
                "script": "\tUser_ID \u003d 16057\n\tCreated_Date \u003d None # Set None for NULL\n\tModified_Date \u003d None # Set None for NULL\n\tDeleted_Date \u003d system.date.format(system.date.now(), \"yyyy-MM-dd HH:mm:ss\")  # Format date for SQL  \n\tMachine_Code \u003d \"4020101001\"\t\n\tsystem.db.runPrepUpdate(\"Delete From STD_Master where Machine_Code \u003d ?\",[ Machine_Code],\"Master\")\n\t"
              },
              "scope": "G",
              "type": "script"
            }
          }
        },
        "meta": {
          "name": "Delete_Button"
        },
        "position": {
          "height": 34,
          "width": 80,
          "x": 540.9999908447265,
          "y": 534
        },
        "props": {
          "text": "Delete"
        },
        "type": "ia.input.button"
      },
      {
        "meta": {
          "name": "Plant_Dropdown"
        },
        "position": {
          "height": 36,
          "width": 121,
          "x": 174.4,
          "y": 28
        },
        "propConfig": {
          "custom.PlantName": {
            "binding": {
              "config": {
                "parameters": {
                  "PlantID": "{this.props.value}"
                },
                "queryPath": "Common/GetPlantName",
                "returnFormat": "scalar"
              },
              "type": "query"
            }
          },
          "props.options": {
            "binding": {
              "config": {
                "parameters": {
                  "BusinessID": "{../Business_Dropdown.props.value}",
                  "ProjectID": "{session.custom.ProjectID_OEE}"
                },
                "queryPath": "Common/GetPlantDetails",
                "returnFormat": "dataset"
              },
              "type": "query"
            }
          }
        },
        "props": {
          "text": "value",
          "value": 2
        },
        "type": "ia.input.dropdown"
      },
      {
        "meta": {
          "name": "Cell_Dropdown"
        },
        "position": {
          "height": 36,
          "width": 121,
          "x": 308.4,
          "y": 28
        },
        "propConfig": {
          "custom.CellName": {
            "binding": {
              "config": {
                "parameters": {
                  "BusinessID": "{../Business_Dropdown.props.value}",
                  "PlantID": "{../Plant_Dropdown.props.value}"
                },
                "queryPath": "Common/GetCellName",
                "returnFormat": "scalar"
              },
              "type": "query"
            }
          },
          "props.options": {
            "binding": {
              "config": {
                "parameters": {
                  "BusinessID": "{../Business_Dropdown.props.value}",
                  "PlantID": "{../Plant_Dropdown.props.value}"
                },
                "queryPath": "Common/GetCellDetails",
                "returnFormat": "dataset"
              },
              "type": "query"
            }
          }
        },
        "props": {
          "text": "value",
          "value": 1
        },
        "type": "ia.input.dropdown"
      },
      {
        "meta": {
          "name": "Line_Dropdown"
        },
        "position": {
          "height": 36,
          "width": 121,
          "x": 447.79999389648435,
          "y": 28
        },
        "propConfig": {
          "custom.LineName": {
            "binding": {
              "config": {
                "parameters": {
                  "BusinessID": "{../Business_Dropdown.props.value}",
                  "CellID": "{../Cell_Dropdown.props.value}",
                  "PlantID": "{../Plant_Dropdown.props.value}"
                },
                "queryPath": "Common/GetLineName",
                "returnFormat": "scalar"
              },
              "type": "query"
            }
          },
          "props.options": {
            "binding": {
              "config": {
                "parameters": {
                  "BusinessID": "{../Business_Dropdown.props.value}",
                  "CellID": "{../Cell_Dropdown.props.value}",
                  "PlantID": "{../Plant_Dropdown.props.value}"
                },
                "queryPath": "Common/GetLineDetails"
              },
              "type": "query"
            }
          }
        },
        "props": {
          "text": "value",
          "value": 1
        },
        "type": "ia.input.dropdown"
      },
      {
        "events": {
          "dom": {
            "onClick": {
              "config": {
                "script": "\t\tBusiness_ID \u003d self.getSibling(\"Business_Dropdown\").props.value\n\t\tPlant_ID \u003d self.getSibling(\"Plant_Dropdown\").props.value\n\t\tCell_ID \u003d self.getSibling(\"Cell_Dropdown\").props.value\n\t\tLine_ID \u003d self.getSibling(\"Line_Dropdown\").props.value\n\t\tMachine_ID \u003d self.getSibling(\"Machine_Dropdown\").props.value\n\t\t\n\t\t# Ensure values are not None, convert to strings, and apply zero-padding\n\t\tBusiness_ID \u003d str(Business_ID).zfill(1) if Business_ID is not None else \"0\"\n\t\tPlant_ID \u003d str(Plant_ID).zfill(2) if Plant_ID is not None else \"00\"\n\t\tCell_ID \u003d str(Cell_ID).zfill(2) if Cell_ID is not None else \"00\"\n\t\tLine_ID \u003d str(Line_ID).zfill(2) if Line_ID is not None else \"00\"\n\t\tMachine_ID \u003d str(Machine_ID).zfill(3) if Machine_ID is not None else \"000\"\n\t\t\n\t\t# Format MachineCode with brackets and spacing\n\t\tMachineCode \u003d str(Business_ID)+ str(Plant_ID)+ str(Cell_ID)+ str(Line_ID)+ str(Machine_ID)\n\t\t\n\t\t# Set the MachineCode text property\n\t\tself.getSibling(\"MachineCode\").props.text \u003d MachineCode"
              },
              "scope": "G",
              "type": "script"
            }
          }
        },
        "meta": {
          "name": "Machine_Dropdown"
        },
        "position": {
          "height": 36,
          "width": 121,
          "x": 585.8,
          "y": 28
        },
        "propConfig": {
          "custom.MachineName": {
            "binding": {
              "config": {
                "parameters": {
                  "BusinessID": "{../Business_Dropdown.props.value}",
                  "CellID": "{../Cell_Dropdown.props.value}",
                  "LineID": "{../Line_Dropdown.props.value}",
                  "PlantID": "{../Plant_Dropdown.props.value}"
                },
                "queryPath": "Common/GetMachineName",
                "returnFormat": "scalar"
              },
              "type": "query"
            }
          },
          "props.options": {
            "binding": {
              "config": {
                "parameters": {
                  "BusinessID": "{../Business_Dropdown.props.value}",
                  "CellID": "{../Cell_Dropdown.props.value}",
                  "LineID": "{../Line_Dropdown.props.value}",
                  "PlantID": "{../Plant_Dropdown.props.value}"
                },
                "queryPath": "Common/GetMachineDetails"
              },
              "type": "query"
            }
          }
        },
        "props": {
          "text": "value",
          "value": 1
        },
        "type": "ia.input.dropdown"
      },
      {
        "meta": {
          "name": "MachineCode"
        },
        "position": {
          "height": 32,
          "width": 116,
          "x": 27.900001525878906,
          "y": 93
        },
        "props": {
          "style": {
            "borderStyle": "solid"
          },
          "text": "4020101001"
        },
        "type": "ia.display.label"
      },
      {
        "meta": {
          "name": "MachineTypeLabel"
        },
        "position": {
          "height": 32,
          "width": 116,
          "x": 176.80000915527344,
          "y": 93
        },
        "props": {
          "style": {
            "borderStyle": "solid"
          },
          "text": "Machine Type"
        },
        "type": "ia.display.label"
      },
      {
        "meta": {
          "name": "MachineType_TextArea"
        },
        "position": {
          "height": 38,
          "width": 116,
          "x": 313,
          "y": 87
        },
        "props": {
          "text": "CNC"
        },
        "type": "ia.input.text-area"
      },
      {
        "meta": {
          "name": "Department_Dropdown"
        },
        "position": {
          "height": 36,
          "width": 121,
          "x": 447.1999938964844,
          "y": 89
        },
        "propConfig": {
          "custom.LineName": {
            "binding": {
              "config": {
                "parameters": {
                  "BusinessID": "{../Business_Dropdown.props.value}",
                  "CellID": "{../Cell_Dropdown.props.value}",
                  "PlantID": "{../Plant_Dropdown.props.value}"
                },
                "queryPath": "Common/GetLineName",
                "returnFormat": "scalar"
              },
              "type": "query"
            }
          },
          "props.options": {
            "binding": {
              "config": {
                "parameters": {
                  "BusinessID": "{../Business_Dropdown.props.value}",
                  "CellID": "{../Cell_Dropdown.props.value}",
                  "LineID": "{../Line_Dropdown.props.value}",
                  "MachineID": "{../Machine_Dropdown.props.value}",
                  "PlantID": "{../Plant_Dropdown.props.value}"
                },
                "queryPath": "Common/GetDepartmentDetails"
              },
              "type": "query"
            }
          }
        },
        "props": {
          "text": "value",
          "value": 1
        },
        "type": "ia.input.dropdown"
      }
    ],
    "meta": {
      "name": "root"
    },
    "type": "ia.container.coord"
  }
}