{
  "custom": {},
  "params": {},
  "props": {
    "defaultSize": {
      "width": 1200
    }
  },
  "root": {
    "children": [
      {
        "children": [
          {
            "events": {
              "component": {
                "onRowClick": {
                  "config": {
                    "script": "\tself.session.custom.Params.PLANT \u003d self.props.selection.data[0].label\n\tself.session.custom.Params.PLANT_ID \u003d self.props.selection.data[0].ID"
                  },
                  "scope": "G",
                  "type": "script"
                }
              }
            },
            "meta": {
              "name": "Table"
            },
            "position": {
              "basis": "20%",
              "grow": 1
            },
            "propConfig": {
              "custom.PLANT": {
                "binding": {
                  "config": {
                    "path": "this.props.selection.data[0].PLANT"
                  },
                  "type": "property"
                },
                "onChange": {
                  "enabled": null,
                  "script": "\tself.parent.getChild(\"FlexContainer\").getChild(\"Header_Containor\").getChild(\"Header\").getChild(\"Plant\").props.text \u003d currentValue.value"
                }
              },
              "custom.PLANT_ID": {
                "binding": {
                  "config": {
                    "path": "this.props.selection.data[0].PLANT_ID"
                  },
                  "type": "property"
                }
              },
              "props.data": {
                "binding": {
                  "config": {
                    "path": "session.custom.CP_User_Management.Roles"
                  },
                  "transforms": [
                    {
                      "code": "\treturn Common_Portal.User.Plant_DD(self.session.custom.CP_User_Management.BG_ID, value)",
                      "type": "script"
                    }
                  ],
                  "type": "property"
                }
              }
            },
            "props": {
              "cells": {
                "allowEditOn": "long-press"
              },
              "columns": [
                {
                  "align": "center",
                  "boolean": "checkbox",
                  "dateFormat": "MM/DD/YYYY",
                  "editable": false,
                  "field": "label",
                  "filter": {
                    "boolean": {
                      "condition": ""
                    },
                    "date": {
                      "condition": "",
                      "value": ""
                    },
                    "enabled": true,
                    "number": {
                      "condition": "",
                      "value": ""
                    },
                    "string": {
                      "condition": "",
                      "value": ""
                    },
                    "visible": "always"
                  },
                  "footer": {
                    "align": "center",
                    "justify": "left",
                    "style": {
                      "classes": ""
                    },
                    "title": ""
                  },
                  "header": {
                    "align": "center",
                    "justify": "center",
                    "style": {
                      "classes": ""
                    },
                    "title": "LINE"
                  },
                  "justify": "center",
                  "nullFormat": {
                    "includeNullStrings": false,
                    "nullFormatValue": "",
                    "strict": false
                  },
                  "number": "value",
                  "numberFormat": "0,0.##",
                  "progressBar": {
                    "bar": {
                      "color": "",
                      "style": {
                        "classes": ""
                      }
                    },
                    "max": 100,
                    "min": 0,
                    "track": {
                      "color": "",
                      "style": {
                        "classes": ""
                      }
                    },
                    "value": {
                      "enabled": true,
                      "format": "0,0.##",
                      "justify": "center",
                      "style": {
                        "classes": ""
                      }
                    }
                  },
                  "render": "string",
                  "resizable": true,
                  "sort": "none",
                  "sortable": true,
                  "strictWidth": false,
                  "style": {
                    "backgroundColor": "#000080",
                    "borderBottomLeftRadius": 25,
                    "borderBottomRightRadius": 25,
                    "borderColor": "#D5D5D5",
                    "borderStyle": "inset",
                    "borderTopLeftRadius": 25,
                    "borderTopRightRadius": 25,
                    "borderWidth": 5,
                    "classes": "",
                    "color": "#FFFFFF",
                    "fontFamily": "Arial",
                    "fontSize": "1.2dvw",
                    "fontWeight": "bolder",
                    "paddingBottom": 20,
                    "paddingTop": 20
                  },
                  "toggleSwitch": {
                    "color": {
                      "selected": "",
                      "unselected": ""
                    }
                  },
                  "viewParams": {},
                  "viewPath": "",
                  "visible": true,
                  "width": ""
                },
                {
                  "align": "center",
                  "boolean": "checkbox",
                  "dateFormat": "MM/DD/YYYY",
                  "editable": false,
                  "field": "ID",
                  "filter": {
                    "boolean": {
                      "condition": ""
                    },
                    "date": {
                      "condition": "",
                      "value": ""
                    },
                    "enabled": false,
                    "number": {
                      "condition": "",
                      "value": ""
                    },
                    "string": {
                      "condition": "",
                      "value": ""
                    },
                    "visible": "on-hover"
                  },
                  "footer": {
                    "align": "center",
                    "justify": "left",
                    "style": {
                      "classes": ""
                    },
                    "title": ""
                  },
                  "header": {
                    "align": "center",
                    "justify": "left",
                    "style": {
                      "classes": ""
                    },
                    "title": ""
                  },
                  "justify": "auto",
                  "nullFormat": {
                    "includeNullStrings": false,
                    "nullFormatValue": "",
                    "strict": false
                  },
                  "number": "value",
                  "numberFormat": "0,0.##",
                  "progressBar": {
                    "bar": {
                      "color": "",
                      "style": {
                        "classes": ""
                      }
                    },
                    "max": 100,
                    "min": 0,
                    "track": {
                      "color": "",
                      "style": {
                        "classes": ""
                      }
                    },
                    "value": {
                      "enabled": true,
                      "format": "0,0.##",
                      "justify": "center",
                      "style": {
                        "classes": ""
                      }
                    }
                  },
                  "render": "auto",
                  "resizable": true,
                  "sort": "none",
                  "sortable": true,
                  "strictWidth": false,
                  "style": {
                    "classes": ""
                  },
                  "toggleSwitch": {
                    "color": {
                      "selected": "",
                      "unselected": ""
                    }
                  },
                  "viewParams": {},
                  "viewPath": "",
                  "visible": false,
                  "width": ""
                }
              ],
              "dragOrderable": false,
              "enableHeader": false,
              "filter": {
                "enabled": true,
                "style": {
                  "backgroundColor": "#FF4747",
                  "borderBottomLeftRadius": 15,
                  "borderBottomRightRadius": 15,
                  "borderStyle": "none",
                  "borderTopLeftRadius": 15,
                  "borderTopRightRadius": 15,
                  "cursor": "text",
                  "fontSize": "1.2dvw",
                  "marginBottom": 5,
                  "marginTop": 5,
                  "textAlign": "center"
                }
              },
              "pager": {
                "bottom": false,
                "initialOption": 1000
              },
              "rows": {
                "highlight": {
                  "color": "#FFFF47"
                },
                "style": {
                  "backgroundColor": "#FFFFFF",
                  "color": "#000000",
                  "fontFamily": "Arial",
                  "fontSize": "1.2dvw"
                }
              },
              "style": {
                "backgroundColor": "#FFFFFF",
                "borderBottomLeftRadius": 5,
                "borderBottomRightRadius": 5,
                "borderColor": "#D5D5D5",
                "borderStyle": "inset",
                "borderTopLeftRadius": 5,
                "borderTopRightRadius": 5,
                "borderWidth": 3,
                "paddingBottom": 5,
                "paddingLeft": 5,
                "paddingRight": 5,
                "paddingTop": 5
              }
            },
            "type": "ia.display.table"
          },
          {
            "children": [
              {
                "children": [
                  {
                    "children": [
                      {
                        "meta": {
                          "name": "Plant_Label"
                        },
                        "position": {
                          "shrink": 0
                        },
                        "props": {
                          "style": {
                            "backgroundColor": "#0000AC",
                            "borderBottomLeftRadius": 15,
                            "borderColor": "#D5D5D5",
                            "borderStyle": "groove",
                            "borderTopLeftRadius": 15,
                            "color": "#FFFFFF",
                            "fontFamily": "Arial",
                            "fontSize": "1.2dvw",
                            "fontWeight": "bolder",
                            "marginLeft": 10,
                            "paddingBottom": 10,
                            "paddingLeft": 15,
                            "paddingRight": 15,
                            "paddingTop": 10,
                            "textAlign": "center"
                          },
                          "text": "PLANT"
                        },
                        "type": "ia.display.label"
                      },
                      {
                        "meta": {
                          "name": "Plant"
                        },
                        "position": {
                          "shrink": 0
                        },
                        "props": {
                          "style": {
                            "backgroundColor": "#808080",
                            "borderBottomRightRadius": 15,
                            "borderColor": "#D5D5D5",
                            "borderStyle": "groove",
                            "borderTopRightRadius": 15,
                            "color": "#FFFFFF",
                            "fontFamily": "Arial",
                            "fontSize": "1.2dvw",
                            "fontWeight": "bolder",
                            "marginRight": 10,
                            "paddingBottom": 10,
                            "paddingLeft": 15,
                            "paddingRight": 15,
                            "paddingTop": 10,
                            "textAlign": "center"
                          },
                          "text": null
                        },
                        "type": "ia.display.label"
                      },
                      {
                        "meta": {
                          "name": "DEPT_Label"
                        },
                        "position": {
                          "shrink": 0
                        },
                        "props": {
                          "style": {
                            "backgroundColor": "#0000AC",
                            "borderBottomLeftRadius": 15,
                            "borderColor": "#D5D5D5",
                            "borderStyle": "groove",
                            "borderTopLeftRadius": 15,
                            "color": "#FFFFFF",
                            "fontFamily": "Arial",
                            "fontSize": "1.2dvw",
                            "fontWeight": "bolder",
                            "marginLeft": 10,
                            "paddingBottom": 10,
                            "paddingLeft": 15,
                            "paddingRight": 15,
                            "paddingTop": 10,
                            "textAlign": "center"
                          },
                          "text": "DEPT"
                        },
                        "type": "ia.display.label"
                      },
                      {
                        "meta": {
                          "name": "DEPT"
                        },
                        "position": {
                          "shrink": 0
                        },
                        "props": {
                          "style": {
                            "backgroundColor": "#808080",
                            "borderBottomRightRadius": 15,
                            "borderColor": "#D5D5D5",
                            "borderStyle": "groove",
                            "borderTopRightRadius": 15,
                            "color": "#FFFFFF",
                            "fontFamily": "Arial",
                            "fontSize": "1.2dvw",
                            "fontWeight": "bolder",
                            "marginRight": 10,
                            "paddingBottom": 10,
                            "paddingLeft": 15,
                            "paddingRight": 15,
                            "paddingTop": 10,
                            "textAlign": "center"
                          },
                          "text": null
                        },
                        "type": "ia.display.label"
                      }
                    ],
                    "meta": {
                      "name": "Header"
                    },
                    "position": {
                      "grow": 1,
                      "shrink": 0
                    },
                    "props": {
                      "justify": "center",
                      "style": {
                        "paddingBottom": 5,
                        "paddingTop": 5
                      }
                    },
                    "type": "ia.container.flex"
                  },
                  {
                    "events": {
                      "dom": {
                        "onClick": {
                          "config": {
                            "params": {},
                            "view": "PMC/Interface/Module and submodule"
                          },
                          "scope": "C",
                          "type": "nav"
                        }
                      }
                    },
                    "meta": {
                      "name": "Icon"
                    },
                    "position": {
                      "basis": "5%",
                      "shrink": 0
                    },
                    "props": {
                      "path": "material/assignment_return"
                    },
                    "type": "ia.display.icon"
                  }
                ],
                "meta": {
                  "name": "Header_Containor"
                },
                "position": {
                  "basis": "8%",
                  "shrink": 0
                },
                "props": {
                  "justify": "center",
                  "style": {
                    "borderColor": "#AAAAAA",
                    "borderStyle": "ridge"
                  }
                },
                "type": "ia.container.flex"
              },
              {
                "events": {
                  "component": {
                    "onRowClick": {
                      "config": {
                        "script": "\tself.session.custom.Params.DEPT \u003d self.props.selection.data[0].DEPT\n\tself.session.custom.Params.DEPT_ID \u003d self.props.selection.data[0].DEPT_ID\n\tsystem.perspective.navigate(view \u003d \u0027PMC/Interface/Line_and_Machine_Page\u0027)"
                      },
                      "scope": "G",
                      "type": "script"
                    }
                  }
                },
                "meta": {
                  "name": "Table"
                },
                "position": {
                  "grow": 1,
                  "shrink": 0
                },
                "propConfig": {
                  "custom.DEPT": {
                    "binding": {
                      "config": {
                        "path": "this.props.selection.data[0].DEPT"
                      },
                      "type": "property"
                    },
                    "onChange": {
                      "enabled": null,
                      "script": "\tself.parent.getChild(\"Header_Containor\").getChild(\"Header\").getChild(\"DEPT\").props.text \u003d currentValue.value"
                    }
                  },
                  "custom.DEPT_ID": {
                    "binding": {
                      "config": {
                        "path": "this.props.selection.data[0].DEPT_ID"
                      },
                      "type": "property"
                    }
                  },
                  "props.data": {
                    "binding": {
                      "config": {
                        "parameters": {
                          "column": "\"DEPT, DEPT_ID\"",
                          "condition": "\"GROUP BY DEPT, DEPT_ID ORDER BY DEPT_ID\"",
                          "table": "\"SUB_MODULE_TABLE\"",
                          "where": "\"BG \u003d \u0027\"+{session.custom.CP_User_Management.BG_Name}+\"\u0027 AND BG_ID \u003d \"+{session.custom.CP_User_Management.BG_ID}+\" AND PLANT \u003d \u0027\"+{session.custom.Params.PLANT}+\"\u0027 AND PLANT_ID \u003d \"+{session.custom.Params.PLANT_ID}+\" AND MODULE \u003d \u0027\"+{session.custom.Params.MODULE}+\"\u0027 AND MODULE_ID \u003d \"+{session.custom.Params.MODULE_ID}+\" AND SUB_MODULE \u003d \u0027\"+{session.custom.Params.SUB_MODULE}+\"\u0027 AND SUB_MODULE_ID \u003d \"+{session.custom.Params.SUB_MODULE_ID}"
                        },
                        "queryPath": "PMC/NEW_TEST/ACTIONS/SELECT_WITH_CONDITION"
                      },
                      "type": "query"
                    }
                  }
                },
                "props": {
                  "cells": {
                    "allowEditOn": "long-press"
                  },
                  "columns": [
                    {
                      "align": "center",
                      "boolean": "checkbox",
                      "dateFormat": "MM/DD/YYYY",
                      "editable": false,
                      "field": "DEPT",
                      "filter": {
                        "boolean": {
                          "condition": ""
                        },
                        "date": {
                          "condition": "",
                          "value": ""
                        },
                        "enabled": true,
                        "number": {
                          "condition": "",
                          "value": ""
                        },
                        "string": {
                          "condition": "",
                          "value": ""
                        },
                        "visible": "always"
                      },
                      "footer": {
                        "align": "center",
                        "justify": "left",
                        "style": {
                          "classes": ""
                        },
                        "title": ""
                      },
                      "header": {
                        "align": "center",
                        "justify": "center",
                        "style": {
                          "classes": ""
                        },
                        "title": "LINE"
                      },
                      "justify": "right",
                      "nullFormat": {
                        "includeNullStrings": false,
                        "nullFormatValue": "",
                        "strict": false
                      },
                      "number": "value",
                      "numberFormat": "0,0.##",
                      "progressBar": {
                        "bar": {
                          "color": "",
                          "style": {
                            "classes": ""
                          }
                        },
                        "max": 100,
                        "min": 0,
                        "track": {
                          "color": "",
                          "style": {
                            "classes": ""
                          }
                        },
                        "value": {
                          "enabled": true,
                          "format": "0,0.##",
                          "justify": "center",
                          "style": {
                            "classes": ""
                          }
                        }
                      },
                      "render": "string",
                      "resizable": true,
                      "sort": "none",
                      "sortable": true,
                      "strictWidth": false,
                      "style": {
                        "backgroundColor": "#000080",
                        "borderBottomColor": "#D5D5D5",
                        "borderBottomLeftRadius": 25,
                        "borderBottomStyle": "inset",
                        "borderBottomWidth": 5,
                        "borderLeftColor": "#D5D5D5",
                        "borderLeftStyle": "inset",
                        "borderLeftWidth": 5,
                        "borderRightColor": "#D5D5D5",
                        "borderRightStyle": "none",
                        "borderRightWidth": 5,
                        "borderTopColor": "#D5D5D5",
                        "borderTopLeftRadius": 25,
                        "borderTopStyle": "inset",
                        "borderTopWidth": 5,
                        "classes": "",
                        "color": "#FFFFFF",
                        "fontFamily": "Arial",
                        "fontSize": "1.2dvw",
                        "fontWeight": "bolder",
                        "paddingBottom": 20,
                        "paddingLeft": 20,
                        "paddingRight": 2.5,
                        "paddingTop": 20
                      },
                      "toggleSwitch": {
                        "color": {
                          "selected": "",
                          "unselected": ""
                        }
                      },
                      "viewParams": {},
                      "viewPath": "",
                      "visible": true,
                      "width": ""
                    },
                    {
                      "align": "center",
                      "boolean": "checkbox",
                      "dateFormat": "MM/DD/YYYY",
                      "editable": false,
                      "field": "DEPT_ID",
                      "filter": {
                        "boolean": {
                          "condition": ""
                        },
                        "date": {
                          "condition": "",
                          "value": ""
                        },
                        "enabled": true,
                        "number": {
                          "condition": "",
                          "value": ""
                        },
                        "string": {
                          "condition": "",
                          "value": ""
                        },
                        "visible": "always"
                      },
                      "footer": {
                        "align": "center",
                        "justify": "left",
                        "style": {
                          "classes": ""
                        },
                        "title": ""
                      },
                      "header": {
                        "align": "center",
                        "justify": "center",
                        "style": {
                          "classes": ""
                        },
                        "title": "LINE"
                      },
                      "justify": "left",
                      "nullFormat": {
                        "includeNullStrings": false,
                        "nullFormatValue": "",
                        "strict": false
                      },
                      "number": "value",
                      "numberFormat": "0,0.##",
                      "progressBar": {
                        "bar": {
                          "color": "",
                          "style": {
                            "classes": ""
                          }
                        },
                        "max": 100,
                        "min": 0,
                        "track": {
                          "color": "",
                          "style": {
                            "classes": ""
                          }
                        },
                        "value": {
                          "enabled": true,
                          "format": "0,0.##",
                          "justify": "center",
                          "style": {
                            "classes": ""
                          }
                        }
                      },
                      "render": "string",
                      "resizable": true,
                      "sort": "none",
                      "sortable": true,
                      "strictWidth": false,
                      "style": {
                        "backgroundColor": "#000080",
                        "borderBottomColor": "#D5D5D5",
                        "borderBottomRightRadius": 25,
                        "borderBottomStyle": "inset",
                        "borderBottomWidth": 5,
                        "borderLeftColor": "#D5D5D5",
                        "borderLeftStyle": "none",
                        "borderLeftWidth": 5,
                        "borderRightColor": "#D5D5D5",
                        "borderRightStyle": "inset",
                        "borderRightWidth": 5,
                        "borderTopColor": "#D5D5D5",
                        "borderTopRightRadius": 25,
                        "borderTopStyle": "inset",
                        "borderTopWidth": 5,
                        "classes": "",
                        "color": "#FFFFFF",
                        "fontFamily": "Arial",
                        "fontSize": "1.2dvw",
                        "fontWeight": "bolder",
                        "paddingBottom": 20,
                        "paddingLeft": 2.5,
                        "paddingTop": 20
                      },
                      "toggleSwitch": {
                        "color": {
                          "selected": "",
                          "unselected": ""
                        }
                      },
                      "viewParams": {},
                      "viewPath": "",
                      "visible": true,
                      "width": ""
                    }
                  ],
                  "dragOrderable": false,
                  "enableHeader": false,
                  "filter": {
                    "enabled": true,
                    "style": {
                      "backgroundColor": "#AAAAAA",
                      "borderBottomLeftRadius": 15,
                      "borderBottomRightRadius": 15,
                      "borderStyle": "none",
                      "borderTopLeftRadius": 15,
                      "borderTopRightRadius": 15,
                      "cursor": "text",
                      "fontSize": "1.2dvw",
                      "marginBottom": 5,
                      "marginTop": 5,
                      "textAlign": "center"
                    }
                  },
                  "pager": {
                    "bottom": false,
                    "initialOption": 1000
                  },
                  "rows": {
                    "highlight": {
                      "color": "#FFFF47"
                    },
                    "style": {
                      "backgroundColor": "#FFFFFF",
                      "color": "#000000",
                      "fontFamily": "Arial",
                      "fontSize": "1.2dvw"
                    }
                  },
                  "style": {
                    "backgroundColor": "#FFFFFF",
                    "borderBottomLeftRadius": 5,
                    "borderBottomRightRadius": 5,
                    "borderColor": "#D5D5D5",
                    "borderStyle": "inset",
                    "borderTopLeftRadius": 5,
                    "borderTopRightRadius": 5,
                    "borderWidth": 3,
                    "paddingBottom": 5,
                    "paddingLeft": 5,
                    "paddingRight": 5,
                    "paddingTop": 5
                  }
                },
                "type": "ia.display.table"
              }
            ],
            "meta": {
              "name": "FlexContainer"
            },
            "position": {
              "basis": "80%",
              "grow": 1
            },
            "props": {
              "direction": "column"
            },
            "type": "ia.container.flex"
          }
        ],
        "meta": {
          "name": "FlexContainer"
        },
        "position": {
          "basis": "200px",
          "grow": 1
        },
        "type": "ia.container.flex"
      }
    ],
    "meta": {
      "name": "root"
    },
    "props": {
      "direction": "column",
      "style": {
        "backgroundColor": "#FFFFFF"
      }
    },
    "type": "ia.container.flex"
  }
}