{
  "custom": {},
  "params": {
    "BG": "",
    "BG_ID": "",
    "LINE": "",
    "LINE_ID": 0,
    "LINE_ID_ID": 0,
    "MACHINE": "",
    "MACHINE_CODE": 0,
    "MACHINE_ID": 0,
    "MACHINE_ID_ID": 0,
    "MACHINE_TYPE": "",
    "PLANT": "",
    "PLANT_ID": 0,
    "PLANT_ID_ID": 0
  },
  "propConfig": {
    "params.BG": {
      "binding": {
        "config": {
          "path": "session.custom.CP_User_Management.BG_Name"
        },
        "type": "property"
      },
      "paramDirection": "inout",
      "persistent": true
    },
    "params.BG_ID": {
      "binding": {
        "config": {
          "path": "session.custom.CP_User_Management.BG_ID"
        },
        "type": "property"
      },
      "paramDirection": "inout",
      "persistent": true
    },
    "params.LINE": {
      "paramDirection": "input",
      "persistent": true
    },
    "params.LINE_ID": {
      "paramDirection": "input",
      "persistent": true
    },
    "params.LINE_ID_ID": {
      "paramDirection": "input",
      "persistent": true
    },
    "params.MACHINE": {
      "paramDirection": "input",
      "persistent": true
    },
    "params.MACHINE_CODE": {
      "paramDirection": "input",
      "persistent": true
    },
    "params.MACHINE_ID": {
      "paramDirection": "input",
      "persistent": true
    },
    "params.MACHINE_ID_ID": {
      "paramDirection": "input",
      "persistent": true
    },
    "params.MACHINE_TYPE": {
      "paramDirection": "input",
      "persistent": true
    },
    "params.PLANT": {
      "paramDirection": "input",
      "persistent": true
    },
    "params.PLANT_ID": {
      "paramDirection": "input",
      "persistent": true
    },
    "params.PLANT_ID_ID": {
      "paramDirection": "input",
      "persistent": true
    }
  },
  "props": {
    "defaultSize": {
      "width": 1000
    }
  },
  "root": {
    "children": [
      {
        "children": [
          {
            "children": [
              {
                "children": [
                  {
                    "meta": {
                      "name": "Plant_Label"
                    },
                    "position": {
                      "grow": 1
                    },
                    "props": {
                      "style": {
                        "backgroundColor": "#D97700",
                        "borderBottomLeftRadius": 15,
                        "borderBottomRightRadius": 3,
                        "borderStyle": "groove",
                        "borderTopLeftRadius": 15,
                        "borderTopRightRadius": 3,
                        "color": "#FFFFFF",
                        "fontFamily": "Arial",
                        "fontSize": "1dvw",
                        "fontWeight": "bolder",
                        "paddingBottom": 5,
                        "paddingLeft": 5,
                        "paddingRight": 5,
                        "paddingTop": 5,
                        "textAlign": "center"
                      },
                      "text": "Plant"
                    },
                    "type": "ia.display.label"
                  },
                  {
                    "meta": {
                      "name": "Plant"
                    },
                    "position": {
                      "grow": 1
                    },
                    "propConfig": {
                      "props.text": {
                        "binding": {
                          "config": {
                            "expression": "if({session.custom.PMC_Master.PLANT_ID}\u003d0,\u0027\u0027,{session.custom.PMC_Master.PLANT_ID})+\u0027. \u0027+if({session.custom.PMC_Master.PLANT}\u003d\u0027value\u0027,\u0027\u0027,{session.custom.PMC_Master.PLANT})"
                          },
                          "type": "expr"
                        }
                      }
                    },
                    "props": {
                      "style": {
                        "backgroundColor": "#FFFFFF",
                        "borderBottomLeftRadius": 3,
                        "borderBottomRightRadius": 15,
                        "borderStyle": "groove",
                        "borderTopLeftRadius": 3,
                        "borderTopRightRadius": 15,
                        "color": "#D97700",
                        "fontFamily": "Arial",
                        "fontSize": "1dvw",
                        "fontWeight": "bolder",
                        "paddingBottom": 5,
                        "paddingLeft": 5,
                        "paddingRight": 5,
                        "paddingTop": 5,
                        "textAlign": "center"
                      }
                    },
                    "type": "ia.display.label"
                  }
                ],
                "meta": {
                  "name": "SELECTOR"
                },
                "position": {
                  "shrink": 0
                },
                "props": {
                  "style": {
                    "marginBottom": 10,
                    "marginLeft": 2.5,
                    "marginRight": 2.5
                  }
                },
                "type": "ia.container.flex"
              },
              {
                "events": {
                  "component": {
                    "onRowClick": {
                      "config": {
                        "script": "\tself.view.params.PLANT_ID \u003d self.props.selection.data[0].Plant_ID\n\tself.view.params.PLANT \u003d self.props.selection.data[0].Plant_Name\n\tself.view.params.PLANT_ID_ID \u003d self.props.selection.data[0].ID\n\tself.session.custom.PMC_Master.PLANT \u003d self.props.selection.data[0].Plant_Name\n\tself.session.custom.PMC_Master.PLANT_ID \u003d self.props.selection.data[0].Plant_ID"
                      },
                      "scope": "G",
                      "type": "script"
                    }
                  }
                },
                "meta": {
                  "name": "Plant_Table"
                },
                "position": {
                  "basis": "80%",
                  "grow": 1,
                  "shrink": 0
                },
                "propConfig": {
                  "props.data": {
                    "binding": {
                      "config": {
                        "parameters": {
                          "colums": "\u0027Plant_ID, Plant_Name, ID\u0027",
                          "table": "\u0027STD_Master\u0027",
                          "where": "\"(Business_ID \u003d \"+{view.params.BG_ID}+\" and Business_Name \u003d \u0027\"+{view.params.BG}+\"\u0027) AND (Plant_ID IS NOT NULL AND Plant_Name IS NOT NULL)\""
                        },
                        "polling": {
                          "enabled": true,
                          "rate": "60"
                        },
                        "queryPath": "PMC/NEW_TEST/MASTER/Master_DB/Masters"
                      },
                      "type": "query"
                    }
                  }
                },
                "props": {
                  "cells": {
                    "style": {
                      "borderStyle": "groove",
                      "fontFamily": "serif",
                      "textAlign": "center"
                    }
                  },
                  "columns": [
                    {
                      "align": "center",
                      "boolean": "checkbox",
                      "dateFormat": "MM/DD/YYYY",
                      "editable": false,
                      "field": "Plant_ID",
                      "filter": {
                        "boolean": {
                          "condition": ""
                        },
                        "date": {
                          "condition": "",
                          "value": ""
                        },
                        "enabled": true,
                        "number": {
                          "condition": "",
                          "value": ""
                        },
                        "string": {
                          "condition": "",
                          "value": ""
                        },
                        "visible": "on-hover"
                      },
                      "footer": {
                        "align": "center",
                        "justify": "left",
                        "style": {
                          "classes": ""
                        },
                        "title": ""
                      },
                      "header": {
                        "align": "center",
                        "justify": "center",
                        "style": {
                          "borderColor": "#2B2B2B",
                          "borderStyle": "solid",
                          "borderWidth": 3,
                          "classes": "",
                          "color": "#2B2B2B",
                          "fontSize": "1dvw",
                          "fontWeight": "bolder"
                        },
                        "title": "ID"
                      },
                      "justify": "center",
                      "nullFormat": {
                        "includeNullStrings": false,
                        "nullFormatValue": "",
                        "strict": false
                      },
                      "number": "value",
                      "numberFormat": "0,0.##",
                      "progressBar": {
                        "bar": {
                          "color": "",
                          "style": {
                            "classes": ""
                          }
                        },
                        "max": 100,
                        "min": 0,
                        "track": {
                          "color": "",
                          "style": {
                            "classes": ""
                          }
                        },
                        "value": {
                          "enabled": true,
                          "format": "0,0.##",
                          "justify": "center",
                          "style": {
                            "classes": ""
                          }
                        }
                      },
                      "render": "auto",
                      "resizable": true,
                      "sort": "none",
                      "sortable": true,
                      "strictWidth": true,
                      "style": {
                        "classes": "",
                        "fontFamily": "serif",
                        "fontSize": "0.8dvw",
                        "textAlign": "center"
                      },
                      "toggleSwitch": {
                        "color": {
                          "selected": "",
                          "unselected": ""
                        }
                      },
                      "viewParams": {},
                      "viewPath": "",
                      "visible": true,
                      "width": ""
                    },
                    {
                      "align": "center",
                      "boolean": "checkbox",
                      "dateFormat": "MM/DD/YYYY",
                      "editable": false,
                      "field": "Plant_Name",
                      "filter": {
                        "boolean": {
                          "condition": ""
                        },
                        "date": {
                          "condition": "",
                          "value": ""
                        },
                        "enabled": true,
                        "number": {
                          "condition": "",
                          "value": ""
                        },
                        "string": {
                          "condition": "",
                          "value": ""
                        },
                        "visible": "on-hover"
                      },
                      "footer": {
                        "align": "center",
                        "justify": "left",
                        "style": {
                          "classes": ""
                        },
                        "title": ""
                      },
                      "header": {
                        "align": "center",
                        "justify": "center",
                        "style": {
                          "borderColor": "#2B2B2B",
                          "borderStyle": "solid",
                          "borderWidth": 3,
                          "classes": "",
                          "color": "#2B2B2B",
                          "fontSize": "1dvw",
                          "fontWeight": "bolder"
                        },
                        "title": "PLANT"
                      },
                      "justify": "center",
                      "nullFormat": {
                        "includeNullStrings": false,
                        "nullFormatValue": "",
                        "strict": false
                      },
                      "number": "value",
                      "numberFormat": "0,0.##",
                      "progressBar": {
                        "bar": {
                          "color": "",
                          "style": {
                            "classes": ""
                          }
                        },
                        "max": 100,
                        "min": 0,
                        "track": {
                          "color": "",
                          "style": {
                            "classes": ""
                          }
                        },
                        "value": {
                          "enabled": true,
                          "format": "0,0.##",
                          "justify": "center",
                          "style": {
                            "classes": ""
                          }
                        }
                      },
                      "render": "auto",
                      "resizable": true,
                      "sort": "none",
                      "sortable": true,
                      "strictWidth": false,
                      "style": {
                        "classes": "",
                        "fontFamily": "serif",
                        "fontSize": "0.8dvw",
                        "textAlign": "center"
                      },
                      "toggleSwitch": {
                        "color": {
                          "selected": "",
                          "unselected": ""
                        }
                      },
                      "viewParams": {},
                      "viewPath": "",
                      "visible": true,
                      "width": ""
                    },
                    {
                      "align": "center",
                      "boolean": "checkbox",
                      "dateFormat": "MM/DD/YYYY",
                      "editable": false,
                      "field": "ID",
                      "filter": {
                        "boolean": {
                          "condition": ""
                        },
                        "date": {
                          "condition": "",
                          "value": ""
                        },
                        "enabled": true,
                        "number": {
                          "condition": "",
                          "value": ""
                        },
                        "string": {
                          "condition": "",
                          "value": ""
                        },
                        "visible": "on-hover"
                      },
                      "footer": {
                        "align": "center",
                        "justify": "left",
                        "style": {
                          "classes": ""
                        },
                        "title": ""
                      },
                      "header": {
                        "align": "center",
                        "justify": "center",
                        "style": {
                          "borderColor": "#2B2B2B",
                          "borderStyle": "solid",
                          "borderWidth": 3,
                          "classes": "",
                          "color": "#2B2B2B",
                          "fontSize": "1dvw",
                          "fontWeight": "bolder"
                        },
                        "title": "ID_ID"
                      },
                      "justify": "center",
                      "nullFormat": {
                        "includeNullStrings": false,
                        "nullFormatValue": "",
                        "strict": false
                      },
                      "number": "value",
                      "numberFormat": "0,0.##",
                      "progressBar": {
                        "bar": {
                          "color": "",
                          "style": {
                            "classes": ""
                          }
                        },
                        "max": 100,
                        "min": 0,
                        "track": {
                          "color": "",
                          "style": {
                            "classes": ""
                          }
                        },
                        "value": {
                          "enabled": true,
                          "format": "0,0.##",
                          "justify": "center",
                          "style": {
                            "classes": ""
                          }
                        }
                      },
                      "render": "auto",
                      "resizable": true,
                      "sort": "none",
                      "sortable": true,
                      "strictWidth": false,
                      "style": {
                        "classes": "",
                        "fontFamily": "serif",
                        "fontSize": "0.8dvw",
                        "textAlign": "center"
                      },
                      "toggleSwitch": {
                        "color": {
                          "selected": "",
                          "unselected": ""
                        }
                      },
                      "viewParams": {},
                      "viewPath": "",
                      "visible": false,
                      "width": ""
                    }
                  ],
                  "filter": {
                    "style": {
                      "backgroundColor": "#FFFFFF"
                    }
                  },
                  "pager": {
                    "bottom": false,
                    "initialOption": 10000
                  },
                  "rows": {
                    "highlight": {
                      "color": "#FFAC47"
                    },
                    "striped": {
                      "color": {
                        "even": "#FFFF8A",
                        "odd": "#FFFFFF"
                      }
                    }
                  },
                  "style": {
                    "borderBottomLeftRadius": 10,
                    "borderBottomRightRadius": 10,
                    "borderColor": "#AAAAAA",
                    "borderStyle": "groove",
                    "borderTopLeftRadius": 10,
                    "borderTopRightRadius": 10,
                    "borderWidth": 5,
                    "classes": "centerAlignColumns",
                    "marginBottom": 10,
                    "marginLeft": 2.5,
                    "marginRight": 2.5
                  }
                },
                "type": "ia.display.table"
              },
              {
                "children": [
                  {
                    "events": {
                      "dom": {
                        "onClick": [
                          {
                            "config": {
                              "draggable": true,
                              "id": "mypopup",
                              "modal": false,
                              "overlayDismiss": false,
                              "position": {
                                "width": 450
                              },
                              "positionType": "exact",
                              "resizable": true,
                              "showCloseIcon": true,
                              "type": "open",
                              "viewParams": {
                                "ACTION": "ADD",
                                "BG": "{view.params.BG}",
                                "BG_ID": "{view.params.BG_ID}",
                                "HEADER": "PLANT"
                              },
                              "viewPath": "PMC/Popup/MASTER_POPUP",
                              "viewportBound": false
                            },
                            "scope": "C",
                            "type": "popup"
                          },
                          {
                            "config": {
                              "script": "\tself.view.params.PLANT \u003d \u0027\u0027\n\tself.view.params.PLANT_ID \u003d 0\n\tself.view.params.PLANT_ID_ID \u003d 0"
                            },
                            "scope": "G",
                            "type": "script"
                          }
                        ]
                      }
                    },
                    "meta": {
                      "name": "ADD"
                    },
                    "position": {
                      "basis": "30%"
                    },
                    "props": {
                      "style": {
                        "backgroundColor": "#008000",
                        "fontFamily": "Arial",
                        "fontSize": "1.2dvw",
                        "fontWeight": "bolder",
                        "textAlign": "center"
                      },
                      "text": "ADD"
                    },
                    "type": "ia.input.button"
                  },
                  {
                    "events": {
                      "dom": {
                        "onClick": [
                          {
                            "config": {
                              "draggable": true,
                              "id": "mypopup",
                              "modal": false,
                              "overlayDismiss": false,
                              "position": {
                                "width": 450
                              },
                              "positionType": "exact",
                              "resizable": true,
                              "showCloseIcon": true,
                              "type": "open",
                              "viewParams": {
                                "ACTION": "MODIFY",
                                "BG": "{view.params.BG}",
                                "BG_ID": "{view.params.BG_ID}",
                                "HEADER": "PLANT",
                                "PLANT": "{view.params.PLANT}",
                                "PLANT_ID": "{view.params.PLANT_ID}",
                                "PLANT_ID_ID": "{view.params.PLANT_ID_ID}"
                              },
                              "viewPath": "PMC/Popup/MASTER_POPUP",
                              "viewportBound": false
                            },
                            "scope": "C",
                            "type": "popup"
                          },
                          {
                            "config": {
                              "script": "\tself.view.params.PLANT \u003d \u0027\u0027\n\tself.view.params.PLANT_ID \u003d 0\n\tself.view.params.PLANT_ID_ID \u003d 0"
                            },
                            "scope": "G",
                            "type": "script"
                          }
                        ]
                      }
                    },
                    "meta": {
                      "name": "MODIFY"
                    },
                    "position": {
                      "basis": "30%"
                    },
                    "propConfig": {
                      "position.display": {
                        "binding": {
                          "config": {
                            "expression": "IF({view.params.PLANT_ID}!\u003d0,true,false)"
                          },
                          "type": "expr"
                        }
                      }
                    },
                    "props": {
                      "style": {
                        "backgroundColor": "#D97700",
                        "fontFamily": "Arial",
                        "fontSize": "1.2dvw",
                        "fontWeight": "bolder",
                        "textAlign": "center"
                      },
                      "text": "MODIFY"
                    },
                    "type": "ia.input.button"
                  },
                  {
                    "events": {
                      "dom": {
                        "onClick": [
                          {
                            "config": {
                              "draggable": true,
                              "id": "mypopup",
                              "modal": false,
                              "overlayDismiss": false,
                              "position": {
                                "width": 450
                              },
                              "positionType": "exact",
                              "resizable": true,
                              "showCloseIcon": true,
                              "type": "open",
                              "viewParams": {
                                "ACTION": "DELETE",
                                "BG": "{view.params.BG}",
                                "BG_ID": "{view.params.BG_ID}",
                                "HEADER": "PLANT",
                                "PLANT": "{view.params.PLANT}",
                                "PLANT_ID": "{view.params.PLANT_ID}",
                                "PLANT_ID_ID": "{view.params.PLANT_ID_ID}"
                              },
                              "viewPath": "PMC/Popup/MASTER_POPUP",
                              "viewportBound": false
                            },
                            "scope": "C",
                            "type": "popup"
                          },
                          {
                            "config": {
                              "script": "\tself.view.params.PLANT \u003d \u0027\u0027\n\tself.view.params.PLANT_ID \u003d 0\n\tself.view.params.PLANT_ID_ID \u003d 0"
                            },
                            "scope": "G",
                            "type": "script"
                          }
                        ]
                      }
                    },
                    "meta": {
                      "name": "DELETE"
                    },
                    "position": {
                      "basis": "30%"
                    },
                    "propConfig": {
                      "position.display": {
                        "binding": {
                          "config": {
                            "expression": "IF({view.params.PLANT_ID}!\u003d0,true,false)"
                          },
                          "type": "expr"
                        }
                      }
                    },
                    "props": {
                      "style": {
                        "backgroundColor": "#D90000",
                        "fontFamily": "Arial",
                        "fontSize": "1.2dvw",
                        "fontWeight": "bolder",
                        "textAlign": "center"
                      },
                      "text": "DELETE"
                    },
                    "type": "ia.input.button"
                  }
                ],
                "meta": {
                  "name": "BUTTONS"
                },
                "position": {
                  "basis": "5%"
                },
                "props": {
                  "alignContent": "space-around",
                  "justify": "space-around",
                  "style": {
                    "marginBottom": 10,
                    "paddingLeft": 2.5,
                    "paddingRight": 2.5
                  }
                },
                "type": "ia.container.flex"
              }
            ],
            "meta": {
              "name": "PLANT"
            },
            "position": {
              "basis": "30%",
              "shrink": 0
            },
            "props": {
              "direction": "column"
            },
            "type": "ia.container.flex"
          },
          {
            "children": [
              {
                "children": [
                  {
                    "meta": {
                      "name": "Line_Label"
                    },
                    "position": {
                      "grow": 1
                    },
                    "props": {
                      "style": {
                        "backgroundColor": "#D97700",
                        "borderBottomLeftRadius": 15,
                        "borderBottomRightRadius": 3,
                        "borderStyle": "groove",
                        "borderTopLeftRadius": 15,
                        "borderTopRightRadius": 3,
                        "color": "#FFFFFF",
                        "fontFamily": "Arial",
                        "fontSize": "1dvw",
                        "fontWeight": "bolder",
                        "paddingBottom": 5,
                        "paddingLeft": 5,
                        "paddingRight": 5,
                        "paddingTop": 5,
                        "textAlign": "center"
                      },
                      "text": "Line"
                    },
                    "type": "ia.display.label"
                  },
                  {
                    "custom": {
                      "ID": "value",
                      "LINE": "value"
                    },
                    "meta": {
                      "name": "Line"
                    },
                    "position": {
                      "grow": 1
                    },
                    "propConfig": {
                      "props.text": {
                        "binding": {
                          "config": {
                            "expression": "if({session.custom.PMC_Master.LINE_ID}\u003d0,\u0027\u0027,{session.custom.PMC_Master.LINE_ID})+\u0027. \u0027+if({session.custom.PMC_Master.LINE}\u003d\u0027value\u0027,\u0027\u0027,{session.custom.PMC_Master.LINE})"
                          },
                          "type": "expr"
                        }
                      }
                    },
                    "props": {
                      "style": {
                        "backgroundColor": "#FFFFFF",
                        "borderBottomLeftRadius": 3,
                        "borderBottomRightRadius": 15,
                        "borderStyle": "groove",
                        "borderTopLeftRadius": 3,
                        "borderTopRightRadius": 15,
                        "color": "#D97700",
                        "fontFamily": "Arial",
                        "fontSize": "1dvw",
                        "fontWeight": "bolder",
                        "paddingBottom": 5,
                        "paddingLeft": 5,
                        "paddingRight": 5,
                        "paddingTop": 5,
                        "textAlign": "center"
                      }
                    },
                    "type": "ia.display.label"
                  }
                ],
                "meta": {
                  "name": "SELECTOR"
                },
                "props": {
                  "style": {
                    "marginBottom": 10,
                    "marginLeft": 2.5,
                    "marginRight": 2.5
                  }
                },
                "type": "ia.container.flex"
              },
              {
                "events": {
                  "component": {
                    "onRowClick": {
                      "config": {
                        "script": "\tself.view.params.LINE_ID \u003d self.props.selection.data[0].Line_ID\n\tself.view.params.LINE \u003d self.props.selection.data[0].Line_Name\n\tself.view.params.LINE_ID_ID \u003d self.props.selection.data[0].ID\n\tself.session.custom.PMC_Master.LINE \u003d self.props.selection.data[0].Line_Name\n\tself.session.custom.PMC_Master.LINE_ID \u003d self.props.selection.data[0].Line_ID"
                      },
                      "scope": "G",
                      "type": "script"
                    }
                  }
                },
                "meta": {
                  "name": "Line_Table"
                },
                "position": {
                  "basis": "80%",
                  "grow": 1,
                  "shrink": 0
                },
                "propConfig": {
                  "props.data": {
                    "binding": {
                      "config": {
                        "parameters": {
                          "colums": "\u0027Line_ID, Line_Name, ID\u0027",
                          "table": "\u0027STD_Master\u0027",
                          "where": "\"(Business_ID \u003d \"+{view.params.BG_ID}+\" and Business_Name \u003d \u0027\"+{view.params.BG}+\"\u0027) AND (Plant_ID \u003d \"+{view.params.PLANT_ID}+\" AND Plant_Name \u003d \u0027\"+{view.params.PLANT}+\"\u0027) AND (Line_ID IS NOT NULL AND Line_Name IS NOT NULL)\""
                        },
                        "polling": {
                          "enabled": true,
                          "rate": "60"
                        },
                        "queryPath": "PMC/NEW_TEST/MASTER/Master_DB/Masters"
                      },
                      "type": "query"
                    }
                  }
                },
                "props": {
                  "cells": {
                    "style": {
                      "borderStyle": "groove",
                      "fontFamily": "serif",
                      "textAlign": "center"
                    }
                  },
                  "columns": [
                    {
                      "align": "center",
                      "boolean": "checkbox",
                      "dateFormat": "MM/DD/YYYY",
                      "editable": false,
                      "field": "Line_ID",
                      "filter": {
                        "boolean": {
                          "condition": ""
                        },
                        "date": {
                          "condition": "",
                          "value": ""
                        },
                        "enabled": true,
                        "number": {
                          "condition": "",
                          "value": ""
                        },
                        "string": {
                          "condition": "",
                          "value": ""
                        },
                        "visible": "on-hover"
                      },
                      "footer": {
                        "align": "center",
                        "justify": "left",
                        "style": {
                          "classes": ""
                        },
                        "title": ""
                      },
                      "header": {
                        "align": "center",
                        "justify": "center",
                        "style": {
                          "borderColor": "#2B2B2B",
                          "borderStyle": "solid",
                          "borderWidth": 3,
                          "classes": "",
                          "color": "#2B2B2B",
                          "fontSize": "1dvw",
                          "fontWeight": "bolder"
                        },
                        "title": "ID"
                      },
                      "justify": "center",
                      "nullFormat": {
                        "includeNullStrings": false,
                        "nullFormatValue": "",
                        "strict": false
                      },
                      "number": "value",
                      "numberFormat": "0,0.##",
                      "progressBar": {
                        "bar": {
                          "color": "",
                          "style": {
                            "classes": ""
                          }
                        },
                        "max": 100,
                        "min": 0,
                        "track": {
                          "color": "",
                          "style": {
                            "classes": ""
                          }
                        },
                        "value": {
                          "enabled": true,
                          "format": "0,0.##",
                          "justify": "center",
                          "style": {
                            "classes": ""
                          }
                        }
                      },
                      "render": "auto",
                      "resizable": true,
                      "sort": "none",
                      "sortable": true,
                      "strictWidth": true,
                      "style": {
                        "classes": "",
                        "fontFamily": "serif",
                        "fontSize": "0.8dvw",
                        "textAlign": "center"
                      },
                      "toggleSwitch": {
                        "color": {
                          "selected": "",
                          "unselected": ""
                        }
                      },
                      "viewParams": {},
                      "viewPath": "",
                      "visible": true,
                      "width": ""
                    },
                    {
                      "align": "center",
                      "boolean": "checkbox",
                      "dateFormat": "MM/DD/YYYY",
                      "editable": false,
                      "field": "Line_Name",
                      "filter": {
                        "boolean": {
                          "condition": ""
                        },
                        "date": {
                          "condition": "",
                          "value": ""
                        },
                        "enabled": true,
                        "number": {
                          "condition": "",
                          "value": ""
                        },
                        "string": {
                          "condition": "",
                          "value": ""
                        },
                        "visible": "on-hover"
                      },
                      "footer": {
                        "align": "center",
                        "justify": "left",
                        "style": {
                          "classes": ""
                        },
                        "title": ""
                      },
                      "header": {
                        "align": "center",
                        "justify": "center",
                        "style": {
                          "borderColor": "#2B2B2B",
                          "borderStyle": "solid",
                          "borderWidth": 3,
                          "classes": "",
                          "color": "#2B2B2B",
                          "fontSize": "1dvw",
                          "fontWeight": "bolder"
                        },
                        "title": "LINE"
                      },
                      "justify": "center",
                      "nullFormat": {
                        "includeNullStrings": false,
                        "nullFormatValue": "",
                        "strict": false
                      },
                      "number": "value",
                      "numberFormat": "0,0.##",
                      "progressBar": {
                        "bar": {
                          "color": "",
                          "style": {
                            "classes": ""
                          }
                        },
                        "max": 100,
                        "min": 0,
                        "track": {
                          "color": "",
                          "style": {
                            "classes": ""
                          }
                        },
                        "value": {
                          "enabled": true,
                          "format": "0,0.##",
                          "justify": "center",
                          "style": {
                            "classes": ""
                          }
                        }
                      },
                      "render": "auto",
                      "resizable": true,
                      "sort": "none",
                      "sortable": true,
                      "strictWidth": false,
                      "style": {
                        "classes": "",
                        "fontFamily": "serif",
                        "fontSize": "0.8dvw",
                        "textAlign": "center"
                      },
                      "toggleSwitch": {
                        "color": {
                          "selected": "",
                          "unselected": ""
                        }
                      },
                      "viewParams": {},
                      "viewPath": "",
                      "visible": true,
                      "width": ""
                    },
                    {
                      "align": "center",
                      "boolean": "checkbox",
                      "dateFormat": "MM/DD/YYYY",
                      "editable": false,
                      "field": "ID",
                      "filter": {
                        "boolean": {
                          "condition": ""
                        },
                        "date": {
                          "condition": "",
                          "value": ""
                        },
                        "enabled": true,
                        "number": {
                          "condition": "",
                          "value": ""
                        },
                        "string": {
                          "condition": "",
                          "value": ""
                        },
                        "visible": "on-hover"
                      },
                      "footer": {
                        "align": "center",
                        "justify": "left",
                        "style": {
                          "classes": ""
                        },
                        "title": ""
                      },
                      "header": {
                        "align": "center",
                        "justify": "center",
                        "style": {
                          "borderColor": "#2B2B2B",
                          "borderStyle": "solid",
                          "borderWidth": 3,
                          "classes": "",
                          "color": "#2B2B2B",
                          "fontSize": "1dvw",
                          "fontWeight": "bolder"
                        },
                        "title": "ID_ID"
                      },
                      "justify": "center",
                      "nullFormat": {
                        "includeNullStrings": false,
                        "nullFormatValue": "",
                        "strict": false
                      },
                      "number": "value",
                      "numberFormat": "0,0.##",
                      "progressBar": {
                        "bar": {
                          "color": "",
                          "style": {
                            "classes": ""
                          }
                        },
                        "max": 100,
                        "min": 0,
                        "track": {
                          "color": "",
                          "style": {
                            "classes": ""
                          }
                        },
                        "value": {
                          "enabled": true,
                          "format": "0,0.##",
                          "justify": "center",
                          "style": {
                            "classes": ""
                          }
                        }
                      },
                      "render": "auto",
                      "resizable": true,
                      "sort": "none",
                      "sortable": true,
                      "strictWidth": false,
                      "style": {
                        "classes": "",
                        "fontFamily": "serif",
                        "fontSize": "0.8dvw",
                        "textAlign": "center"
                      },
                      "toggleSwitch": {
                        "color": {
                          "selected": "",
                          "unselected": ""
                        }
                      },
                      "viewParams": {},
                      "viewPath": "",
                      "visible": false,
                      "width": ""
                    }
                  ],
                  "pager": {
                    "bottom": false,
                    "initialOption": 10000
                  },
                  "rows": {
                    "highlight": {
                      "color": "#FFAC47"
                    },
                    "striped": {
                      "color": {
                        "even": "#FFFFFF",
                        "odd": "#FFCA8A"
                      }
                    }
                  },
                  "style": {
                    "borderBottomLeftRadius": 10,
                    "borderBottomRightRadius": 10,
                    "borderColor": "#AAAAAA",
                    "borderStyle": "groove",
                    "borderTopLeftRadius": 10,
                    "borderTopRightRadius": 10,
                    "borderWidth": 5,
                    "classes": "centerAlignColumns",
                    "marginBottom": 10,
                    "marginLeft": 2.5,
                    "marginRight": 2.5
                  }
                },
                "type": "ia.display.table"
              },
              {
                "children": [
                  {
                    "events": {
                      "dom": {
                        "onClick": [
                          {
                            "config": {
                              "draggable": true,
                              "id": "mypopup",
                              "modal": false,
                              "overlayDismiss": false,
                              "position": {
                                "width": 450
                              },
                              "positionType": "exact",
                              "resizable": true,
                              "showCloseIcon": true,
                              "type": "open",
                              "viewParams": {
                                "ACTION": "ADD",
                                "BG": "{view.params.BG}",
                                "BG_ID": "{view.params.BG_ID}",
                                "HEADER": "LINE",
                                "PLANT": "{view.params.PLANT}",
                                "PLANT_ID": "{view.params.PLANT_ID}",
                                "PLANT_ID_ID": "{view.params.PLANT_ID_ID}"
                              },
                              "viewPath": "PMC/Popup/MASTER_POPUP",
                              "viewportBound": false
                            },
                            "scope": "C",
                            "type": "popup"
                          },
                          {
                            "config": {
                              "script": "\tself.view.params.LINE \u003d \u0027\u0027\n\tself.view.params.LINE_ID \u003d 0\n\tself.view.params.LINE_ID_ID \u003d 0"
                            },
                            "scope": "G",
                            "type": "script"
                          }
                        ]
                      }
                    },
                    "meta": {
                      "name": "ADD"
                    },
                    "position": {
                      "basis": "30%"
                    },
                    "propConfig": {
                      "position.display": {
                        "binding": {
                          "config": {
                            "expression": "IF({view.params.PLANT_ID}!\u003d0,true,false)"
                          },
                          "type": "expr"
                        }
                      }
                    },
                    "props": {
                      "style": {
                        "backgroundColor": "#008000",
                        "fontFamily": "Arial",
                        "fontSize": "1.2dvw",
                        "fontWeight": "bolder",
                        "textAlign": "center"
                      },
                      "text": "ADD"
                    },
                    "type": "ia.input.button"
                  },
                  {
                    "events": {
                      "dom": {
                        "onClick": [
                          {
                            "config": {
                              "draggable": true,
                              "id": "mypopup",
                              "modal": false,
                              "overlayDismiss": false,
                              "position": {
                                "width": 450
                              },
                              "positionType": "exact",
                              "resizable": true,
                              "showCloseIcon": true,
                              "type": "open",
                              "viewParams": {
                                "ACTION": "MODIFY",
                                "BG": "{view.params.BG}",
                                "BG_ID": "{view.params.BG_ID}",
                                "HEADER": "LINE",
                                "LINE": "{view.params.LINE}",
                                "LINE_ID": "{view.params.LINE_ID}",
                                "LINE_ID_ID": "{view.params.LINE_ID_ID}",
                                "PLANT": "{view.params.PLANT}",
                                "PLANT_ID": "{view.params.PLANT_ID}"
                              },
                              "viewPath": "PMC/Popup/MASTER_POPUP",
                              "viewportBound": false
                            },
                            "scope": "C",
                            "type": "popup"
                          },
                          {
                            "config": {
                              "script": "\tself.view.params.LINE \u003d \u0027\u0027\n\tself.view.params.LINE_ID \u003d 0\n\tself.view.params.LINE_ID_ID \u003d 0"
                            },
                            "scope": "G",
                            "type": "script"
                          }
                        ]
                      }
                    },
                    "meta": {
                      "name": "MODIFY"
                    },
                    "position": {
                      "basis": "30%"
                    },
                    "propConfig": {
                      "position.display": {
                        "binding": {
                          "config": {
                            "expression": "IF({view.params.LINE_ID}!\u003d0,true,false)"
                          },
                          "type": "expr"
                        }
                      }
                    },
                    "props": {
                      "style": {
                        "backgroundColor": "#D97700",
                        "fontFamily": "Arial",
                        "fontSize": "1.2dvw",
                        "fontWeight": "bolder",
                        "textAlign": "center"
                      },
                      "text": "MODIFY"
                    },
                    "type": "ia.input.button"
                  },
                  {
                    "events": {
                      "dom": {
                        "onClick": [
                          {
                            "config": {
                              "draggable": true,
                              "id": "mypopup",
                              "modal": false,
                              "overlayDismiss": false,
                              "position": {
                                "width": 450
                              },
                              "positionType": "exact",
                              "resizable": true,
                              "showCloseIcon": true,
                              "type": "open",
                              "viewParams": {
                                "ACTION": "DELETE",
                                "BG": "{view.params.BG}",
                                "BG_ID": "{view.params.BG_ID}",
                                "HEADER": "LINE",
                                "LINE": "{view.params.LINE}",
                                "LINE_ID": "{view.params.LINE_ID}",
                                "LINE_ID_ID": "{view.params.LINE_ID_ID}",
                                "PLANT": "{view.params.PLANT}",
                                "PLANT_ID": "{view.params.PLANT_ID}"
                              },
                              "viewPath": "PMC/Popup/MASTER_POPUP",
                              "viewportBound": false
                            },
                            "scope": "C",
                            "type": "popup"
                          },
                          {
                            "config": {
                              "script": "\tself.view.params.LINE \u003d \u0027\u0027\n\tself.view.params.LINE_ID \u003d 0\n\tself.view.params.LINE_ID_ID \u003d 0"
                            },
                            "scope": "G",
                            "type": "script"
                          }
                        ]
                      }
                    },
                    "meta": {
                      "name": "DELETE"
                    },
                    "position": {
                      "basis": "30%"
                    },
                    "propConfig": {
                      "position.display": {
                        "binding": {
                          "config": {
                            "expression": "IF({view.params.LINE_ID}!\u003d0,true,false)"
                          },
                          "type": "expr"
                        }
                      }
                    },
                    "props": {
                      "style": {
                        "backgroundColor": "#D90000",
                        "fontFamily": "Arial",
                        "fontSize": "1.2dvw",
                        "fontWeight": "bolder",
                        "textAlign": "center"
                      },
                      "text": "DELETE"
                    },
                    "type": "ia.input.button"
                  }
                ],
                "meta": {
                  "name": "BUTTONS"
                },
                "position": {
                  "basis": "5%"
                },
                "propConfig": {
                  "position.display": {
                    "binding": {
                      "config": {
                        "path": "./ADD.position.display"
                      },
                      "type": "property"
                    }
                  }
                },
                "props": {
                  "alignContent": "space-around",
                  "justify": "space-around",
                  "style": {
                    "marginBottom": 10,
                    "paddingLeft": 2.5,
                    "paddingRight": 2.5
                  }
                },
                "type": "ia.container.flex"
              }
            ],
            "meta": {
              "name": "LINE"
            },
            "position": {
              "basis": "30%",
              "grow": 1,
              "shrink": 0
            },
            "props": {
              "direction": "column"
            },
            "type": "ia.container.flex"
          },
          {
            "children": [
              {
                "children": [
                  {
                    "meta": {
                      "name": "Machine Label"
                    },
                    "position": {
                      "grow": 1
                    },
                    "props": {
                      "style": {
                        "backgroundColor": "#D97700",
                        "borderBottomLeftRadius": 15,
                        "borderBottomRightRadius": 3,
                        "borderStyle": "groove",
                        "borderTopLeftRadius": 15,
                        "borderTopRightRadius": 3,
                        "color": "#FFFFFF",
                        "fontFamily": "Arial",
                        "fontSize": "1dvw",
                        "fontWeight": "bolder",
                        "paddingBottom": 5,
                        "paddingLeft": 5,
                        "paddingRight": 5,
                        "paddingTop": 5,
                        "textAlign": "center"
                      },
                      "text": "Machine"
                    },
                    "type": "ia.display.label"
                  },
                  {
                    "meta": {
                      "name": "Machine"
                    },
                    "position": {
                      "grow": 1
                    },
                    "propConfig": {
                      "props.text": {
                        "binding": {
                          "config": {
                            "expression": "if({session.custom.PMC_Master.MACHINE_ID}\u003d0,\u0027\u0027,{session.custom.PMC_Master.MACHINE_ID})+\u0027. \u0027+if({session.custom.PMC_Master.MACHINE}\u003d\u0027value\u0027,\u0027\u0027,{session.custom.PMC_Master.MACHINE})"
                          },
                          "type": "expr"
                        }
                      }
                    },
                    "props": {
                      "style": {
                        "backgroundColor": "#FFFFFF",
                        "borderBottomLeftRadius": 3,
                        "borderBottomRightRadius": 3,
                        "borderStyle": "groove",
                        "borderTopLeftRadius": 3,
                        "borderTopRightRadius": 3,
                        "color": "#D97700",
                        "fontFamily": "Arial",
                        "fontSize": "1dvw",
                        "fontWeight": "bolder",
                        "paddingBottom": 5,
                        "paddingLeft": 5,
                        "paddingRight": 5,
                        "paddingTop": 5,
                        "textAlign": "center"
                      }
                    },
                    "type": "ia.display.label"
                  },
                  {
                    "meta": {
                      "name": "Machine_Type"
                    },
                    "position": {
                      "grow": 1
                    },
                    "propConfig": {
                      "props.text": {
                        "binding": {
                          "config": {
                            "expression": "if({session.custom.PMC_Master.MACHINE_TYPE}\u003d\u0027value\u0027,\u0027\u0027,{session.custom.PMC_Master.MACHINE_TYPE})"
                          },
                          "type": "expr"
                        }
                      }
                    },
                    "props": {
                      "style": {
                        "backgroundColor": "#FFFFFF",
                        "borderBottomLeftRadius": 3,
                        "borderBottomRightRadius": 3,
                        "borderStyle": "groove",
                        "borderTopLeftRadius": 3,
                        "borderTopRightRadius": 3,
                        "color": "#D97700",
                        "fontFamily": "Arial",
                        "fontSize": "1dvw",
                        "fontWeight": "bolder",
                        "paddingBottom": 5,
                        "paddingLeft": 5,
                        "paddingRight": 5,
                        "paddingTop": 5,
                        "textAlign": "center"
                      }
                    },
                    "type": "ia.display.label"
                  },
                  {
                    "meta": {
                      "name": "Machine_Code"
                    },
                    "position": {
                      "grow": 1
                    },
                    "propConfig": {
                      "props.text": {
                        "binding": {
                          "config": {
                            "expression": "if({session.custom.PMC_Master.MACHINE_CODE}\u003d0,\u0027\u0027,{session.custom.PMC_Master.MACHINE_CODE})"
                          },
                          "type": "expr"
                        }
                      }
                    },
                    "props": {
                      "style": {
                        "backgroundColor": "#FFFFFF",
                        "borderBottomLeftRadius": 3,
                        "borderBottomRightRadius": 15,
                        "borderStyle": "groove",
                        "borderTopLeftRadius": 3,
                        "borderTopRightRadius": 15,
                        "color": "#D97700",
                        "fontFamily": "Arial",
                        "fontSize": "1dvw",
                        "fontWeight": "bolder",
                        "paddingBottom": 5,
                        "paddingLeft": 5,
                        "paddingRight": 5,
                        "paddingTop": 5,
                        "textAlign": "center"
                      }
                    },
                    "type": "ia.display.label"
                  }
                ],
                "meta": {
                  "name": "SELECTOR"
                },
                "props": {
                  "style": {
                    "marginBottom": 10,
                    "marginLeft": 2.5,
                    "marginRight": 2.5
                  }
                },
                "type": "ia.container.flex"
              },
              {
                "events": {
                  "component": {
                    "onRowClick": {
                      "config": {
                        "script": "\tself.view.params.MACHINE_ID \u003d self.props.selection.data[0].Machine_ID\n\tself.view.params.MACHINE \u003d self.props.selection.data[0].Machine_Name\n\tself.view.params.MACHINE_CODE \u003d self.props.selection.data[0].Machine_Code\n\tself.view.params.MACHINE_ID_ID \u003d self.props.selection.data[0].ID\n\tself.view.params.MACHINE_TYPE \u003d self.props.selection.data[0].Machine_Type\n\tself.session.custom.PMC_Master.MACHINE \u003d self.props.selection.data[0].Machine_Name\n\tself.session.custom.PMC_Master.MACHINE_ID \u003d self.props.selection.data[0].Machine_ID\n\tself.session.custom.PMC_Master.MACHINE_CODE \u003d self.props.selection.data[0].Machine_Code\n\tself.session.custom.PMC_Master.MACHINE_TYPE \u003d self.props.selection.data[0].Machine_Type"
                      },
                      "scope": "G",
                      "type": "script"
                    }
                  }
                },
                "meta": {
                  "name": "Machine_Table"
                },
                "position": {
                  "basis": "80%",
                  "grow": 1,
                  "shrink": 0
                },
                "propConfig": {
                  "props.data": {
                    "binding": {
                      "config": {
                        "parameters": {
                          "colums": "\u0027Machine_ID, Machine_Name, Machine_Code, Machine_Type, ID\u0027",
                          "table": "\u0027STD_Master\u0027",
                          "where": "\"(Business_ID \u003d \"+{view.params.BG_ID}+\" and Business_Name \u003d \u0027\"+{view.params.BG}+\"\u0027) AND (Plant_ID \u003d \"+{view.params.PLANT_ID}+\" AND Plant_Name \u003d \u0027\"+{view.params.PLANT}+\"\u0027) AND (Line_ID \u003d \"+{view.params.LINE_ID}+\" AND Line_Name \u003d \u0027\"+{view.params.LINE}+\"\u0027)AND (Machine_ID IS NOT NULL AND Machine_Name IS NOT NULL AND Machine_Code IS NOT NULL AND Machine_Type IS NOT NULL)\""
                        },
                        "polling": {
                          "enabled": true,
                          "rate": "60"
                        },
                        "queryPath": "PMC/NEW_TEST/MASTER/Master_DB/Masters"
                      },
                      "type": "query"
                    }
                  }
                },
                "props": {
                  "cells": {
                    "style": {
                      "borderStyle": "groove",
                      "fontFamily": "serif",
                      "textAlign": "center"
                    }
                  },
                  "columns": [
                    {
                      "align": "center",
                      "boolean": "checkbox",
                      "dateFormat": "MM/DD/YYYY",
                      "editable": false,
                      "field": "Machine_ID",
                      "filter": {
                        "boolean": {
                          "condition": ""
                        },
                        "date": {
                          "condition": "",
                          "value": ""
                        },
                        "enabled": true,
                        "number": {
                          "condition": "",
                          "value": ""
                        },
                        "string": {
                          "condition": "",
                          "value": ""
                        },
                        "visible": "on-hover"
                      },
                      "footer": {
                        "align": "center",
                        "justify": "left",
                        "style": {
                          "classes": ""
                        },
                        "title": ""
                      },
                      "header": {
                        "align": "center",
                        "justify": "center",
                        "style": {
                          "borderColor": "#2B2B2B",
                          "borderStyle": "solid",
                          "borderWidth": 3,
                          "classes": "",
                          "color": "#2B2B2B",
                          "fontSize": "1dvw",
                          "fontWeight": "bolder"
                        },
                        "title": "ID"
                      },
                      "justify": "center",
                      "nullFormat": {
                        "includeNullStrings": false,
                        "nullFormatValue": "",
                        "strict": false
                      },
                      "number": "value",
                      "numberFormat": "0,0.##",
                      "progressBar": {
                        "bar": {
                          "color": "",
                          "style": {
                            "classes": ""
                          }
                        },
                        "max": 100,
                        "min": 0,
                        "track": {
                          "color": "",
                          "style": {
                            "classes": ""
                          }
                        },
                        "value": {
                          "enabled": true,
                          "format": "0,0.##",
                          "justify": "center",
                          "style": {
                            "classes": ""
                          }
                        }
                      },
                      "render": "auto",
                      "resizable": true,
                      "sort": "none",
                      "sortable": true,
                      "strictWidth": true,
                      "style": {
                        "classes": "",
                        "fontFamily": "serif",
                        "fontSize": "0.8dvw",
                        "textAlign": "center"
                      },
                      "toggleSwitch": {
                        "color": {
                          "selected": "",
                          "unselected": ""
                        }
                      },
                      "viewParams": {},
                      "viewPath": "",
                      "visible": true,
                      "width": ""
                    },
                    {
                      "align": "center",
                      "boolean": "checkbox",
                      "dateFormat": "MM/DD/YYYY",
                      "editable": false,
                      "field": "Machine_Name",
                      "filter": {
                        "boolean": {
                          "condition": ""
                        },
                        "date": {
                          "condition": "",
                          "value": ""
                        },
                        "enabled": true,
                        "number": {
                          "condition": "",
                          "value": ""
                        },
                        "string": {
                          "condition": "",
                          "value": ""
                        },
                        "visible": "on-hover"
                      },
                      "footer": {
                        "align": "center",
                        "justify": "left",
                        "style": {
                          "classes": ""
                        },
                        "title": ""
                      },
                      "header": {
                        "align": "center",
                        "justify": "center",
                        "style": {
                          "borderColor": "#2B2B2B",
                          "borderStyle": "solid",
                          "borderWidth": 3,
                          "classes": "",
                          "color": "#2B2B2B",
                          "fontSize": "1dvw",
                          "fontWeight": "bolder"
                        },
                        "title": "MACHINE"
                      },
                      "justify": "center",
                      "nullFormat": {
                        "includeNullStrings": false,
                        "nullFormatValue": "",
                        "strict": false
                      },
                      "number": "value",
                      "numberFormat": "0,0.##",
                      "progressBar": {
                        "bar": {
                          "color": "",
                          "style": {
                            "classes": ""
                          }
                        },
                        "max": 100,
                        "min": 0,
                        "track": {
                          "color": "",
                          "style": {
                            "classes": ""
                          }
                        },
                        "value": {
                          "enabled": true,
                          "format": "0,0.##",
                          "justify": "center",
                          "style": {
                            "classes": ""
                          }
                        }
                      },
                      "render": "auto",
                      "resizable": true,
                      "sort": "none",
                      "sortable": true,
                      "strictWidth": false,
                      "style": {
                        "classes": "",
                        "fontFamily": "serif",
                        "fontSize": "0.8dvw",
                        "textAlign": "center"
                      },
                      "toggleSwitch": {
                        "color": {
                          "selected": "",
                          "unselected": ""
                        }
                      },
                      "viewParams": {},
                      "viewPath": "",
                      "visible": true,
                      "width": ""
                    },
                    {
                      "align": "center",
                      "boolean": "checkbox",
                      "dateFormat": "MM/DD/YYYY",
                      "editable": false,
                      "field": "Machine_Code",
                      "filter": {
                        "boolean": {
                          "condition": ""
                        },
                        "date": {
                          "condition": "",
                          "value": ""
                        },
                        "enabled": true,
                        "number": {
                          "condition": "",
                          "value": ""
                        },
                        "string": {
                          "condition": "",
                          "value": ""
                        },
                        "visible": "on-hover"
                      },
                      "footer": {
                        "align": "center",
                        "justify": "left",
                        "style": {
                          "classes": ""
                        },
                        "title": ""
                      },
                      "header": {
                        "align": "center",
                        "justify": "center",
                        "style": {
                          "borderColor": "#2B2B2B",
                          "borderStyle": "solid",
                          "borderWidth": 3,
                          "classes": "",
                          "color": "#2B2B2B",
                          "fontSize": "1dvw",
                          "fontWeight": "bolder"
                        },
                        "title": "MACHINE CODE"
                      },
                      "justify": "center",
                      "nullFormat": {
                        "includeNullStrings": false,
                        "nullFormatValue": "",
                        "strict": false
                      },
                      "number": "value",
                      "numberFormat": "0,0.##",
                      "progressBar": {
                        "bar": {
                          "color": "",
                          "style": {
                            "classes": ""
                          }
                        },
                        "max": 100,
                        "min": 0,
                        "track": {
                          "color": "",
                          "style": {
                            "classes": ""
                          }
                        },
                        "value": {
                          "enabled": true,
                          "format": "0,0.##",
                          "justify": "center",
                          "style": {
                            "classes": ""
                          }
                        }
                      },
                      "render": "auto",
                      "resizable": true,
                      "sort": "none",
                      "sortable": true,
                      "strictWidth": false,
                      "style": {
                        "classes": "",
                        "fontFamily": "serif",
                        "fontSize": "0.8dvw",
                        "textAlign": "center"
                      },
                      "toggleSwitch": {
                        "color": {
                          "selected": "",
                          "unselected": ""
                        }
                      },
                      "viewParams": {},
                      "viewPath": "",
                      "visible": true,
                      "width": ""
                    },
                    {
                      "align": "center",
                      "boolean": "checkbox",
                      "dateFormat": "MM/DD/YYYY",
                      "editable": false,
                      "field": "Machine_Type",
                      "filter": {
                        "boolean": {
                          "condition": ""
                        },
                        "date": {
                          "condition": "",
                          "value": ""
                        },
                        "enabled": true,
                        "number": {
                          "condition": "",
                          "value": ""
                        },
                        "string": {
                          "condition": "",
                          "value": ""
                        },
                        "visible": "on-hover"
                      },
                      "footer": {
                        "align": "center",
                        "justify": "left",
                        "style": {
                          "classes": ""
                        },
                        "title": ""
                      },
                      "header": {
                        "align": "center",
                        "justify": "center",
                        "style": {
                          "borderColor": "#2B2B2B",
                          "borderStyle": "solid",
                          "borderWidth": 3,
                          "classes": "",
                          "color": "#2B2B2B",
                          "fontSize": "1dvw",
                          "fontWeight": "bolder"
                        },
                        "title": "TYPE"
                      },
                      "justify": "center",
                      "nullFormat": {
                        "includeNullStrings": false,
                        "nullFormatValue": "",
                        "strict": false
                      },
                      "number": "value",
                      "numberFormat": "0,0.##",
                      "progressBar": {
                        "bar": {
                          "color": "",
                          "style": {
                            "classes": ""
                          }
                        },
                        "max": 100,
                        "min": 0,
                        "track": {
                          "color": "",
                          "style": {
                            "classes": ""
                          }
                        },
                        "value": {
                          "enabled": true,
                          "format": "0,0.##",
                          "justify": "center",
                          "style": {
                            "classes": ""
                          }
                        }
                      },
                      "render": "auto",
                      "resizable": true,
                      "sort": "none",
                      "sortable": true,
                      "strictWidth": false,
                      "style": {
                        "classes": "",
                        "fontFamily": "serif",
                        "fontSize": "0.8dvw",
                        "textAlign": "center"
                      },
                      "toggleSwitch": {
                        "color": {
                          "selected": "",
                          "unselected": ""
                        }
                      },
                      "viewParams": {},
                      "viewPath": "",
                      "visible": true,
                      "width": ""
                    },
                    {
                      "align": "center",
                      "boolean": "checkbox",
                      "dateFormat": "MM/DD/YYYY",
                      "editable": false,
                      "field": "ID",
                      "filter": {
                        "boolean": {
                          "condition": ""
                        },
                        "date": {
                          "condition": "",
                          "value": ""
                        },
                        "enabled": true,
                        "number": {
                          "condition": "",
                          "value": ""
                        },
                        "string": {
                          "condition": "",
                          "value": ""
                        },
                        "visible": "on-hover"
                      },
                      "footer": {
                        "align": "center",
                        "justify": "left",
                        "style": {
                          "classes": ""
                        },
                        "title": ""
                      },
                      "header": {
                        "align": "center",
                        "justify": "center",
                        "style": {
                          "borderColor": "#2B2B2B",
                          "borderStyle": "solid",
                          "borderWidth": 3,
                          "classes": "",
                          "color": "#2B2B2B",
                          "fontSize": "1dvw",
                          "fontWeight": "bolder"
                        },
                        "title": "ID_ID"
                      },
                      "justify": "center",
                      "nullFormat": {
                        "includeNullStrings": false,
                        "nullFormatValue": "",
                        "strict": false
                      },
                      "number": "value",
                      "numberFormat": "0,0.##",
                      "progressBar": {
                        "bar": {
                          "color": "",
                          "style": {
                            "classes": ""
                          }
                        },
                        "max": 100,
                        "min": 0,
                        "track": {
                          "color": "",
                          "style": {
                            "classes": ""
                          }
                        },
                        "value": {
                          "enabled": true,
                          "format": "0,0.##",
                          "justify": "center",
                          "style": {
                            "classes": ""
                          }
                        }
                      },
                      "render": "auto",
                      "resizable": true,
                      "sort": "none",
                      "sortable": true,
                      "strictWidth": false,
                      "style": {
                        "classes": "",
                        "fontFamily": "serif",
                        "fontSize": "0.8dvw",
                        "textAlign": "center"
                      },
                      "toggleSwitch": {
                        "color": {
                          "selected": "",
                          "unselected": ""
                        }
                      },
                      "viewParams": {},
                      "viewPath": "",
                      "visible": false,
                      "width": ""
                    }
                  ],
                  "pager": {
                    "bottom": false,
                    "initialOption": 10000
                  },
                  "rows": {
                    "highlight": {
                      "color": "#FFAC47"
                    },
                    "striped": {
                      "color": {
                        "even": "#FF8A8A",
                        "odd": "#FFFFFF"
                      }
                    }
                  },
                  "style": {
                    "borderBottomLeftRadius": 10,
                    "borderBottomRightRadius": 10,
                    "borderColor": "#AAAAAA",
                    "borderStyle": "groove",
                    "borderTopLeftRadius": 10,
                    "borderTopRightRadius": 10,
                    "borderWidth": 5,
                    "classes": "centerAlignColumns",
                    "marginBottom": 10,
                    "marginLeft": 2,
                    "marginRight": 2.5
                  }
                },
                "type": "ia.display.table"
              },
              {
                "children": [
                  {
                    "events": {
                      "dom": {
                        "onClick": [
                          {
                            "config": {
                              "draggable": true,
                              "id": "mypopup",
                              "modal": false,
                              "overlayDismiss": false,
                              "position": {
                                "width": 450
                              },
                              "positionType": "exact",
                              "resizable": true,
                              "showCloseIcon": true,
                              "type": "open",
                              "viewParams": {
                                "ACTION": "ADD",
                                "BG": "{view.params.BG}",
                                "BG_ID": "{view.params.BG_ID}",
                                "HEADER": "MACHINE",
                                "LINE": "{view.params.LINE}",
                                "LINE_ID": "{view.params.LINE_ID}",
                                "PLANT": "{view.params.PLANT}",
                                "PLANT_ID": "{view.params.PLANT_ID}"
                              },
                              "viewPath": "PMC/Popup/MASTER_POPUP",
                              "viewportBound": false
                            },
                            "scope": "C",
                            "type": "popup"
                          },
                          {
                            "config": {
                              "script": "\tself.view.params.MACHINE \u003d \u0027\u0027\n\tself.view.params.MACHINE_ID \u003d 0\n\tself.view.params.MACHINE_CODE \u003d 0\n\tself.view.params.MACHINE_ID_ID \u003d \u0027\u0027"
                            },
                            "scope": "G",
                            "type": "script"
                          }
                        ]
                      }
                    },
                    "meta": {
                      "name": "ADD"
                    },
                    "position": {
                      "basis": "30%"
                    },
                    "propConfig": {
                      "position.display": {
                        "binding": {
                          "config": {
                            "expression": "IF({view.params.LINE_ID}!\u003d0,true,false)"
                          },
                          "type": "expr"
                        }
                      }
                    },
                    "props": {
                      "style": {
                        "backgroundColor": "#008000",
                        "fontFamily": "Arial",
                        "fontSize": "1.2dvw",
                        "fontWeight": "bolder",
                        "textAlign": "center"
                      },
                      "text": "ADD"
                    },
                    "type": "ia.input.button"
                  },
                  {
                    "events": {
                      "dom": {
                        "onClick": [
                          {
                            "config": {
                              "draggable": true,
                              "id": "mypopup",
                              "modal": false,
                              "overlayDismiss": false,
                              "position": {
                                "width": 450
                              },
                              "positionType": "exact",
                              "resizable": true,
                              "showCloseIcon": true,
                              "type": "open",
                              "viewParams": {
                                "ACTION": "MODIFY",
                                "BG": "{view.params.BG}",
                                "BG_ID": "{view.params.BG_ID}",
                                "HEADER": "MACHINE",
                                "LINE": "{view.params.LINE}",
                                "LINE_ID": "{view.params.LINE_ID}",
                                "MACHINE": "{view.params.MACHINE}",
                                "MACHINE_CODE": "{view.params.MACHINE_CODE}",
                                "MACHINE_ID": "{view.params.MACHINE_ID}",
                                "MACHINE_ID_ID": "{view.params.MACHINE_ID_ID}",
                                "MACHINE_TYPE": "{view.params.MACHINE_TYPE}",
                                "PLANT": "{view.params.PLANT}",
                                "PLANT_ID": "{view.params.PLANT_ID}"
                              },
                              "viewPath": "PMC/Popup/MASTER_POPUP",
                              "viewportBound": false
                            },
                            "scope": "C",
                            "type": "popup"
                          },
                          {
                            "config": {
                              "script": "\tself.view.params.MACHINE \u003d \u0027\u0027\n\tself.view.params.MACHINE_ID \u003d 0\n\tself.view.params.MACHINE_CODE \u003d 0\n\tself.view.params.MACHINE_ID_ID \u003d 0"
                            },
                            "scope": "G",
                            "type": "script"
                          }
                        ]
                      }
                    },
                    "meta": {
                      "name": "MODIFY"
                    },
                    "position": {
                      "basis": "30%"
                    },
                    "propConfig": {
                      "position.display": {
                        "binding": {
                          "config": {
                            "expression": "IF({view.params.MACHINE_ID}!\u003d0,true,false)"
                          },
                          "type": "expr"
                        }
                      }
                    },
                    "props": {
                      "style": {
                        "backgroundColor": "#D97700",
                        "fontFamily": "Arial",
                        "fontSize": "1.2dvw",
                        "fontWeight": "bolder",
                        "textAlign": "center"
                      },
                      "text": "MODIFY"
                    },
                    "type": "ia.input.button"
                  },
                  {
                    "events": {
                      "dom": {
                        "onClick": [
                          {
                            "config": {
                              "draggable": true,
                              "id": "mypopup",
                              "modal": false,
                              "overlayDismiss": false,
                              "position": {
                                "width": 450
                              },
                              "positionType": "exact",
                              "resizable": true,
                              "showCloseIcon": true,
                              "type": "open",
                              "viewParams": {
                                "ACTION": "DELETE",
                                "BG": "{view.params.BG}",
                                "BG_ID": "{view.params.BG_ID}",
                                "HEADER": "MACHINE",
                                "LINE": "{view.params.LINE}",
                                "LINE_ID": "{view.params.LINE_ID}",
                                "MACHINE": "{view.params.MACHINE}",
                                "MACHINE_CODE": "{view.params.MACHINE_CODE}",
                                "MACHINE_ID": "{view.params.MACHINE_ID}",
                                "MACHINE_ID_ID": "{view.params.MACHINE_ID_ID}",
                                "MACHINE_TYPE": "{view.params.MACHINE_TYPE}",
                                "PLANT": "{view.params.PLANT}",
                                "PLANT_ID": "{view.params.PLANT_ID}"
                              },
                              "viewPath": "PMC/Popup/MASTER_POPUP",
                              "viewportBound": false
                            },
                            "scope": "C",
                            "type": "popup"
                          },
                          {
                            "config": {
                              "script": "\tself.view.params.MACHINE \u003d \u0027\u0027\n\tself.view.params.MACHINE_ID \u003d 0\n\tself.view.params.MACHINE_CODE \u003d 0\n\tself.view.params.MACHINE_ID_ID \u003d 0"
                            },
                            "scope": "G",
                            "type": "script"
                          }
                        ]
                      }
                    },
                    "meta": {
                      "name": "DELETE"
                    },
                    "position": {
                      "basis": "30%"
                    },
                    "propConfig": {
                      "position.display": {
                        "binding": {
                          "config": {
                            "expression": "IF({view.params.MACHINE_ID}!\u003d0,true,false)"
                          },
                          "type": "expr"
                        }
                      }
                    },
                    "props": {
                      "style": {
                        "backgroundColor": "#D90000",
                        "fontFamily": "Arial",
                        "fontSize": "1.2dvw",
                        "fontWeight": "bolder",
                        "textAlign": "center"
                      },
                      "text": "DELETE"
                    },
                    "type": "ia.input.button"
                  }
                ],
                "meta": {
                  "name": "BUTTONS"
                },
                "position": {
                  "basis": "5%"
                },
                "propConfig": {
                  "position.display": {
                    "binding": {
                      "config": {
                        "path": "./ADD.position.display"
                      },
                      "type": "property"
                    }
                  }
                },
                "props": {
                  "alignContent": "space-around",
                  "justify": "space-around",
                  "style": {
                    "marginBottom": 10,
                    "paddingLeft": 2.5,
                    "paddingRight": 2.5
                  }
                },
                "type": "ia.container.flex"
              }
            ],
            "meta": {
              "name": "MACHINE"
            },
            "position": {
              "basis": "40%",
              "grow": 1,
              "shrink": 0
            },
            "props": {
              "direction": "column"
            },
            "type": "ia.container.flex"
          }
        ],
        "meta": {
          "name": "Tabels"
        },
        "position": {
          "grow": 1
        },
        "props": {
          "style": {
            "marginTop": 10
          }
        },
        "type": "ia.container.flex"
      }
    ],
    "meta": {
      "name": "root"
    },
    "props": {
      "direction": "column"
    },
    "type": "ia.container.flex"
  }
}