{
  "custom": {
    "refreshTrigger": {
      "$": [
        "ts",
        192,
        1753945993228
      ],
      "$ts": 1753945993228
    }
  },
  "params": {
    "BG": "RSSL",
    "BG_ID": "5000",
    "CELL": "",
    "CELL_ID": 0,
    "Colour": "#293673",
    "M_B_Ref": 1,
    "PLANT": "Plant-Test",
    "PLANT_ID": "5999",
    "Project_ID": 1
  },
  "propConfig": {
    "params.BG": {
      "binding": {
        "config": {
          "path": "/root/Tabels/BG/FlexContainer/BG/TextField.props.text"
        },
        "type": "property"
      },
      "paramDirection": "inout",
      "persistent": true
    },
    "params.BG_ID": {
      "binding": {
        "config": {
          "path": "/root/Tabels/BG/FlexContainer/BG_ID/NumericEntryField.props.value"
        },
        "type": "property"
      },
      "paramDirection": "inout",
      "persistent": true
    },
    "params.CELL": {
      "paramDirection": "input",
      "persistent": true
    },
    "params.CELL_ID": {
      "paramDirection": "input",
      "persistent": true
    },
    "params.Colour": {
      "paramDirection": "input",
      "persistent": true
    },
    "params.PLANT": {
      "paramDirection": "input",
      "persistent": true
    },
    "params.PLANT_ID": {
      "paramDirection": "input",
      "persistent": true
    },
    "params.Project_ID": {
      "paramDirection": "input",
      "persistent": true
    }
  },
  "props": {
    "defaultSize": {
      "height": 648,
      "width": 1101
    }
  },
  "root": {
    "children": [
      {
        "children": [
          {
            "children": [
              {
                "meta": {
                  "name": "Label"
                },
                "position": {
                  "basis": "8%",
                  "shrink": 0
                },
                "propConfig": {
                  "props.style.backgroundColor": {
                    "binding": {
                      "config": {
                        "path": "view.params.Colour"
                      },
                      "type": "property"
                    }
                  }
                },
                "props": {
                  "style": {
                    "border-radius": "10px",
                    "borderColor": "silver",
                    "borderStyle": "outset",
                    "margin": 2
                  },
                  "text": "BUSINESS",
                  "textStyle": {
                    "color": "white",
                    "font-weight": "bold",
                    "fontFamily": "Arial",
                    "fontSize": "1dvw",
                    "text-align": "center"
                  }
                },
                "type": "ia.display.label"
              },
              {
                "children": [
                  {
                    "children": [
                      {
                        "meta": {
                          "name": "Label"
                        },
                        "position": {
                          "basis": "50%"
                        },
                        "props": {
                          "text": "BusinessID ",
                          "textStyle": {
                            "color": "white",
                            "font-weight": "bold",
                            "fontFamily": "Arial",
                            "fontSize": "1dvw",
                            "text-align": "center"
                          }
                        },
                        "type": "ia.display.label"
                      },
                      {
                        "meta": {
                          "name": "NumericEntryField"
                        },
                        "position": {
                          "basis": "50%"
                        },
                        "propConfig": {
                          "props.value": {
                            "onChange": {
                              "enabled": null,
                              "script": "\tself.parent.parent.parent.parent.getChild(\"PLANT\").getChild(\"FlexContainer\").getChild(\"PLANT_ID\").getChild(\"NumericEntryField\").props.value \u003d 0\n\tif currentValue.value \u003d\u003d 0:\n\t\tself.parent.parent.getChild(\"BG\").getChild(\"TextField\").props.text \u003d \u0027\u0027\n\t\tself.session.custom.OEE_Master.BG \u003d \u0027\u0027\n\t\tself.session.custom.OEE_Master.BG_ID \u003d 0\n\t\tself.view.params.BG \u003d \u0027\u0027\n\t\tself.view.params.BG_ID \u003d 0"
                            }
                          }
                        },
                        "props": {
                          "format": "none",
                          "style": {
                            "border-radius": "5px",
                            "text-align": "center"
                          },
                          "value": "5000"
                        },
                        "type": "ia.input.numeric-entry-field"
                      }
                    ],
                    "meta": {
                      "name": "BG_ID"
                    },
                    "position": {
                      "basis": "35%"
                    },
                    "props": {
                      "style": {
                        "margin": 2
                      }
                    },
                    "type": "ia.container.flex"
                  },
                  {
                    "children": [
                      {
                        "meta": {
                          "name": "Label"
                        },
                        "position": {
                          "basis": "50%"
                        },
                        "props": {
                          "text": "Business Name ",
                          "textStyle": {
                            "color": "white",
                            "font-family": "serif",
                            "font-weight": "bold",
                            "fontFamily": "Arial",
                            "fontSize": "1dvw",
                            "text-align": "center"
                          }
                        },
                        "type": "ia.display.label"
                      },
                      {
                        "meta": {
                          "name": "TextField"
                        },
                        "position": {
                          "basis": "50%"
                        },
                        "propConfig": {
                          "props.text": {
                            "binding": {
                              "config": {
                                "path": "session.custom.CP_User_Management.BG_DD_DS[0].label"
                              },
                              "enabled": false,
                              "type": "property"
                            }
                          }
                        },
                        "props": {
                          "style": {
                            "border-radius": "5px",
                            "text-align": "right"
                          },
                          "text": "RSSL"
                        },
                        "type": "ia.input.text-field"
                      }
                    ],
                    "meta": {
                      "name": "BG"
                    },
                    "position": {
                      "basis": "35%"
                    },
                    "props": {
                      "style": {
                        "margin": 2
                      }
                    },
                    "type": "ia.container.flex"
                  }
                ],
                "meta": {
                  "name": "FlexContainer"
                },
                "position": {
                  "basis": "16%"
                },
                "propConfig": {
                  "props.style.backgroundColor": {
                    "binding": {
                      "config": {
                        "path": "view.params.Colour"
                      },
                      "type": "property"
                    }
                  }
                },
                "props": {
                  "direction": "column",
                  "justify": "center",
                  "style": {
                    "border-radius": "10px",
                    "borderStyle": "ridge",
                    "margin": 3
                  }
                },
                "type": "ia.container.flex"
              },
              {
                "events": {
                  "component": {
                    "onRowClick": {
                      "config": {
                        "script": "\tself.view.params.BG_ID \u003d self.props.selection.data[0].BusinessID\n\tself.view.params.BG \u003d self.props.selection.data[0].BusinessName\n\tself.session.custom.OEE_Master.BG \u003d self.props.selection.data[0].BusinessName\n\tself.session.custom.OEE_Master.BG_ID \u003d self.props.selection.data[0].BusinessID\n\tself.parent.getChild(\"FlexContainer\").getChild(\"BG\").getChild(\"TextField\").props.text \u003d self.props.selection.data[0].BusinessName\n\tself.parent.getChild(\"FlexContainer\").getChild(\"BG_ID\").getChild(\"NumericEntryField\").props.value\u003d self.props.selection.data[0].BusinessID"
                      },
                      "scope": "G",
                      "type": "script"
                    }
                  }
                },
                "meta": {
                  "name": "BG_Table"
                },
                "position": {
                  "basis": "60%",
                  "grow": 1,
                  "shrink": 0
                },
                "propConfig": {
                  "props.data": {
                    "binding": {
                      "config": {
                        "path": "session.custom.CP_User_Management.BG_DD_DS"
                      },
                      "transforms": [
                        {
                          "code": "\tfrom collections import OrderedDict\n\t\n\t# \u0027value\u0027 is the input array from session property\n\t# Example input:\n\t# [\n\t#   {\"label\": \"RML-SLD\", \"value\": \"1000\"},\n\t#   {\"label\": \"RML-ECD\", \"value\": \"2000\"}\n\t# ]\n\t\n\tresult \u003d [OrderedDict([\n\t    (\"BusinessID\", item[\"value\"]), \n\t    (\"BusinessName\", item[\"label\"])\n\t]) for item in value]\n\t\n\treturn result",
                          "type": "script"
                        }
                      ],
                      "type": "property"
                    }
                  }
                },
                "props": {
                  "cells": {
                    "style": {
                      "borderStyle": "groove",
                      "fontFamily": "serif",
                      "textAlign": "center"
                    }
                  },
                  "columns": [
                    {
                      "align": "center",
                      "boolean": "checkbox",
                      "dateFormat": "MM/DD/YYYY",
                      "editable": false,
                      "field": "Business_ID",
                      "filter": {
                        "boolean": {
                          "condition": ""
                        },
                        "date": {
                          "condition": "",
                          "value": ""
                        },
                        "enabled": true,
                        "number": {
                          "condition": "",
                          "value": ""
                        },
                        "string": {
                          "condition": "",
                          "value": ""
                        },
                        "visible": "on-hover"
                      },
                      "footer": {
                        "align": "center",
                        "justify": "left",
                        "style": {
                          "classes": ""
                        },
                        "title": ""
                      },
                      "header": {
                        "align": "center",
                        "justify": "center",
                        "style": {
                          "borderColor": "#2B2B2B",
                          "borderStyle": "solid",
                          "borderWidth": 3,
                          "classes": "",
                          "color": "#2B2B2B",
                          "fontSize": "1dvw",
                          "fontWeight": "bolder"
                        },
                        "title": "ID"
                      },
                      "justify": "right",
                      "nullFormat": {
                        "includeNullStrings": false,
                        "nullFormatValue": "",
                        "strict": false
                      },
                      "number": "value",
                      "numberFormat": "0,0.##",
                      "progressBar": {
                        "bar": {
                          "color": "",
                          "style": {
                            "classes": ""
                          }
                        },
                        "max": 100,
                        "min": 0,
                        "track": {
                          "color": "",
                          "style": {
                            "classes": ""
                          }
                        },
                        "value": {
                          "enabled": true,
                          "format": "0,0.##",
                          "justify": "center",
                          "style": {
                            "classes": ""
                          }
                        }
                      },
                      "render": "string",
                      "resizable": true,
                      "sort": "none",
                      "sortable": true,
                      "strictWidth": true,
                      "style": {
                        "classes": "",
                        "fontFamily": "serif",
                        "fontSize": "0.8dvw",
                        "textAlign": "center"
                      },
                      "toggleSwitch": {
                        "color": {
                          "selected": "",
                          "unselected": ""
                        }
                      },
                      "viewParams": {},
                      "viewPath": "",
                      "visible": true,
                      "width": ""
                    },
                    {
                      "align": "center",
                      "boolean": "checkbox",
                      "dateFormat": "MM/DD/YYYY",
                      "editable": false,
                      "field": "Business_Name",
                      "filter": {
                        "boolean": {
                          "condition": ""
                        },
                        "date": {
                          "condition": "",
                          "value": ""
                        },
                        "enabled": true,
                        "number": {
                          "condition": "",
                          "value": ""
                        },
                        "string": {
                          "condition": "",
                          "value": ""
                        },
                        "visible": "on-hover"
                      },
                      "footer": {
                        "align": "center",
                        "justify": "left",
                        "style": {
                          "classes": ""
                        },
                        "title": ""
                      },
                      "header": {
                        "align": "center",
                        "justify": "center",
                        "style": {
                          "borderColor": "#2B2B2B",
                          "borderStyle": "solid",
                          "borderWidth": 3,
                          "classes": "",
                          "color": "#2B2B2B",
                          "fontSize": "1dvw",
                          "fontWeight": "bolder"
                        },
                        "title": "BUSINESS"
                      },
                      "justify": "center",
                      "nullFormat": {
                        "includeNullStrings": false,
                        "nullFormatValue": "",
                        "strict": false
                      },
                      "number": "value",
                      "numberFormat": "0,0.##",
                      "progressBar": {
                        "bar": {
                          "color": "",
                          "style": {
                            "classes": ""
                          }
                        },
                        "max": 100,
                        "min": 0,
                        "track": {
                          "color": "",
                          "style": {
                            "classes": ""
                          }
                        },
                        "value": {
                          "enabled": true,
                          "format": "0,0.##",
                          "justify": "center",
                          "style": {
                            "classes": ""
                          }
                        }
                      },
                      "render": "auto",
                      "resizable": true,
                      "sort": "none",
                      "sortable": true,
                      "strictWidth": false,
                      "style": {
                        "classes": "",
                        "fontFamily": "serif",
                        "fontSize": "0.8dvw",
                        "textAlign": "center"
                      },
                      "toggleSwitch": {
                        "color": {
                          "selected": "",
                          "unselected": ""
                        }
                      },
                      "viewParams": {},
                      "viewPath": "",
                      "visible": true,
                      "width": ""
                    },
                    {
                      "align": "center",
                      "boolean": "checkbox",
                      "dateFormat": "MM/DD/YYYY",
                      "editable": false,
                      "field": "ID",
                      "filter": {
                        "boolean": {
                          "condition": ""
                        },
                        "date": {
                          "condition": "",
                          "value": ""
                        },
                        "enabled": true,
                        "number": {
                          "condition": "",
                          "value": ""
                        },
                        "string": {
                          "condition": "",
                          "value": ""
                        },
                        "visible": "on-hover"
                      },
                      "footer": {
                        "align": "center",
                        "justify": "left",
                        "style": {
                          "classes": ""
                        },
                        "title": ""
                      },
                      "header": {
                        "align": "center",
                        "justify": "center",
                        "style": {
                          "borderColor": "#2B2B2B",
                          "borderStyle": "solid",
                          "borderWidth": 3,
                          "classes": "",
                          "color": "#2B2B2B",
                          "fontSize": "1dvw",
                          "fontWeight": "bolder"
                        },
                        "title": "ID_ID"
                      },
                      "justify": "center",
                      "nullFormat": {
                        "includeNullStrings": false,
                        "nullFormatValue": "",
                        "strict": false
                      },
                      "number": "value",
                      "numberFormat": "0,0.##",
                      "progressBar": {
                        "bar": {
                          "color": "",
                          "style": {
                            "classes": ""
                          }
                        },
                        "max": 100,
                        "min": 0,
                        "track": {
                          "color": "",
                          "style": {
                            "classes": ""
                          }
                        },
                        "value": {
                          "enabled": true,
                          "format": "0,0.##",
                          "justify": "center",
                          "style": {
                            "classes": ""
                          }
                        }
                      },
                      "render": "auto",
                      "resizable": true,
                      "sort": "none",
                      "sortable": true,
                      "strictWidth": false,
                      "style": {
                        "classes": "",
                        "fontFamily": "serif",
                        "fontSize": "0.8dvw",
                        "textAlign": "center"
                      },
                      "toggleSwitch": {
                        "color": {
                          "selected": "",
                          "unselected": ""
                        }
                      },
                      "viewParams": {},
                      "viewPath": "",
                      "visible": false,
                      "width": ""
                    }
                  ],
                  "filter": {
                    "style": {
                      "backgroundColor": "#FFFFFF"
                    }
                  },
                  "pager": {
                    "bottom": false,
                    "initialOption": 10000
                  },
                  "rows": {
                    "highlight": {
                      "color": "#FFAC47"
                    },
                    "striped": {
                      "color": {
                        "even": "#FFFF8A",
                        "odd": "#FFFFFF"
                      }
                    }
                  },
                  "selection": {
                    "data": [
                      {
                        "BusinessID": "5000",
                        "BusinessName": "RSSL",
                        "column_3": ""
                      }
                    ],
                    "selectedColumn": "BusinessID",
                    "selectedRow": 3
                  },
                  "style": {
                    "borderBottomLeftRadius": 10,
                    "borderBottomRightRadius": 10,
                    "borderColor": "#AAAAAA",
                    "borderStyle": "groove",
                    "borderTopLeftRadius": 10,
                    "borderTopRightRadius": 10,
                    "borderWidth": 5,
                    "classes": "centerAlignColumns",
                    "marginBottom": 10,
                    "marginLeft": 2.5,
                    "marginRight": 2.5
                  }
                },
                "scripts": {
                  "customMethods": [],
                  "extensionFunctions": null,
                  "messageHandlers": [
                    {
                      "messageType": "refresh_table_BG",
                      "pageScope": true,
                      "script": "\tself.refreshBinding(\"props.data\")\n\tself.parent.getChild(\"FlexContainer\").getChild(\"BG_ID\").getChild(\"NumericEntryField\").props.value \u003d 0",
                      "sessionScope": true,
                      "viewScope": true
                    }
                  ]
                },
                "type": "ia.display.table"
              },
              {
                "children": [
                  {
                    "events": {
                      "dom": {
                        "onClick": {
                          "config": {
                            "script": "\ttry:\n\t\tdb \u003d \"CM_MASTER\"\n\t\tBusiness_Name \u003d str(self.parent.parent.getChild(\"FlexContainer\").getChild(\"BG\").getChild(\"TextField\").props.text)\n\t\tBusiness_Code \u003d str(self.parent.parent.getChild(\"FlexContainer\").getChild(\"BG_ID\").getChild(\"NumericEntryField\").props.value)\n\t\t\n\t\ttable \u003d \"M_BUSINESS\"\n\t\tcolumns \u003d \"(business_id, business_name)\"\n\t\tvalues \u003d \"(?,?)\"\n\t\targs \u003d [Business_Code, Business_Name]\n\t\t\n\t\tMasters.Common_Master.add_query(table, columns, values, args, db)\n\t\tMasters.Common_Master.open_popup(\n\t\t    \"Business Master\", \n\t\t    \"Business \u0027{}\u0027 added successfully with Business Code {}\".format(Business_Name, Business_Code)\n\t\t)\n\t\tsystem.perspective.sendMessage(\"refresh_table_BG\", scope\u003d\"page\")\n\texcept Exception as e:\n\t\tMasters.Common_Master.open_popup(\n\t\t    \"Error Adding Business\", \n\t\t    \"Failed to add Business. Reason: {}\".format(str(e))\n\t\t)\n\t\t\n"
                          },
                          "scope": "G",
                          "type": "script"
                        }
                      }
                    },
                    "meta": {
                      "name": "ADD"
                    },
                    "position": {
                      "basis": "30%"
                    },
                    "props": {
                      "style": {
                        "backgroundColor": "#293673",
                        "fontFamily": "Arial",
                        "fontSize": "1.2dvw",
                        "fontWeight": "bolder",
                        "textAlign": "center"
                      },
                      "text": "ADD"
                    },
                    "type": "ia.input.button"
                  },
                  {
                    "events": {
                      "dom": {
                        "onClick": {
                          "config": {
                            "script": "\t\n\ttry:\n\t\tdb \u003d \"CM_MASTER\"\n\t\t# Read values from components\n\t\tBusiness_Name \u003d self.parent.parent.getChild(\"FlexContainer\").getChild(\"BG\").getChild(\"TextField\").props.text\n\t\tBusiness_Code \u003d self.parent.parent.getChild(\"FlexContainer\").getChild(\"BG_ID\").getChild(\"NumericEntryField\").props.value\n\t\t# Table details\n\t\ttable \u003d \"M_BUSINESS\"\n\t\tcolumns \u003d \"business_name \u003d ?\"\n\t\targs \u003d [Business_Name]\n\t\t# Where condition (modify based on primary key or unique code)\n\t\twhere \u003d \"business_id \u003d {}\".format(Business_Code)\n\t\t\n\t\t# Update data\n\t\tMasters.Common_Master.modify_query(table, columns, where, args, db)\n\t\t\n\t\tMasters.Common_Master.open_popup(\n\t\t    \"Business Master\", \n\t\t    \"Business with Code {} modified successfully. New Name: \u0027{}\u0027\".format(Business_Code, Business_Name)\n\t\t)\n\n\t\tsystem.perspective.sendMessage(\"refresh_table_BG\", scope\u003d\"page\")\n\texcept Exception as e:\n\t\tMasters.Common_Master.open_popup(\n\t\t    \"Error Modifying Business\", \n\t\t    \"Failed to modify Business. Reason: {}\".format(str(e))\n\t\t)"
                          },
                          "scope": "G",
                          "type": "script"
                        }
                      }
                    },
                    "meta": {
                      "name": "MODIFY"
                    },
                    "position": {
                      "basis": "30%"
                    },
                    "props": {
                      "style": {
                        "backgroundColor": "#293673",
                        "fontFamily": "Arial",
                        "fontSize": "1.2dvw",
                        "fontWeight": "bolder",
                        "textAlign": "center"
                      },
                      "text": "MODIFY"
                    },
                    "type": "ia.input.button"
                  },
                  {
                    "events": {
                      "dom": {
                        "onClick": {
                          "config": {
                            "script": "\ttry:\n\t    Business_Code \u003d self.parent.parent.getChild(\"FlexContainer\").getChild(\"BG_ID\").getChild(\"NumericEntryField\").props.value\n\t    db \u003d \"CM_MASTER\"\n\t    header \u003d \"Business\"  \n\t    table \u003d \"M_BUSINESS\"\n\t    \n\t    where \u003d \"business_id \u003d ?\"\n\t    args \u003d [Business_Code]\n\t    system.perspective.print(args)\n\t    \n\t    success \u003d Masters.Common_Master.delete_query_new(table, where, args, db)\n\t    \n\t    if success:\n\t        system.perspective.sendMessage(\"refresh_table_BG\", scope\u003d\"page\")\n\t        Masters.Common_Master.open_popup(\n\t            \"Delete Success\", \"{} deleted successfully.\".format(header)\n\t        )\n\t    else:\n\t        Masters.Common_Master.open_popup(\n\t            \"Delete Failed\", \"Failed to delete {}. Check logs.\".format(header)\n\t        )\n\t\n\texcept Exception as e:\n\t    Masters.Common_Master.open_popup(\n\t        \"Error Deleting {}\".format(header), \n\t        \"Failed to delete {}. Reason: {}\".format(header, str(e))\n\t    )"
                          },
                          "scope": "G",
                          "type": "script"
                        }
                      }
                    },
                    "meta": {
                      "name": "DELETE"
                    },
                    "position": {
                      "basis": "30%"
                    },
                    "props": {
                      "style": {
                        "backgroundColor": "#293673",
                        "fontFamily": "Arial",
                        "fontSize": "1.2dvw",
                        "fontWeight": "bolder",
                        "textAlign": "center"
                      },
                      "text": "DELETE"
                    },
                    "type": "ia.input.button"
                  }
                ],
                "meta": {
                  "name": "BUTTONS"
                },
                "position": {
                  "basis": "5%"
                },
                "propConfig": {
                  "meta.visible": {
                    "binding": {
                      "config": {
                        "expression": "indexOf({session.props.auth.user.roles}, \"RDC Admin\") \u003e\u003d 0 "
                      },
                      "type": "expr"
                    }
                  }
                },
                "props": {
                  "alignContent": "space-around",
                  "justify": "space-around",
                  "style": {
                    "marginBottom": 10,
                    "paddingLeft": 2.5,
                    "paddingRight": 2.5
                  }
                },
                "type": "ia.container.flex"
              }
            ],
            "meta": {
              "name": "BG"
            },
            "position": {
              "basis": "30%",
              "shrink": 0
            },
            "props": {
              "direction": "column"
            },
            "type": "ia.container.flex"
          },
          {
            "children": [
              {
                "meta": {
                  "name": "Label"
                },
                "position": {
                  "basis": "8%",
                  "shrink": 0
                },
                "propConfig": {
                  "props.style.backgroundColor": {
                    "binding": {
                      "config": {
                        "path": "view.params.Colour"
                      },
                      "type": "property"
                    }
                  }
                },
                "props": {
                  "style": {
                    "border-radius": "10px",
                    "borderColor": "silver",
                    "borderStyle": "outset",
                    "margin": 2
                  },
                  "text": "PLANT",
                  "textStyle": {
                    "color": "white",
                    "font-weight": "bold",
                    "fontFamily": "Arial",
                    "fontSize": "1dvw",
                    "text-align": "center"
                  }
                },
                "type": "ia.display.label"
              },
              {
                "children": [
                  {
                    "children": [
                      {
                        "meta": {
                          "name": "Label"
                        },
                        "position": {
                          "basis": "50%"
                        },
                        "props": {
                          "text": " Plant ID",
                          "textStyle": {
                            "color": "white",
                            "font-weight": "bold",
                            "fontFamily": "Arial",
                            "fontSize": "1dvw",
                            "text-align": "center"
                          }
                        },
                        "type": "ia.display.label"
                      },
                      {
                        "meta": {
                          "name": "NumericEntryField"
                        },
                        "position": {
                          "basis": "50%"
                        },
                        "propConfig": {
                          "props.value": {
                            "binding": {
                              "config": {
                                "path": "view.params.PLANT_ID"
                              },
                              "type": "property"
                            },
                            "onChange": {
                              "enabled": null,
                              "script": "\tself.parent.parent.parent.parent.getChild(\"CELL\").getChild(\"FlexContainer\").getChild(\"CELL_ID\").getChild(\"NumericEntryField\").props.value \u003d 0\n\tif currentValue.value \u003d\u003d 0:\n\t\tself.parent.parent.getChild(\"PLANT\").getChild(\"TextField\").props.text \u003d \u0027\u0027\n\t\tself.session.custom.OEE_Master.PLANT \u003d \u0027\u0027\n\t\tself.session.custom.OEE_Master.PLANT_ID \u003d 0\n\t\tself.view.params.PLANT \u003d \u0027\u0027\n\t\tself.view.params.PLANT_ID \u003d 0"
                            }
                          }
                        },
                        "props": {
                          "format": "none",
                          "style": {
                            "border-radius": "5px",
                            "text-align": "center"
                          }
                        },
                        "type": "ia.input.numeric-entry-field"
                      }
                    ],
                    "meta": {
                      "name": "PLANT_ID"
                    },
                    "position": {
                      "basis": "35%"
                    },
                    "props": {
                      "style": {
                        "margin": 2
                      }
                    },
                    "type": "ia.container.flex"
                  },
                  {
                    "children": [
                      {
                        "meta": {
                          "name": "Label"
                        },
                        "position": {
                          "basis": "50%"
                        },
                        "props": {
                          "text": "Plant Name",
                          "textStyle": {
                            "color": "white",
                            "font-family": "serif",
                            "font-weight": "bold",
                            "fontFamily": "Arial",
                            "fontSize": "1dvw",
                            "text-align": "center"
                          }
                        },
                        "type": "ia.display.label"
                      },
                      {
                        "meta": {
                          "name": "TextField"
                        },
                        "position": {
                          "basis": "50%"
                        },
                        "propConfig": {
                          "props.text": {
                            "binding": {
                              "config": {
                                "path": "view.params.PLANT"
                              },
                              "type": "property"
                            }
                          }
                        },
                        "props": {
                          "style": {
                            "border-radius": "5px",
                            "text-align": "right"
                          }
                        },
                        "type": "ia.input.text-field"
                      }
                    ],
                    "meta": {
                      "name": "PLANT"
                    },
                    "position": {
                      "basis": "35%"
                    },
                    "props": {
                      "style": {
                        "margin": 2
                      }
                    },
                    "type": "ia.container.flex"
                  }
                ],
                "meta": {
                  "name": "FlexContainer"
                },
                "position": {
                  "basis": "16%"
                },
                "propConfig": {
                  "props.style.backgroundColor": {
                    "binding": {
                      "config": {
                        "path": "view.params.Colour"
                      },
                      "type": "property"
                    }
                  }
                },
                "props": {
                  "direction": "column",
                  "justify": "center",
                  "style": {
                    "border-radius": "10px",
                    "borderStyle": "ridge",
                    "margin": 3
                  }
                },
                "type": "ia.container.flex"
              },
              {
                "events": {
                  "component": {
                    "onRowClick": {
                      "config": {
                        "script": "   \tself.view.params.PLANT_ID \u003d self.props.selection.data[0].PlantID\n\tself.view.params.PLANT\u003d self.props.selection.data[0].PlantName\n\tself.session.custom.OEE_Master.PLANT \u003d self.props.selection.data[0].PlantName\n\tself.session.custom.OEE_Master.PLANT_ID \u003d self.props.selection.data[0].PlantID\t"
                      },
                      "scope": "G",
                      "type": "script"
                    }
                  }
                },
                "meta": {
                  "name": "Plant_Table"
                },
                "position": {
                  "basis": "60%",
                  "grow": 1,
                  "shrink": 0
                },
                "propConfig": {
                  "props.data": {
                    "binding": {
                      "config": {
                        "path": "view.params.BG_ID"
                      },
                      "transforms": [
                        {
                          "code": "\tfrom collections import OrderedDict\n\t\n\t# Call your existing function to get the source array\n\tsource \u003d Common_Portal.User.Plant_DD_DS(value, self.session.custom.CP_User_Management.Roles)\n\t\n\t# Sort by label (PlantName)\n\tsorted_source \u003d sorted(source, key\u003dlambda x: x[\"label\"])\n\t\n\t# Transform to PlantID first, PlantName second\n\tresult \u003d [OrderedDict([\n\t    (\"PlantID\", item[\"value\"]),\n\t    (\"PlantName\", item[\"label\"])\n\t]) for item in sorted_source]\n\t\n\treturn result",
                          "type": "script"
                        }
                      ],
                      "type": "property"
                    }
                  }
                },
                "props": {
                  "cells": {
                    "style": {
                      "borderStyle": "groove",
                      "fontFamily": "Arial",
                      "fontSize": "1dvw",
                      "textAlign": "center"
                    }
                  },
                  "columns": [
                    {
                      "align": "center",
                      "boolean": "checkbox",
                      "dateFormat": "MM/DD/YYYY",
                      "editable": false,
                      "field": "Plant_ID",
                      "filter": {
                        "boolean": {
                          "condition": ""
                        },
                        "date": {
                          "condition": "",
                          "value": ""
                        },
                        "enabled": true,
                        "number": {
                          "condition": "",
                          "value": ""
                        },
                        "string": {
                          "condition": "",
                          "value": ""
                        },
                        "visible": "on-hover"
                      },
                      "footer": {
                        "align": "center",
                        "justify": "left",
                        "style": {
                          "classes": ""
                        },
                        "title": ""
                      },
                      "header": {
                        "align": "center",
                        "justify": "center",
                        "style": {
                          "borderColor": "#2B2B2B",
                          "borderStyle": "solid",
                          "borderWidth": 3,
                          "classes": "",
                          "color": "#2B2B2B",
                          "fontSize": "1dvw",
                          "fontWeight": "bolder"
                        },
                        "title": "ID"
                      },
                      "justify": "center",
                      "nullFormat": {
                        "includeNullStrings": false,
                        "nullFormatValue": "",
                        "strict": false
                      },
                      "number": "value",
                      "numberFormat": "0,0.##",
                      "progressBar": {
                        "bar": {
                          "color": "",
                          "style": {
                            "classes": ""
                          }
                        },
                        "max": 100,
                        "min": 0,
                        "track": {
                          "color": "",
                          "style": {
                            "classes": ""
                          }
                        },
                        "value": {
                          "enabled": true,
                          "format": "0,0.##",
                          "justify": "center",
                          "style": {
                            "classes": ""
                          }
                        }
                      },
                      "render": "string",
                      "resizable": true,
                      "sort": "none",
                      "sortable": true,
                      "strictWidth": true,
                      "style": {
                        "classes": "",
                        "fontFamily": "serif",
                        "fontSize": "0.8dvw",
                        "textAlign": "center"
                      },
                      "toggleSwitch": {
                        "color": {
                          "selected": "",
                          "unselected": ""
                        }
                      },
                      "viewParams": {},
                      "viewPath": "",
                      "visible": true,
                      "width": ""
                    },
                    {
                      "align": "center",
                      "boolean": "checkbox",
                      "dateFormat": "MM/DD/YYYY",
                      "editable": false,
                      "field": "Plant_Name",
                      "filter": {
                        "boolean": {
                          "condition": ""
                        },
                        "date": {
                          "condition": "",
                          "value": ""
                        },
                        "enabled": true,
                        "number": {
                          "condition": "",
                          "value": ""
                        },
                        "string": {
                          "condition": "",
                          "value": ""
                        },
                        "visible": "on-hover"
                      },
                      "footer": {
                        "align": "center",
                        "justify": "left",
                        "style": {
                          "classes": ""
                        },
                        "title": ""
                      },
                      "header": {
                        "align": "center",
                        "justify": "center",
                        "style": {
                          "borderColor": "#2B2B2B",
                          "borderStyle": "solid",
                          "borderWidth": 3,
                          "classes": "",
                          "color": "#2B2B2B",
                          "fontSize": "1dvw",
                          "fontWeight": "bolder"
                        },
                        "title": "PLANT"
                      },
                      "justify": "center",
                      "nullFormat": {
                        "includeNullStrings": false,
                        "nullFormatValue": "",
                        "strict": false
                      },
                      "number": "value",
                      "numberFormat": "0,0.##",
                      "progressBar": {
                        "bar": {
                          "color": "",
                          "style": {
                            "classes": ""
                          }
                        },
                        "max": 100,
                        "min": 0,
                        "track": {
                          "color": "",
                          "style": {
                            "classes": ""
                          }
                        },
                        "value": {
                          "enabled": true,
                          "format": "0,0.##",
                          "justify": "center",
                          "style": {
                            "classes": ""
                          }
                        }
                      },
                      "render": "auto",
                      "resizable": true,
                      "sort": "none",
                      "sortable": true,
                      "strictWidth": false,
                      "style": {
                        "classes": "",
                        "fontFamily": "serif",
                        "fontSize": "0.8dvw",
                        "textAlign": "center"
                      },
                      "toggleSwitch": {
                        "color": {
                          "selected": "",
                          "unselected": ""
                        }
                      },
                      "viewParams": {},
                      "viewPath": "",
                      "visible": true,
                      "width": ""
                    },
                    {
                      "align": "center",
                      "boolean": "checkbox",
                      "dateFormat": "MM/DD/YYYY",
                      "editable": false,
                      "field": "ID",
                      "filter": {
                        "boolean": {
                          "condition": ""
                        },
                        "date": {
                          "condition": "",
                          "value": ""
                        },
                        "enabled": true,
                        "number": {
                          "condition": "",
                          "value": ""
                        },
                        "string": {
                          "condition": "",
                          "value": ""
                        },
                        "visible": "on-hover"
                      },
                      "footer": {
                        "align": "center",
                        "justify": "left",
                        "style": {
                          "classes": ""
                        },
                        "title": ""
                      },
                      "header": {
                        "align": "center",
                        "justify": "center",
                        "style": {
                          "borderColor": "#2B2B2B",
                          "borderStyle": "solid",
                          "borderWidth": 3,
                          "classes": "",
                          "color": "#2B2B2B",
                          "fontSize": "1dvw",
                          "fontWeight": "bolder"
                        },
                        "title": "ID_ID"
                      },
                      "justify": "center",
                      "nullFormat": {
                        "includeNullStrings": false,
                        "nullFormatValue": "",
                        "strict": false
                      },
                      "number": "value",
                      "numberFormat": "0,0.##",
                      "progressBar": {
                        "bar": {
                          "color": "",
                          "style": {
                            "classes": ""
                          }
                        },
                        "max": 100,
                        "min": 0,
                        "track": {
                          "color": "",
                          "style": {
                            "classes": ""
                          }
                        },
                        "value": {
                          "enabled": true,
                          "format": "0,0.##",
                          "justify": "center",
                          "style": {
                            "classes": ""
                          }
                        }
                      },
                      "render": "auto",
                      "resizable": true,
                      "sort": "none",
                      "sortable": true,
                      "strictWidth": false,
                      "style": {
                        "classes": "",
                        "fontFamily": "serif",
                        "fontSize": "0.8dvw",
                        "textAlign": "center"
                      },
                      "toggleSwitch": {
                        "color": {
                          "selected": "",
                          "unselected": ""
                        }
                      },
                      "viewParams": {},
                      "viewPath": "",
                      "visible": false,
                      "width": ""
                    }
                  ],
                  "filter": {
                    "style": {
                      "backgroundColor": "#FFFFFF"
                    }
                  },
                  "pager": {
                    "bottom": false,
                    "initialOption": 10000
                  },
                  "rows": {
                    "highlight": {
                      "color": "#FFAC47"
                    },
                    "striped": {
                      "color": {
                        "even": "#FFFF8A",
                        "odd": "#FFFFFF"
                      }
                    }
                  },
                  "selection": {
                    "data": [
                      {
                        "PlantID": "5999",
                        "PlantName": "Plant-Test",
                        "column_3": ""
                      }
                    ],
                    "selectedColumn": "PlantName",
                    "selectedRow": 4
                  },
                  "style": {
                    "borderBottomLeftRadius": 10,
                    "borderBottomRightRadius": 10,
                    "borderColor": "#AAAAAA",
                    "borderStyle": "groove",
                    "borderTopLeftRadius": 10,
                    "borderTopRightRadius": 10,
                    "borderWidth": 5,
                    "classes": "centerAlignColumns",
                    "marginBottom": 10,
                    "marginLeft": 2.5,
                    "marginRight": 2.5
                  }
                },
                "scripts": {
                  "customMethods": [],
                  "extensionFunctions": null,
                  "messageHandlers": [
                    {
                      "messageType": "refresh_table_PT",
                      "pageScope": true,
                      "script": "\tself.refreshBinding(\"props.data\")\n\tself.parent.getChild(\"FlexContainer\").getChild(\"PLANT_ID\").getChild(\"NumericEntryField\").props.value \u003d 0",
                      "sessionScope": true,
                      "viewScope": true
                    }
                  ]
                },
                "type": "ia.display.table"
              },
              {
                "children": [
                  {
                    "events": {
                      "dom": {
                        "onClick": {
                          "config": {
                            "script": "\ttry:\n\t\tdb \u003d \"CM_MASTER\"\n\t\tBusiness_ID \u003d self.session.custom.OEE_Master.BG_ID\n\t\tPlant_ID \u003d self.parent.parent.parent.getChild(\"PLANT\").getChild(\"FlexContainer\").getChild(\"PLANT_ID\").getChild(\"NumericEntryField\").props.value\n\t\tPlant_Name \u003d self.parent.parent.parent.getChild(\"PLANT\").getChild(\"FlexContainer\").getChild(\"PLANT\").getChild(\"TextField\").props.text\n\t\t\n\t\t# Table details\n\t\ttable \u003d \"M_PLANT\"\n\t\tcolumns \u003d \"(business_id, plant_id, plant_name)\"\n\t\tvalues \u003d \"(?,?,?)\"\n\t\targs \u003d [Business_ID, Plant_ID, Plant_Name]\n\t\t\n\t\t# Insert data\n\t\tMasters.Common_Master.add_query(table, columns, values, args, db)\n\t\t\n\t\t# Success popup\n\t\tMasters.Common_Master.open_popup(\n\t\t    \"Plant Master\", \n\t\t    \"Plant \u0027{}\u0027 added successfully with Plant ID {} under Business ID {}\".format(Plant_Name, Plant_ID, Business_ID)\n\t\t)\n\n\t\tsystem.perspective.sendMessage(\"refresh_table_PT\", scope\u003d\"page\")\n\n\texcept Exception as e:\n\t\tMasters.Common_Master.open_popup(\n\t\t    \"Error Adding Plant\", \n\t\t    \"Failed to add Plant. Reason: {}\".format(str(e))\n\t\t)"
                          },
                          "scope": "G",
                          "type": "script"
                        }
                      }
                    },
                    "meta": {
                      "name": "ADD"
                    },
                    "position": {
                      "basis": "30%"
                    },
                    "props": {
                      "style": {
                        "backgroundColor": "#293673",
                        "fontFamily": "Arial",
                        "fontSize": "1.2dvw",
                        "fontWeight": "bolder",
                        "textAlign": "center"
                      },
                      "text": "ADD"
                    },
                    "type": "ia.input.button"
                  },
                  {
                    "events": {
                      "dom": {
                        "onClick": {
                          "config": {
                            "script": "\ttry:\n\t\tdb \u003d \"CM_MASTER\"\n\t\tBusiness_ID \u003d self.session.custom.OEE_Master.BG_ID\n\t\tPlant_ID \u003d self.parent.parent.parent.getChild(\"PLANT\").getChild(\"FlexContainer\").getChild(\"PLANT_ID\").getChild(\"NumericEntryField\").props.value\n\t\tPlant_Name \u003d self.parent.parent.parent.getChild(\"PLANT\").getChild(\"FlexContainer\").getChild(\"PLANT\").getChild(\"TextField\").props.text\n\t\ttable \u003d \"M_PLANT\"\n\t\tcolumns \u003d \"plant_name \u003d ?\"\n\t\twhere \u003d \"business_id \u003d ? AND plant_id \u003d ?\"\n\t\targs \u003d [Plant_Name, Business_ID, Plant_ID]\n\t\t\n\t\tMasters.Common_Master.modify_query(table, columns, where, args, db)\n\t\t\n\t\tMasters.Common_Master.open_popup(\n\t\t    \"Plant Master\", \n\t\t    \"Plant \u0027{}\u0027 (ID: {}) under Business ID {} modified successfully.\".format(Plant_Name, Plant_ID, Business_ID)\n\t\t)\n\t\n\t\tsystem.perspective.sendMessage(\"refresh_table_PT\", scope\u003d\"page\")\n\t\n\texcept Exception as e:\n\t\tMasters.Common_Master.open_popup(\n\t\t    \"Error Modifying Plant\", \n\t\t    \"Failed to modify Plant. Reason: {}\".format(str(e))\n\t\t)"
                          },
                          "scope": "G",
                          "type": "script"
                        }
                      }
                    },
                    "meta": {
                      "name": "MODIFY"
                    },
                    "position": {
                      "basis": "30%"
                    },
                    "props": {
                      "style": {
                        "backgroundColor": "#293673",
                        "fontFamily": "Arial",
                        "fontSize": "1.2dvw",
                        "fontWeight": "bolder",
                        "textAlign": "center"
                      },
                      "text": "MODIFY"
                    },
                    "type": "ia.input.button"
                  },
                  {
                    "events": {
                      "dom": {
                        "onClick": {
                          "config": {
                            "script": "\ttry:\n\t\tdb \u003d \"CM_MASTER\"\n\t\tBusiness_ID \u003d self.session.custom.OEE_Master.BG_ID\n\t\tPlant_ID \u003d self.parent.parent.parent.getChild(\"PLANT\").getChild(\"FlexContainer\").getChild(\"PLANT_ID\").getChild(\"NumericEntryField\").props.value\n\t\ttable \u003d \"M_PLANT\"\n\t\twhere \u003d \"business_id \u003d ? AND plant_id \u003d ?\"\n\t\targs \u003d [Business_ID, Plant_ID]\n\n\t\tMasters.Common_Master.delete_query_new(table, where, args, db)\n\t\tMasters.Common_Master.open_popup(\n\t\t    \"Plant Master\", \n\t\t    \"Plant with ID {} under Business ID {} deleted successfully.\".format(Plant_ID, Business_ID)\n\t\t)\n\n\t\tsystem.perspective.sendMessage(\"refresh_table_PT\", scope\u003d\"page\")\n\t\t\n\texcept Exception as e:\n\t\tMasters.Common_Master.open_popup(\n\t\t    \"Error Deleting Plant\", \n\t\t    \"Failed to delete Plant. Reason: {}\".format(str(e))\n\t\t)"
                          },
                          "scope": "G",
                          "type": "script"
                        }
                      }
                    },
                    "meta": {
                      "name": "DELETE"
                    },
                    "position": {
                      "basis": "30%"
                    },
                    "props": {
                      "style": {
                        "backgroundColor": "#293673",
                        "fontFamily": "Arial",
                        "fontSize": "1.2dvw",
                        "fontWeight": "bolder",
                        "textAlign": "center"
                      },
                      "text": "DELETE"
                    },
                    "type": "ia.input.button"
                  }
                ],
                "meta": {
                  "name": "BUTTONS"
                },
                "position": {
                  "basis": "5%"
                },
                "propConfig": {
                  "meta.visible": {
                    "binding": {
                      "config": {
                        "expression": "indexOf({session.props.auth.user.roles}, \"RDC Admin\") \u003e\u003d 0 "
                      },
                      "type": "expr"
                    }
                  }
                },
                "props": {
                  "alignContent": "space-around",
                  "justify": "space-around",
                  "style": {
                    "marginBottom": 10,
                    "paddingLeft": 2.5,
                    "paddingRight": 2.5
                  }
                },
                "type": "ia.container.flex"
              }
            ],
            "meta": {
              "name": "PLANT"
            },
            "position": {
              "basis": "30%",
              "shrink": 0
            },
            "props": {
              "direction": "column",
              "justify": "center"
            },
            "type": "ia.container.flex"
          },
          {
            "children": [
              {
                "meta": {
                  "name": "Label"
                },
                "position": {
                  "basis": "8%",
                  "shrink": 0
                },
                "propConfig": {
                  "props.style.backgroundColor": {
                    "binding": {
                      "config": {
                        "path": "view.params.Colour"
                      },
                      "type": "property"
                    }
                  }
                },
                "props": {
                  "style": {
                    "border-radius": "10px",
                    "borderColor": "silver",
                    "borderStyle": "outset",
                    "margin": 2
                  },
                  "text": "CELL",
                  "textStyle": {
                    "color": "white",
                    "font-weight": "bold",
                    "fontFamily": "Arial",
                    "fontSize": "1dvw",
                    "text-align": "center"
                  }
                },
                "type": "ia.display.label"
              },
              {
                "children": [
                  {
                    "children": [
                      {
                        "meta": {
                          "name": "Label"
                        },
                        "position": {
                          "basis": "50%"
                        },
                        "props": {
                          "style": {
                            "text-align": "center"
                          },
                          "text": "CELLID",
                          "textStyle": {
                            "color": "white",
                            "font-weight": "bold",
                            "fontFamily": "Arial",
                            "fontSize": "1dvw"
                          }
                        },
                        "type": "ia.display.label"
                      },
                      {
                        "meta": {
                          "name": "NumericEntryField"
                        },
                        "position": {
                          "basis": "50%"
                        },
                        "propConfig": {
                          "props.value": {
                            "binding": {
                              "config": {
                                "path": "view.params.CELL_ID"
                              },
                              "type": "property"
                            },
                            "onChange": {
                              "enabled": null,
                              "script": "\tself.session.custom.OEE_Master.M_B_Ref \u003d 1\n\tif currentValue.value \u003d\u003d 0:\n\t\tself.parent.parent.getChild(\"CELL\").getChild(\"TextField\").props.text \u003d \u0027\u0027\n\t\tself.session.custom.OEE_Master.CELL \u003d \u0027\u0027\n\t\tself.session.custom.OEE_Master.CELL_ID \u003d 0\n\t\tself.view.params.CELL \u003d \u0027\u0027\n\t\tself.view.params.CELL_ID \u003d 0\n\t"
                            }
                          }
                        },
                        "props": {
                          "format": "none",
                          "style": {
                            "border-radius": "5px",
                            "text-align": "center"
                          }
                        },
                        "type": "ia.input.numeric-entry-field"
                      }
                    ],
                    "meta": {
                      "name": "CELL_ID"
                    },
                    "position": {
                      "basis": "35%"
                    },
                    "props": {
                      "style": {
                        "margin": 2
                      }
                    },
                    "type": "ia.container.flex"
                  },
                  {
                    "children": [
                      {
                        "meta": {
                          "name": "Label"
                        },
                        "position": {
                          "basis": "50%"
                        },
                        "props": {
                          "style": {
                            "text-align": "center"
                          },
                          "text": "CELLName",
                          "textStyle": {
                            "color": "white",
                            "font-weight": "bold",
                            "fontFamily": "Arial",
                            "fontSize": "1dvw"
                          }
                        },
                        "type": "ia.display.label"
                      },
                      {
                        "meta": {
                          "name": "TextField"
                        },
                        "position": {
                          "basis": "50%"
                        },
                        "propConfig": {
                          "props.text": {
                            "binding": {
                              "config": {
                                "path": "view.params.CELL"
                              },
                              "type": "property"
                            }
                          }
                        },
                        "props": {
                          "style": {
                            "border-radius": "5px",
                            "text-align": "right"
                          }
                        },
                        "type": "ia.input.text-field"
                      }
                    ],
                    "meta": {
                      "name": "CELL"
                    },
                    "position": {
                      "basis": "35%"
                    },
                    "props": {
                      "style": {
                        "margin": 2
                      }
                    },
                    "type": "ia.container.flex"
                  }
                ],
                "meta": {
                  "name": "FlexContainer"
                },
                "position": {
                  "basis": "16%"
                },
                "propConfig": {
                  "props.style.backgroundColor": {
                    "binding": {
                      "config": {
                        "path": "view.params.Colour"
                      },
                      "type": "property"
                    }
                  }
                },
                "props": {
                  "direction": "column",
                  "justify": "center",
                  "style": {
                    "border-radius": "10px",
                    "borderStyle": "ridge",
                    "margin": 2
                  }
                },
                "type": "ia.container.flex"
              },
              {
                "events": {
                  "component": {
                    "onRowClick": {
                      "config": {
                        "script": "   \tself.view.params.CELL_ID \u003d self.props.selection.data[0].CellID\n\tself.view.params.CELL\u003d self.props.selection.data[0].CellName\n\tself.session.custom.OEE_Master.CELL \u003d self.props.selection.data[0].CellName\n\tself.session.custom.OEE_Master.CELL_ID \u003d self.props.selection.data[0].CellID\t"
                      },
                      "scope": "G",
                      "type": "script"
                    }
                  }
                },
                "meta": {
                  "name": "CELL_Table"
                },
                "position": {
                  "basis": "60%",
                  "grow": 1,
                  "shrink": 0
                },
                "propConfig": {
                  "props.data": {
                    "binding": {
                      "config": {
                        "parameters": {
                          "column": "\u0027cell_id as CellID, cell_name as CellName\u0027 ",
                          "table": "\u0027M_CELL\u0027",
                          "where": "\u0027project_id \u003d \u0027+{view.params.Project_ID}\r +\u0027 AND business_id \u003d \u0027+{view.params.BG_ID}\r +\u0027 AND plant_id \u003d \u0027+{view.params.PLANT_ID} "
                        },
                        "queryPath": "Common/Masters/select_with_where"
                      },
                      "type": "query"
                    }
                  }
                },
                "props": {
                  "cells": {
                    "style": {
                      "borderStyle": "groove",
                      "fontFamily": "serif",
                      "textAlign": "center"
                    }
                  },
                  "columns": [
                    {
                      "align": "center",
                      "boolean": "checkbox",
                      "dateFormat": "MM/DD/YYYY",
                      "editable": false,
                      "field": "Cell_ID",
                      "filter": {
                        "boolean": {
                          "condition": ""
                        },
                        "date": {
                          "condition": "",
                          "value": ""
                        },
                        "enabled": true,
                        "number": {
                          "condition": "",
                          "value": ""
                        },
                        "string": {
                          "condition": "",
                          "value": ""
                        },
                        "visible": "on-hover"
                      },
                      "footer": {
                        "align": "center",
                        "justify": "left",
                        "style": {
                          "classes": ""
                        },
                        "title": ""
                      },
                      "header": {
                        "align": "center",
                        "justify": "center",
                        "style": {
                          "borderColor": "#2B2B2B",
                          "borderStyle": "solid",
                          "borderWidth": 3,
                          "classes": "",
                          "color": "#2B2B2B",
                          "fontSize": "1dvw",
                          "fontWeight": "bolder"
                        },
                        "title": "ID"
                      },
                      "justify": "center",
                      "nullFormat": {
                        "includeNullStrings": false,
                        "nullFormatValue": "",
                        "strict": false
                      },
                      "number": "value",
                      "numberFormat": "0,0.##",
                      "progressBar": {
                        "bar": {
                          "color": "",
                          "style": {
                            "classes": ""
                          }
                        },
                        "max": 100,
                        "min": 0,
                        "track": {
                          "color": "",
                          "style": {
                            "classes": ""
                          }
                        },
                        "value": {
                          "enabled": true,
                          "format": "0,0.##",
                          "justify": "center",
                          "style": {
                            "classes": ""
                          }
                        }
                      },
                      "render": "string",
                      "resizable": true,
                      "sort": "none",
                      "sortable": true,
                      "strictWidth": true,
                      "style": {
                        "classes": "",
                        "fontFamily": "serif",
                        "fontSize": "0.8dvw",
                        "textAlign": "center"
                      },
                      "toggleSwitch": {
                        "color": {
                          "selected": "",
                          "unselected": ""
                        }
                      },
                      "viewParams": {},
                      "viewPath": "",
                      "visible": true,
                      "width": ""
                    },
                    {
                      "align": "center",
                      "boolean": "checkbox",
                      "dateFormat": "MM/DD/YYYY",
                      "editable": false,
                      "field": "Cell_Name",
                      "filter": {
                        "boolean": {
                          "condition": ""
                        },
                        "date": {
                          "condition": "",
                          "value": ""
                        },
                        "enabled": true,
                        "number": {
                          "condition": "",
                          "value": ""
                        },
                        "string": {
                          "condition": "",
                          "value": ""
                        },
                        "visible": "on-hover"
                      },
                      "footer": {
                        "align": "center",
                        "justify": "left",
                        "style": {
                          "classes": ""
                        },
                        "title": ""
                      },
                      "header": {
                        "align": "center",
                        "justify": "center",
                        "style": {
                          "borderColor": "#2B2B2B",
                          "borderStyle": "solid",
                          "borderWidth": 3,
                          "classes": "",
                          "color": "#2B2B2B",
                          "fontSize": "1dvw",
                          "fontWeight": "bolder"
                        },
                        "title": "CELL"
                      },
                      "justify": "center",
                      "nullFormat": {
                        "includeNullStrings": false,
                        "nullFormatValue": "",
                        "strict": false
                      },
                      "number": "value",
                      "numberFormat": "0,0.##",
                      "progressBar": {
                        "bar": {
                          "color": "",
                          "style": {
                            "classes": ""
                          }
                        },
                        "max": 100,
                        "min": 0,
                        "track": {
                          "color": "",
                          "style": {
                            "classes": ""
                          }
                        },
                        "value": {
                          "enabled": true,
                          "format": "0,0.##",
                          "justify": "center",
                          "style": {
                            "classes": ""
                          }
                        }
                      },
                      "render": "auto",
                      "resizable": true,
                      "sort": "none",
                      "sortable": true,
                      "strictWidth": false,
                      "style": {
                        "classes": "",
                        "fontFamily": "serif",
                        "fontSize": "0.8dvw",
                        "textAlign": "center"
                      },
                      "toggleSwitch": {
                        "color": {
                          "selected": "",
                          "unselected": ""
                        }
                      },
                      "viewParams": {},
                      "viewPath": "",
                      "visible": true,
                      "width": ""
                    },
                    {
                      "align": "center",
                      "boolean": "checkbox",
                      "dateFormat": "MM/DD/YYYY",
                      "editable": false,
                      "field": "ID",
                      "filter": {
                        "boolean": {
                          "condition": ""
                        },
                        "date": {
                          "condition": "",
                          "value": ""
                        },
                        "enabled": true,
                        "number": {
                          "condition": "",
                          "value": ""
                        },
                        "string": {
                          "condition": "",
                          "value": ""
                        },
                        "visible": "on-hover"
                      },
                      "footer": {
                        "align": "center",
                        "justify": "left",
                        "style": {
                          "classes": ""
                        },
                        "title": ""
                      },
                      "header": {
                        "align": "center",
                        "justify": "center",
                        "style": {
                          "borderColor": "#2B2B2B",
                          "borderStyle": "solid",
                          "borderWidth": 3,
                          "classes": "",
                          "color": "#2B2B2B",
                          "fontSize": "1dvw",
                          "fontWeight": "bolder"
                        },
                        "title": "ID_ID"
                      },
                      "justify": "center",
                      "nullFormat": {
                        "includeNullStrings": false,
                        "nullFormatValue": "",
                        "strict": false
                      },
                      "number": "value",
                      "numberFormat": "0,0.##",
                      "progressBar": {
                        "bar": {
                          "color": "",
                          "style": {
                            "classes": ""
                          }
                        },
                        "max": 100,
                        "min": 0,
                        "track": {
                          "color": "",
                          "style": {
                            "classes": ""
                          }
                        },
                        "value": {
                          "enabled": true,
                          "format": "0,0.##",
                          "justify": "center",
                          "style": {
                            "classes": ""
                          }
                        }
                      },
                      "render": "auto",
                      "resizable": true,
                      "sort": "none",
                      "sortable": true,
                      "strictWidth": false,
                      "style": {
                        "classes": "",
                        "fontFamily": "serif",
                        "fontSize": "0.8dvw",
                        "textAlign": "center"
                      },
                      "toggleSwitch": {
                        "color": {
                          "selected": "",
                          "unselected": ""
                        }
                      },
                      "viewParams": {},
                      "viewPath": "",
                      "visible": false,
                      "width": ""
                    }
                  ],
                  "pager": {
                    "bottom": false,
                    "initialOption": 10000
                  },
                  "rows": {
                    "highlight": {
                      "color": "#FFAC47"
                    },
                    "striped": {
                      "color": {
                        "even": "#FFFFFF",
                        "odd": "#FFCA8A"
                      }
                    }
                  },
                  "selection": {
                    "data": [
                      {
                        "CellID": "255990100",
                        "CellName": "RDC_TEST Cell",
                        "column_3": ""
                      }
                    ],
                    "selectedColumn": "CellName",
                    "selectedRow": 0
                  },
                  "style": {
                    "borderBottomLeftRadius": 10,
                    "borderBottomRightRadius": 10,
                    "borderColor": "#AAAAAA",
                    "borderStyle": "groove",
                    "borderTopLeftRadius": 10,
                    "borderTopRightRadius": 10,
                    "borderWidth": 5,
                    "classes": "centerAlignColumns",
                    "marginBottom": 10,
                    "marginLeft": 2.5,
                    "marginRight": 2.5
                  }
                },
                "scripts": {
                  "customMethods": [],
                  "extensionFunctions": null,
                  "messageHandlers": [
                    {
                      "messageType": "refresh_table_CL",
                      "pageScope": true,
                      "script": "\tself.refreshBinding(\"props.data\")\n\tself.parent.getChild(\"FlexContainer\").getChild(\"CELL_ID\").getChild(\"NumericEntryField\").props.value \u003d 0",
                      "sessionScope": true,
                      "viewScope": true
                    }
                  ]
                },
                "type": "ia.display.table"
              },
              {
                "children": [
                  {
                    "events": {
                      "dom": {
                        "onClick": {
                          "config": {
                            "script": "\ttry:\n\t    db \u003d \"CM_MASTER\"\n\t    \n\t    # Read values from session / components\n\t    Project_ID \u003d self.view.params.Project_ID\n\t    Business_ID \u003d self.session.custom.OEE_Master.BG_ID\n\t    Plant_ID \u003d self.session.custom.OEE_Master.PLANT_ID\n\t\n\t    Cell_ID \u003d self.parent.parent.getChild(\"FlexContainer\").getChild(\"CELL_ID\").getChild(\"NumericEntryField\").props.value\n\t    Cell_Name \u003d self.parent.parent.getChild(\"FlexContainer\").getChild(\"CELL\").getChild(\"TextField\").props.text\n\t\n\t    # Table details\n\t    table \u003d \"M_CELL\"\n\t    columns \u003d \"(project_id, business_id, plant_id, cell_id, cell_name)\"\n\t    values \u003d \"(?,?,?,?,?)\"\n\t    args \u003d [Project_ID, Business_ID, Plant_ID, Cell_ID, Cell_Name]\n\t\n\t    # --- Check for duplicate combination ---\n\t    checkQuery \u003d \"\"\"\n\t        SELECT 1 FROM M_CELL \n\t        WHERE project_id \u003d ? AND business_id \u003d ? AND plant_id \u003d ? AND cell_id \u003d ?\n\t    \"\"\"\n\t    existing \u003d system.db.runPrepQuery(checkQuery, [Project_ID, Business_ID, Plant_ID, Cell_ID], db)\n\t\n\t    if len(existing) \u003e 0:\n\t        Masters.Common_Master.open_popup(\n\t            \"Duplicate Entry\", \n\t            \"Cell ID \u0027{}\u0027 already exists for Project ID {}, Business ID {}, Plant ID {}\".format(\n\t                Cell_ID, Project_ID, Business_ID, Plant_ID\n\t            )\n\t        )\n\t    else:\n\t        # Insert data\n\t        Masters.Common_Master.add_query(table, columns, values, args, db)\n\t\n\t        # Success popup\n\t        Masters.Common_Master.open_popup(\n\t            \"Cell Master\", \n\t            \"Cell \u0027{}\u0027 added successfully with Cell ID {} under Project ID {}, Business ID {}, Plant ID {}\".format(\n\t                Cell_Name, Cell_ID, Project_ID, Business_ID, Plant_ID\n\t            )\n\t        )\n\t\n\t        # Refresh table\n\t        system.perspective.sendMessage(\"refresh_table_CL\", scope\u003d\"page\")\n\t\n\texcept Exception as e:\n\t    Masters.Common_Master.open_popup(\n\t        \"Error Adding Cell\", \n\t        \"Failed to add Cell. Reason: {}\".format(str(e))\n\t    )"
                          },
                          "scope": "G",
                          "type": "script"
                        }
                      }
                    },
                    "meta": {
                      "name": "ADD"
                    },
                    "position": {
                      "basis": "30%"
                    },
                    "props": {
                      "style": {
                        "backgroundColor": "#293673",
                        "fontFamily": "Arial",
                        "fontSize": "1.2dvw",
                        "fontWeight": "bolder",
                        "textAlign": "center"
                      },
                      "text": "ADD"
                    },
                    "type": "ia.input.button"
                  },
                  {
                    "events": {
                      "dom": {
                        "onClick": {
                          "config": {
                            "script": "\ttry:\n\t\tdb \u003d \"CM_MASTER\"\n\t\tProject_ID \u003d self.view.params.Project_ID\n\t\tBusiness_ID \u003d self.session.custom.OEE_Master.BG_ID\n\t\tPlant_ID \u003d self.session.custom.OEE_Master.PLANT_ID\n\t\tCell_ID \u003d self.parent.parent.getChild(\"FlexContainer\").getChild(\"CELL_ID\").getChild(\"NumericEntryField\").props.value\n\t\tCell_Name \u003d self.parent.parent.getChild(\"FlexContainer\").getChild(\"CELL\").getChild(\"TextField\").props.text\n\t\ttable \u003d \"M_CELL\"\n\t\tcolumns \u003d \"cell_name \u003d ?\"\n\t\twhere \u003d \"project_id \u003d ? AND business_id \u003d ? AND plant_id \u003d ? AND cell_id \u003d ?\"\n\t\targs \u003d [Cell_Name, Project_ID, Business_ID, Plant_ID, Cell_ID]\n\t\t\n\t\tMasters.Common_Master.modify_query(table, columns, where, args, db)\n\t\tMasters.Common_Master.open_popup(\n\t\t    \"Cell Master\", \n\t\t    \"Cell with ID {} under Plant ID {}, Business ID {}, Project ID {} updated successfully.\".format(\n\t\t        Cell_ID, Plant_ID, Business_ID, Project_ID\n\t\t    )\n\t\t)\n\t\t\n\t\tsystem.perspective.sendMessage(\"refresh_table_CL\", scope\u003d\"page\")\n\t\n\texcept Exception as e:\n\t\tMasters.Common_Master.open_popup(\n\t\t    \"Error Updating Cell\", \n\t\t    \"Failed to update Cell. Reason: {}\".format(str(e))\n\t\t)"
                          },
                          "scope": "G",
                          "type": "script"
                        }
                      }
                    },
                    "meta": {
                      "name": "MODIFY"
                    },
                    "position": {
                      "basis": "30%"
                    },
                    "props": {
                      "style": {
                        "backgroundColor": "#293673",
                        "fontFamily": "Arial",
                        "fontSize": "1.2dvw",
                        "fontWeight": "bolder",
                        "textAlign": "center"
                      },
                      "text": "MODIFY"
                    },
                    "type": "ia.input.button"
                  },
                  {
                    "events": {
                      "dom": {
                        "onClick": {
                          "config": {
                            "script": "\ttry:\n\t\tdb \u003d \"CM_MASTER\"\n\t\tProject_ID \u003d self.view.params.Project_ID\n\t\tBusiness_ID \u003d self.session.custom.OEE_Master.BG_ID\n\t\tPlant_ID \u003d self.session.custom.OEE_Master.PLANT_ID\n\t\t\n\t\tCell_ID \u003d self.parent.parent.getChild(\"FlexContainer\").getChild(\"CELL_ID\").getChild(\"NumericEntryField\").props.value\n\n\t\ttable \u003d \"M_CELL\"\n\t\twhere \u003d \"project_id \u003d ? AND business_id \u003d ? AND plant_id \u003d ? AND cell_id \u003d ?\"\n\t\targs \u003d [Project_ID, Business_ID, Plant_ID, Cell_ID]\n\n\t\tMasters.Common_Master.delete_query_new(table, where, args, db)\n\t\tMasters.Common_Master.open_popup(\n\t\t    \"Cell Master\", \n\t\t    \"Cell with ID {} under Plant ID {}, Business ID {}, Project ID {} deleted successfully.\".format(\n\t\t        Cell_ID, Plant_ID, Business_ID, Project_ID\n\t\t    )\n\t\t)\n\n\t\tsystem.perspective.sendMessage(\"refresh_table_CL\", scope\u003d\"page\")\n\n\texcept Exception as e:\n\t\tMasters.Common_Master.open_popup(\n\t\t    \"Error Deleting Cell\", \n\t\t    \"Failed to delete Cell. Reason: {}\".format(str(e))\n\t\t)"
                          },
                          "scope": "G",
                          "type": "script"
                        }
                      }
                    },
                    "meta": {
                      "name": "DELETE"
                    },
                    "position": {
                      "basis": "30%"
                    },
                    "props": {
                      "style": {
                        "backgroundColor": "#293673",
                        "fontFamily": "Arial",
                        "fontSize": "1.2dvw",
                        "fontWeight": "bolder",
                        "textAlign": "center"
                      },
                      "text": "DELETE"
                    },
                    "type": "ia.input.button"
                  }
                ],
                "meta": {
                  "name": "BUTTONS"
                },
                "position": {
                  "basis": "5%"
                },
                "propConfig": {
                  "meta.visible": {
                    "binding": {
                      "config": {
                        "expression": "indexOf({session.props.auth.user.roles}, \"RDC Admin\") \u003e\u003d 0 "
                      },
                      "type": "expr"
                    }
                  }
                },
                "props": {
                  "alignContent": "space-around",
                  "justify": "space-around",
                  "style": {
                    "marginBottom": 10,
                    "paddingLeft": 2.5,
                    "paddingRight": 2.5
                  }
                },
                "type": "ia.container.flex"
              }
            ],
            "meta": {
              "name": "CELL"
            },
            "position": {
              "basis": "30.7%",
              "shrink": 0
            },
            "props": {
              "direction": "column"
            },
            "type": "ia.container.flex"
          }
        ],
        "meta": {
          "name": "Tabels"
        },
        "position": {
          "grow": 1
        },
        "props": {
          "justify": "space-around",
          "style": {
            "marginTop": 10
          }
        },
        "type": "ia.container.flex"
      }
    ],
    "meta": {
      "name": "root"
    },
    "props": {
      "direction": "column"
    },
    "type": "ia.container.flex"
  }
}