{
  "custom": {},
  "params": {
    "Params": {
      "BG": "ZRAI-SGD",
      "BG_ID": 4,
      "DEPT": "PLE",
      "DEPT_ID": 1,
      "LINE": "TEST",
      "LINE_ID": 1,
      "MACHINE": "HMC 500-4",
      "MACHINE_CODE": 10001959,
      "MACHINE_ID": 1,
      "MACHINE_TYPE": "CNC",
      "MODULE": "PMC",
      "MODULE_ID": 1,
      "PLANT": "PLANT-1",
      "PLANT_ID": 1,
      "SUB_MODULE": "BI-YEARLY",
      "SUB_MODULE_ID": 5
    },
    "header": "",
    "popup": 0
  },
  "propConfig": {
    "params.Params": {
      "paramDirection": "inout",
      "persistent": true
    },
    "params.header": {
      "paramDirection": "input",
      "persistent": true
    },
    "params.popup": {
      "paramDirection": "input",
      "persistent": true
    }
  },
  "props": {
    "defaultSize": {
      "height": 550,
      "width": 500
    }
  },
  "root": {
    "children": [
      {
        "meta": {
          "name": "HEADER"
        },
        "position": {
          "shrink": 0
        },
        "propConfig": {
          "props.text": {
            "binding": {
              "config": {
                "expression": "\u0027UPDATED \u0027+{view.params.header}+\u0027 CHECKLIST\u0027"
              },
              "type": "expr"
            }
          }
        },
        "props": {
          "style": {
            "backgroundColor": "#27276B",
            "color": "#FFFFFF",
            "fontFamily": "Arial",
            "fontSize": "3dvw",
            "fontWeight": "bold",
            "marginBottom": 5,
            "paddingBottom": 5,
            "paddingTop": 5,
            "textAlign": "center"
          }
        },
        "type": "ia.display.label"
      },
      {
        "meta": {
          "name": "TextArea"
        },
        "position": {
          "basis": "20%",
          "grow": 1,
          "shrink": 0
        },
        "propConfig": {
          "props.text": {
            "binding": {
              "config": {
                "expression": "\u0027Dear Sir/Madam: \\n\u0027+\r\n\u0027      Here is the Updated \u0027+\u0027Bi-Yearly\u0027+\u0027 Checklist for your refrence\u0027+\r\n\"\\n\\n\\n NOTE: The below Checklist is for your refrence. Please don\u0027t try Update it.\""
              },
              "type": "expr"
            }
          }
        },
        "props": {
          "enabled": false,
          "style": {
            "backgroundColor": "#D5D5D5",
            "color": "#000000",
            "fontFamily": "Arial",
            "fontSize": "1dvw"
          }
        },
        "type": "ia.input.text-area"
      },
      {
        "meta": {
          "name": "EmbeddedView"
        },
        "propConfig": {
          "props.params.VIEW_PARAMS": {
            "binding": {
              "config": {
                "path": "view.params.Params"
              },
              "type": "property"
            }
          },
          "props.params.popup": {
            "binding": {
              "config": {
                "path": "view.params.popup"
              },
              "type": "property"
            }
          }
        },
        "props": {
          "params": {
            "CHECKLIST_UNIQUE_CODE": "BYVGI1E10001959"
          },
          "path": "PMC/Checklist/PMC"
        },
        "type": "ia.display.view"
      }
    ],
    "meta": {
      "name": "root"
    },
    "props": {
      "direction": "column",
      "style": {
        "borderColor": "#555555",
        "borderStyle": "solid",
        "paddingBottom": 5,
        "paddingLeft": 5,
        "paddingRight": 5,
        "paddingTop": 5
      }
    },
    "type": "ia.container.flex"
  }
}