{
  "custom": {},
  "params": {},
  "props": {
    "defaultSize": {
      "width": 1000
    }
  },
  "root": {
    "children": [
      {
        "meta": {
          "name": "Header"
        },
        "position": {
          "basis": "7%",
          "shrink": 0
        },
        "props": {
          "params": {
            "Module_Name": "MASTER"
          },
          "path": "PMC/Header/header"
        },
        "type": "ia.display.view"
      },
      {
        "meta": {
          "name": "Carousel"
        },
        "props": {
          "appearance": {
            "dots": {
              "enabled": false
            }
          },
          "autoplay": {
            "pauseOnHover": true
          },
          "views": [
            {
              "alignItems": "flex-start",
              "direction": "row",
              "justify": "flex-start",
              "viewParams": {
                "BG": "",
                "BG_ID": ""
              },
              "viewPath": "PMC/Masters/machine_master"
            },
            {
              "alignItems": "flex-start",
              "direction": "row",
              "justify": "flex-start",
              "viewParams": {},
              "viewPath": "PMC/Masters/Module_master"
            }
          ]
        },
        "type": "ia.display.carousel"
      }
    ],
    "meta": {
      "name": "root"
    },
    "props": {
      "direction": "column"
    },
    "type": "ia.container.flex"
  }
}