{
  "custom": {
    "allPlantdata": {
      "$": [
        "ds",
        192,
        1761641543278
      ],
      "$columns": [
        {
          "data": [
            "1000",
            "1000",
            "1000",
            "1000",
            "2000",
            "2000",
            "2000",
            "2000",
            "2000",
            "3000",
            "3000",
            "3000",
            "3000",
            "5000",
            "5000",
            "5000",
            "5000",
            "5000"
          ],
          "name": "Business_ID",
          "type": "String"
        },
        {
          "data": [
            "1150",
            "1200",
            "1250",
            "1300",
            "2200",
            "2300",
            "2400",
            "2500",
            "2600",
            "3000",
            "3100",
            "3200",
            "3600",
            "5000",
            "5400",
            "5500",
            "5600",
            "5999"
          ],
          "name": "Plant_ID",
          "type": "String"
        },
        {
          "data": [
            "Plant-4",
            "Plant-2",
            "Plant-5",
            "Plant-3",
            "Plant-2",
            "Plant-3",
            "Plant-4",
            "Plant-5",
            "Plant-6",
            "Plant-1",
            "Plant-2",
            "Plant-3",
            "Plant-4",
            "Plant-1",
            "Plant-3",
            "Plant-2",
            "Plant-4",
            "Plant-Test"
          ],
          "name": "Plant_Name",
          "type": "String"
        }
      ]
    }
  },
  "params": {
    "Business": "RML-SLD",
    "Business_ID": "1000"
  },
  "propConfig": {
    "custom.allPlantdata": {
      "binding": {
        "config": {
          "fallbackDelay": 2.5,
          "mode": "direct",
          "tagPath": "[default]Common_Portal/User_Managmet/Plant"
        },
        "type": "tag"
      },
      "persistent": true
    },
    "params.Business": {
      "paramDirection": "input",
      "persistent": true
    },
    "params.Business_ID": {
      "binding": {
        "config": {
          "path": "/root/FlexContainer/Headerdropdown/Business_Dropdown.props.value"
        },
        "type": "property"
      },
      "paramDirection": "inout",
      "persistent": true
    }
  },
  "props": {
    "defaultSize": {
      "height": 1609,
      "width": 1876
    }
  },
  "root": {
    "children": [
      {
        "children": [
          {
            "children": [
              {
                "meta": {
                  "name": "Label"
                },
                "position": {
                  "basis": "22.9%"
                },
                "props": {
                  "style": {
                    "backgroundImage": " linear-gradient( 178.7deg,  rgba(72,75,139,1) 1.7%, rgba(27,8,58,1) 63% )",
                    "color": "#FAFAFB",
                    "fontFamily": "Roboto",
                    "fontSize": 23,
                    "fontWeight": "bold",
                    "textAlign": "center"
                  },
                  "text": "BUSINESS OVERVIEW"
                },
                "type": "ia.display.label"
              },
              {
                "custom": {
                  "Business_name": "RML-SLD"
                },
                "meta": {
                  "name": "Business_Dropdown"
                },
                "position": {
                  "basis": "20.1%"
                },
                "propConfig": {
                  "props.options": {
                    "binding": {
                      "config": {
                        "path": "session.custom.CP_User_Management.BG_DD_DS"
                      },
                      "type": "property"
                    }
                  },
                  "props.value": {
                    "binding": {
                      "config": {
                        "expression": "if(\r\n  len({this.props.options}) \u003e 0,\r\n  {this.props.options[0].value},\r\n  coalesce(\r\n    {view.params.Business}\r\n    \r\n  )\r\n)"
                      },
                      "type": "expr"
                    },
                    "onChange": {
                      "enabled": null,
                      "script": "\t\n    options \u003d self.props.options\n    val \u003d self.props.value\n    labelText \u003d \"\"\n    for option in options:\n        if option[\u0027value\u0027] \u003d\u003d val:\n            labelText \u003d option[\u0027label\u0027]\n            break\n    self.custom.Business_name \u003d labelText"
                    }
                  }
                },
                "props": {
                  "allowCustomOptions": true,
                  "dropdownOptionStyle": {
                    "textAlign": "center"
                  },
                  "placeholder": {
                    "icon": {
                      "style": {
                        "textAlign": "center"
                      }
                    }
                  },
                  "style": {
                    "borderColor": "#D5D5D5",
                    "borderRadius": 5,
                    "borderStyle": "groove",
                    "color": "#000000",
                    "fontFamily": "Arial",
                    "fontSize": "1.5dvw",
                    "fontWeight": "bolder",
                    "marginBottom": 1.6,
                    "marginLeft": 1,
                    "marginRight": 5,
                    "marginTop": 1.6,
                    "textAlign": "center"
                  },
                  "textAlign": "center"
                },
                "type": "ia.input.dropdown"
              }
            ],
            "meta": {
              "name": "Headerdropdown"
            },
            "position": {
              "basis": "8%"
            },
            "type": "ia.container.flex"
          },
          {
            "children": [
              {
                "children": [
                  {
                    "children": [
                      {
                        "meta": {
                          "name": "NAME"
                        },
                        "position": {
                          "basis": "65%"
                        },
                        "propConfig": {
                          "props.text": {
                            "binding": {
                              "config": {
                                "expression": "{...../Headerdropdown/Business_Dropdown.custom.Business_name}"
                              },
                              "type": "expr"
                            }
                          }
                        },
                        "props": {
                          "style": {
                            "fontFamily": "Verdana",
                            "fontSize": "1.5dvw",
                            "fontWeight": "bold",
                            "textAlign": "center"
                          }
                        },
                        "type": "ia.display.label"
                      },
                      {
                        "meta": {
                          "name": "Icon"
                        },
                        "position": {
                          "basis": "20%"
                        },
                        "props": {
                          "path": "material/business"
                        },
                        "type": "ia.display.icon"
                      },
                      {
                        "meta": {
                          "name": "bg_id"
                        },
                        "position": {
                          "basis": "20%",
                          "display": false
                        },
                        "propConfig": {
                          "props.text": {
                            "binding": {
                              "config": {
                                "path": "..../Headerdropdown/Business_Dropdown.props.value"
                              },
                              "type": "property"
                            }
                          }
                        },
                        "props": {
                          "style": {
                            "fontFamily": "Verdana",
                            "fontSize": "0.8dvw",
                            "textAlign": "center"
                          }
                        },
                        "type": "ia.display.label"
                      },
                      {
                        "meta": {
                          "name": "Label"
                        },
                        "position": {
                          "basis": "20%"
                        },
                        "props": {
                          "style": {
                            "fontFamily": "Verdana",
                            "fontSize": "0.8dvw",
                            "textAlign": "center"
                          },
                          "text": "Business"
                        },
                        "type": "ia.display.label"
                      }
                    ],
                    "custom": {
                      "Plant": ""
                    },
                    "meta": {
                      "name": "BG"
                    },
                    "position": {
                      "basis": "24.5%"
                    },
                    "props": {
                      "direction": "column",
                      "style": {
                        "backgroundImage": " linear-gradient( 179.1deg,  rgba(0,98,133,1) -1.9%, rgba(0,165,198,1) 91.8% )",
                        "borderColor": "#808080",
                        "borderRadius": 10,
                        "borderStyle": "solid",
                        "borderWidth": 2,
                        "color": "#FAFAFB"
                      }
                    },
                    "type": "ia.container.flex"
                  },
                  {
                    "children": [
                      {
                        "meta": {
                          "name": "Label"
                        },
                        "position": {
                          "basis": "65%"
                        },
                        "propConfig": {
                          "props.text": {
                            "binding": {
                              "config": {
                                "parameters": {
                                  "BusinessID": "{...../Headerdropdown/Business_Dropdown.props.value}"
                                },
                                "queryPath": "OEE/BusinessOverview/Busineesswise_Machinecount",
                                "returnFormat": "scalar"
                              },
                              "type": "query"
                            }
                          }
                        },
                        "props": {
                          "style": {
                            "fontFamily": "Verdana",
                            "fontSize": "1.5dvw",
                            "fontWeight": "bold",
                            "textAlign": "center"
                          }
                        },
                        "type": "ia.display.label"
                      },
                      {
                        "meta": {
                          "name": "Icon"
                        },
                        "position": {
                          "basis": "20%"
                        },
                        "props": {
                          "path": "material/wifi"
                        },
                        "type": "ia.display.icon"
                      },
                      {
                        "meta": {
                          "name": "Label_0"
                        },
                        "position": {
                          "basis": "25%"
                        },
                        "props": {
                          "style": {
                            "fontFamily": "Verdana",
                            "fontSize": "0.8dvw",
                            "textAlign": "center"
                          },
                          "text": "Total Machines Connected"
                        },
                        "type": "ia.display.label"
                      }
                    ],
                    "meta": {
                      "name": "total mach"
                    },
                    "position": {
                      "basis": "30%",
                      "display": false
                    },
                    "props": {
                      "direction": "column",
                      "style": {
                        "backgroundImage": "linear-gradient( 75.1deg,  rgba(34,126,34,1) 6%, rgba(99,226,17,1) 84.3% )",
                        "borderColor": "#555555",
                        "borderRadius": 10,
                        "borderStyle": "solid",
                        "borderWidth": 2,
                        "color": "#FAFAFB",
                        "textAlign": "center"
                      }
                    },
                    "type": "ia.container.flex"
                  },
                  {
                    "children": [
                      {
                        "meta": {
                          "name": "Label"
                        },
                        "position": {
                          "basis": "65%"
                        },
                        "propConfig": {
                          "props.text": {
                            "binding": {
                              "config": {
                                "expression": "{...../chart/Plantwisedetails /FlexContainer_0/FlexRepeater.props.instances}"
                              },
                              "transforms": [
                                {
                                  "code": "\t\t# Get all instances\n\tinstances \u003d value\n\t\n\t# Calculate sum and count\n\ttotal_oee \u003d sum(inst.get(\"CM_OEE\", 0) for inst in instances)\n\tcount \u003d len(instances)\n\t\n\t# Calculate average, avoid division by zero\n\taverage_oee \u003d total_oee / count if count \u003e 0 else 0\n\t\n\treturn round(average_oee,2)",
                                  "type": "script"
                                }
                              ],
                              "type": "expr"
                            }
                          }
                        },
                        "props": {
                          "style": {
                            "fontFamily": "Verdana",
                            "fontSize": "1.5dvw",
                            "fontWeight": "bold",
                            "textAlign": "center"
                          }
                        },
                        "type": "ia.display.label"
                      },
                      {
                        "meta": {
                          "name": "Icon"
                        },
                        "position": {
                          "basis": "20%"
                        },
                        "props": {
                          "path": "material/insights"
                        },
                        "type": "ia.display.icon"
                      },
                      {
                        "meta": {
                          "name": "Label_0"
                        },
                        "position": {
                          "basis": "50px"
                        },
                        "props": {
                          "style": {
                            "fontFamily": "Verdana",
                            "fontSize": "0.8dvw",
                            "textAlign": "center"
                          },
                          "text": "Current Month OEE"
                        },
                        "type": "ia.display.label"
                      }
                    ],
                    "meta": {
                      "name": "Current month OEE"
                    },
                    "position": {
                      "basis": "25.4%"
                    },
                    "props": {
                      "direction": "column",
                      "style": {
                        "backgroundImage": "radial-gradient( circle 950px at 2.5% 8%,  rgba(44,103,176,1) 0%, rgba(35,56,136,1) 90% )",
                        "borderColor": "#555555",
                        "borderRadius": 10,
                        "borderStyle": "solid",
                        "borderWidth": 2,
                        "color": "#FAFAFB",
                        "textAlign": "center"
                      }
                    },
                    "type": "ia.container.flex"
                  },
                  {
                    "children": [
                      {
                        "meta": {
                          "name": "Plant_Name"
                        },
                        "position": {
                          "basis": "32px"
                        },
                        "props": {
                          "style": {
                            "color": "#000000",
                            "fontFamily": "Arial",
                            "fontSize": "0.9dvw",
                            "textAlign": "center"
                          },
                          "text": "Plant_Name"
                        },
                        "type": "ia.display.label"
                      },
                      {
                        "meta": {
                          "name": "FlexRepeater"
                        },
                        "position": {
                          "basis": "93.4%"
                        },
                        "propConfig": {
                          "props.instances": {
                            "binding": {
                              "config": {
                                "expression": "{view.params.Business_ID}"
                              },
                              "transforms": [
                                {
                                  "code": "\tds \u003d self.view.custom.allPlantdata\n\tbusiness_id \u003d value\n\t\n\t# Handle empty or missing data\n\tif ds is None or business_id is None:\n\t    return []\n\t\n\t# Convert dataset to Python iterable\n\tpy_ds \u003d system.dataset.toPyDataSet(ds)\n\t\n\t# Filter plants by Business_ID\n\tfiltered \u003d []\n\tfor row in py_ds:\n\t\ttry:\n\t\t\tif int(row[\"Business_ID\"]) \u003d\u003d int(business_id):\n\t\t\t\tfiltered.append({\n\t\t\t\t\t\"Plant_ID\": row[\"Plant_ID\"],\n\t\t\t\t\t\"Plant_Name\": row[\"Plant_Name\"],\n\t\t\t\t\t\"Business_ID\": row[\"Business_ID\"]\n\t\t\t\t})\n\t\texcept:\n\t\t\tcontinue\n\t\n\t# Sort filtered list by Plant_Name\n\tfiltered_sorted \u003d sorted(filtered, key\u003dlambda x: x[\"Plant_Name\"])\n\t\n\t# Return list to Flex Repeater\n\treturn filtered_sorted",
                                  "type": "script"
                                }
                              ],
                              "type": "expr"
                            }
                          }
                        },
                        "props": {
                          "alignContent": "space-between",
                          "alignItems": "center",
                          "direction": "column",
                          "elementPosition": {
                            "grow": 0
                          },
                          "justify": "space-evenly",
                          "path": "OEE/OEE/PlantFlex",
                          "style": {
                            "overflow": "hidden"
                          }
                        },
                        "type": "ia.display.flex-repeater"
                      }
                    ],
                    "meta": {
                      "name": "Plant"
                    },
                    "position": {
                      "basis": "34.2%"
                    },
                    "propConfig": {
                      "custom.Current_Year": {
                        "binding": {
                          "config": {
                            "expression": "dateExtract(now(), \"year\")"
                          },
                          "type": "expr"
                        }
                      },
                      "custom.Current_month": {
                        "binding": {
                          "config": {
                            "expression": "(dateExtract(now(), \"month\") % 12) + 1\r\n\r\n"
                          },
                          "type": "expr"
                        }
                      }
                    },
                    "props": {
                      "direction": "column",
                      "style": {
                        "backgroundColor": "#9696EF",
                        "borderColor": "#808080",
                        "borderRadius": 10,
                        "borderStyle": "solid",
                        "borderWidth": 2,
                        "color": "#FAFAFB",
                        "overflow": "hidden"
                      }
                    },
                    "type": "ia.container.flex"
                  }
                ],
                "meta": {
                  "name": "Business overview"
                },
                "position": {
                  "basis": "55%",
                  "shrink": 0
                },
                "props": {
                  "justify": "space-between"
                },
                "type": "ia.container.flex"
              },
              {
                "children": [
                  {
                    "children": [
                      {
                        "meta": {
                          "name": "Label"
                        },
                        "position": {
                          "basis": "65%"
                        },
                        "propConfig": {
                          "custom.Bussiness_ID": {
                            "binding": {
                              "config": {
                                "path": "..../Headerdropdown/Business_Dropdown.props.value"
                              },
                              "type": "property"
                            }
                          },
                          "props.text": {
                            "binding": {
                              "config": {
                                "parameters": {
                                  "BusinessID": "{view.params.Business_ID}"
                                },
                                "queryPath": "OEE/BusinessOverview/MC_LIVE",
                                "returnFormat": "scalar"
                              },
                              "type": "query"
                            }
                          }
                        },
                        "props": {
                          "style": {
                            "fontFamily": "Verdana",
                            "fontSize": "1.5dvw",
                            "fontWeight": "bold",
                            "textAlign": "center"
                          }
                        },
                        "type": "ia.display.label"
                      },
                      {
                        "meta": {
                          "name": "Icon"
                        },
                        "position": {
                          "basis": "20%"
                        },
                        "props": {
                          "path": "sample-components/navigation-link"
                        },
                        "type": "ia.display.icon"
                      },
                      {
                        "meta": {
                          "name": "Label_0"
                        },
                        "position": {
                          "basis": "50px"
                        },
                        "props": {
                          "style": {
                            "fontFamily": "Verdana",
                            "fontSize": "0.8dvw",
                            "textAlign": "center"
                          },
                          "text": "Machine Connect"
                        },
                        "type": "ia.display.label"
                      }
                    ],
                    "meta": {
                      "name": "mach_connect"
                    },
                    "position": {
                      "basis": "29.3%",
                      "display": false
                    },
                    "props": {
                      "direction": "column",
                      "style": {
                        "backgroundColor": "#2E7281",
                        "borderColor": "#555555",
                        "borderRadius": 10,
                        "borderStyle": "solid",
                        "borderWidth": 2,
                        "color": "#FAFAFB",
                        "textAlign": "center"
                      }
                    },
                    "type": "ia.container.flex"
                  },
                  {
                    "children": [
                      {
                        "meta": {
                          "name": "Label"
                        },
                        "position": {
                          "basis": "65%"
                        },
                        "propConfig": {
                          "props.text": {
                            "binding": {
                              "config": {
                                "parameters": {
                                  "BusinessID": "{...../Headerdropdown/Business_Dropdown.props.value}"
                                },
                                "queryPath": "OEE/BusinessOverview/Busineesswise_Machinecount",
                                "returnFormat": "scalar"
                              },
                              "type": "query"
                            }
                          }
                        },
                        "props": {
                          "style": {
                            "fontFamily": "Verdana",
                            "fontSize": "1.5dvw",
                            "fontWeight": "bold",
                            "textAlign": "center"
                          }
                        },
                        "type": "ia.display.label"
                      },
                      {
                        "meta": {
                          "name": "Icon"
                        },
                        "position": {
                          "basis": "20%"
                        },
                        "props": {
                          "path": "material/wifi"
                        },
                        "type": "ia.display.icon"
                      },
                      {
                        "meta": {
                          "name": "Label_0"
                        },
                        "position": {
                          "basis": "25%"
                        },
                        "props": {
                          "style": {
                            "fontFamily": "Verdana",
                            "fontSize": "0.8dvw",
                            "textAlign": "center"
                          },
                          "text": "Total Machines Connected"
                        },
                        "type": "ia.display.label"
                      }
                    ],
                    "meta": {
                      "name": "total mach"
                    },
                    "position": {
                      "basis": "23.5%"
                    },
                    "props": {
                      "direction": "column",
                      "style": {
                        "backgroundImage": "linear-gradient( 75.1deg,  rgba(34,126,34,1) 6%, rgba(99,226,17,1) 84.3% )",
                        "borderColor": "#555555",
                        "borderRadius": 10,
                        "borderStyle": "solid",
                        "borderWidth": 2,
                        "color": "#FAFAFB",
                        "textAlign": "center"
                      }
                    },
                    "type": "ia.container.flex"
                  },
                  {
                    "children": [
                      {
                        "meta": {
                          "name": "Label"
                        },
                        "position": {
                          "basis": "65%"
                        },
                        "propConfig": {
                          "custom.Bussiness_ID": {
                            "binding": {
                              "config": {
                                "path": "..../Headerdropdown/Business_Dropdown.props.value"
                              },
                              "type": "property"
                            }
                          },
                          "props.text": {
                            "binding": {
                              "config": {
                                "parameters": {
                                  "BusinessID": "{view.params.Business_ID}"
                                },
                                "queryPath": "OEE/BusinessOverview/MC_LIVE",
                                "returnFormat": "scalar"
                              },
                              "type": "query"
                            }
                          }
                        },
                        "props": {
                          "style": {
                            "fontFamily": "Verdana",
                            "fontSize": "1.5dvw",
                            "fontWeight": "bold",
                            "textAlign": "center"
                          }
                        },
                        "type": "ia.display.label"
                      },
                      {
                        "meta": {
                          "name": "Icon"
                        },
                        "position": {
                          "basis": "20%"
                        },
                        "props": {
                          "path": "sample-components/navigation-link"
                        },
                        "type": "ia.display.icon"
                      },
                      {
                        "meta": {
                          "name": "Label_0"
                        },
                        "position": {
                          "basis": "20%"
                        },
                        "props": {
                          "style": {
                            "fontFamily": "Verdana",
                            "fontSize": "0.8dvw",
                            "textAlign": "center"
                          },
                          "text": "NO.of.Machine Planned"
                        },
                        "type": "ia.display.label"
                      }
                    ],
                    "meta": {
                      "name": "Planned"
                    },
                    "position": {
                      "basis": "24.9%"
                    },
                    "props": {
                      "direction": "column",
                      "justify": "space-around",
                      "style": {
                        "backgroundColor": "#2E7281",
                        "borderColor": "#555555",
                        "borderRadius": 10,
                        "borderStyle": "solid",
                        "borderWidth": 2,
                        "color": "#FAFAFB",
                        "textAlign": "center"
                      }
                    },
                    "type": "ia.container.flex"
                  },
                  {
                    "children": [
                      {
                        "meta": {
                          "name": "Label"
                        },
                        "position": {
                          "basis": "65%"
                        },
                        "propConfig": {
                          "custom.Bussiness_ID": {
                            "binding": {
                              "config": {
                                "path": "..../Headerdropdown/Business_Dropdown.props.value"
                              },
                              "type": "property"
                            }
                          },
                          "props.text": {
                            "binding": {
                              "config": {
                                "parameters": {
                                  "BusinessID": "{view.params.Business_ID}"
                                },
                                "queryPath": "OEE/BusinessOverview/MC_LIVE",
                                "returnFormat": "scalar"
                              },
                              "type": "query"
                            }
                          }
                        },
                        "props": {
                          "style": {
                            "fontFamily": "Verdana",
                            "fontSize": "1.5dvw",
                            "fontWeight": "bold",
                            "textAlign": "center"
                          }
                        },
                        "type": "ia.display.label"
                      },
                      {
                        "meta": {
                          "name": "Icon"
                        },
                        "position": {
                          "basis": "20%"
                        },
                        "props": {
                          "path": "sample-components/navigation-link"
                        },
                        "type": "ia.display.icon"
                      },
                      {
                        "meta": {
                          "name": "Label_0"
                        },
                        "position": {
                          "basis": "50px"
                        },
                        "props": {
                          "style": {
                            "fontFamily": "Verdana",
                            "fontSize": "0.8dvw",
                            "textAlign": "center"
                          },
                          "text": "NO.of.Machine UnPlanned"
                        },
                        "type": "ia.display.label"
                      }
                    ],
                    "meta": {
                      "name": "Unplanned"
                    },
                    "position": {
                      "basis": "24.2%"
                    },
                    "props": {
                      "direction": "column",
                      "style": {
                        "backgroundColor": "#2E7281",
                        "borderColor": "#555555",
                        "borderRadius": 10,
                        "borderStyle": "solid",
                        "borderWidth": 2,
                        "color": "#FAFAFB",
                        "textAlign": "center"
                      }
                    },
                    "type": "ia.container.flex"
                  }
                ],
                "meta": {
                  "name": "Machine Connected"
                },
                "position": {
                  "basis": "25%",
                  "grow": 1
                },
                "props": {
                  "alignContent": "center",
                  "justify": "space-around",
                  "style": {
                    "padding": 4
                  }
                },
                "type": "ia.container.flex"
              }
            ],
            "meta": {
              "name": "value container"
            },
            "position": {
              "basis": "37.9%"
            },
            "props": {
              "justify": "space-between"
            },
            "type": "ia.container.flex"
          },
          {
            "children": [
              {
                "children": [
                  {
                    "meta": {
                      "name": "XYChart"
                    },
                    "position": {
                      "basis": "100%"
                    },
                    "propConfig": {
                      "props.dataSources.example": {
                        "binding": {
                          "config": {
                            "parameters": {
                              "BGID": "{view.params.Business_ID}",
                              "CurrMonth": "{.../Plantwisedetails /FlexContainer_0.custom.Current_month}",
                              "CurrYear": "{.../Plantwisedetails /FlexContainer_0.custom.Current_Year}",
                              "PrevMonth": "{.../Plantwisedetails /FlexContainer_0.custom.Previous_month}"
                            },
                            "queryPath": "OEE/BusinessOverview/ChartOEE",
                            "returnFormat": "dataset"
                          },
                          "type": "query"
                        }
                      }
                    },
                    "props": {
                      "dataSources": {},
                      "series": [
                        {
                          "candlestick": {
                            "appearance": {
                              "deriveFieldsFromData": {
                                "fill": {
                                  "color": "",
                                  "opacity": ""
                                },
                                "stroke": {
                                  "color": "",
                                  "opacity": "",
                                  "width": ""
                                }
                              },
                              "fill": {
                                "color": "",
                                "opacity": 1
                              },
                              "heatRules": {
                                "dataField": "",
                                "enabled": false,
                                "max": "",
                                "min": ""
                              },
                              "stacked": false,
                              "stroke": {
                                "color": "",
                                "opacity": 1,
                                "width": 1
                              }
                            },
                            "high": {
                              "x": "",
                              "y": ""
                            },
                            "low": {
                              "x": "",
                              "y": ""
                            },
                            "open": {
                              "x": "",
                              "y": ""
                            }
                          },
                          "column": {
                            "appearance": {
                              "deriveFieldsFromData": {
                                "fill": {
                                  "color": "",
                                  "opacity": ""
                                },
                                "stroke": {
                                  "color": "",
                                  "opacity": "",
                                  "width": ""
                                }
                              },
                              "fill": {
                                "color": "",
                                "opacity": 1
                              },
                              "heatRules": {
                                "dataField": "",
                                "enabled": false,
                                "max": "",
                                "min": ""
                              },
                              "height": null,
                              "stacked": false,
                              "stroke": {
                                "color": "",
                                "opacity": 1,
                                "width": 1
                              },
                              "width": null
                            },
                            "open": {
                              "x": "",
                              "y": ""
                            }
                          },
                          "data": {
                            "source": "example",
                            "x": "Plant_Name",
                            "y": "OEE_PreviousMonth"
                          },
                          "defaultState": {
                            "visible": true
                          },
                          "hiddenInLegend": false,
                          "label": {
                            "text": "OEE_PreviousMonth"
                          },
                          "line": {
                            "appearance": {
                              "bullets": [
                                {
                                  "deriveFieldsFromData": {
                                    "fill": {
                                      "color": "",
                                      "opacity": ""
                                    },
                                    "rotation": "",
                                    "stroke": {
                                      "color": "",
                                      "opacity": "",
                                      "width": ""
                                    }
                                  },
                                  "enabled": true,
                                  "fill": {
                                    "color": "",
                                    "opacity": 1
                                  },
                                  "heatRules": {
                                    "dataField": "",
                                    "enabled": false,
                                    "max": 100,
                                    "min": 2
                                  },
                                  "height": 10,
                                  "label": {
                                    "position": {
                                      "dx": 0,
                                      "dy": 0
                                    },
                                    "text": "{value}"
                                  },
                                  "render": "circle",
                                  "rotation": 0,
                                  "stroke": {
                                    "color": "",
                                    "opacity": 1,
                                    "width": 1
                                  },
                                  "tooltip": {
                                    "background": {
                                      "color": "",
                                      "opacity": 1
                                    },
                                    "cornerRadius": 3,
                                    "enabled": true,
                                    "pointerLength": 4,
                                    "text": "{name}: [bold]{valueY}[/]"
                                  },
                                  "width": 10
                                },
                                {
                                  "deriveFieldsFromData": {
                                    "fill": {
                                      "color": "",
                                      "opacity": ""
                                    },
                                    "rotation": "",
                                    "stroke": {
                                      "color": "",
                                      "opacity": "",
                                      "width": ""
                                    }
                                  },
                                  "enabled": false,
                                  "fill": {
                                    "color": "",
                                    "opacity": 1
                                  },
                                  "heatRules": {
                                    "dataField": "",
                                    "enabled": false,
                                    "max": 100,
                                    "min": 2
                                  },
                                  "height": 10,
                                  "label": {
                                    "position": {
                                      "dx": -10,
                                      "dy": -20
                                    },
                                    "text": "[bold]{CO2_Emission}"
                                  },
                                  "render": "label",
                                  "rotation": 0,
                                  "stroke": {
                                    "color": "",
                                    "opacity": 1,
                                    "width": 1
                                  },
                                  "tooltip": {
                                    "background": {
                                      "color": "",
                                      "opacity": 1
                                    },
                                    "cornerRadius": 3,
                                    "enabled": true,
                                    "pointerLength": 4,
                                    "text": "{name}: [bold]{valueY}[/]"
                                  },
                                  "width": 10
                                }
                              ],
                              "connect": true,
                              "fill": {
                                "color": "#8A8AFF",
                                "opacity": 0
                              },
                              "minDistance": 0.5,
                              "stroke": {
                                "color": "#000080",
                                "dashArray": "",
                                "opacity": 1,
                                "width": 3
                              },
                              "tensionX": 1,
                              "tensionY": 1
                            },
                            "open": {
                              "x": "",
                              "y": ""
                            }
                          },
                          "name": "OEE_PreviousMonth",
                          "render": "column",
                          "stepLine": {
                            "appearance": {
                              "bullets": [
                                {
                                  "deriveFieldsFromData": {
                                    "fill": {
                                      "color": "",
                                      "opacity": ""
                                    },
                                    "rotation": "",
                                    "stroke": {
                                      "color": "",
                                      "opacity": "",
                                      "width": ""
                                    }
                                  },
                                  "enabled": true,
                                  "fill": {
                                    "color": "",
                                    "opacity": 1
                                  },
                                  "heatRules": {
                                    "dataField": "",
                                    "enabled": false,
                                    "max": 100,
                                    "min": 2
                                  },
                                  "height": 10,
                                  "label": {
                                    "position": {
                                      "dx": 0,
                                      "dy": 0
                                    },
                                    "text": "{value}"
                                  },
                                  "render": "circle",
                                  "rotation": 0,
                                  "stroke": {
                                    "color": "",
                                    "opacity": 1,
                                    "width": 1
                                  },
                                  "tooltip": {
                                    "background": {
                                      "color": "",
                                      "opacity": 1
                                    },
                                    "cornerRadius": 3,
                                    "enabled": true,
                                    "pointerLength": 4,
                                    "text": "{name}: [bold]{valueY}[/]"
                                  },
                                  "width": 10
                                }
                              ],
                              "connect": true,
                              "fill": {
                                "color": "",
                                "opacity": 0
                              },
                              "minDistance": 0.5,
                              "stroke": {
                                "color": "",
                                "dashArray": "",
                                "opacity": 1,
                                "width": 3
                              },
                              "tensionX": 1,
                              "tensionY": 1
                            },
                            "open": {
                              "x": "",
                              "y": ""
                            }
                          },
                          "tooltip": {
                            "background": {
                              "color": "",
                              "opacity": 1
                            },
                            "cornerRadius": 3,
                            "enabled": true,
                            "pointerLength": 4,
                            "text": "{name}: [bold]{valueY}[/]OEE(%)"
                          },
                          "visible": true,
                          "xAxis": "Plant_Name",
                          "yAxis": "OEE_PreviousMonth",
                          "zIndex": 0
                        },
                        {
                          "candlestick": {
                            "appearance": {
                              "deriveFieldsFromData": {
                                "fill": {
                                  "color": "",
                                  "opacity": ""
                                },
                                "stroke": {
                                  "color": "",
                                  "opacity": "",
                                  "width": ""
                                }
                              },
                              "fill": {
                                "color": "",
                                "opacity": 1
                              },
                              "heatRules": {
                                "dataField": "",
                                "enabled": false,
                                "max": "",
                                "min": ""
                              },
                              "stacked": false,
                              "stroke": {
                                "color": "",
                                "opacity": 1,
                                "width": 1
                              }
                            },
                            "high": {
                              "x": "",
                              "y": ""
                            },
                            "low": {
                              "x": "",
                              "y": ""
                            },
                            "open": {
                              "x": "",
                              "y": ""
                            }
                          },
                          "column": {
                            "appearance": {
                              "deriveFieldsFromData": {
                                "fill": {
                                  "color": "",
                                  "opacity": ""
                                },
                                "stroke": {
                                  "color": "",
                                  "opacity": "",
                                  "width": ""
                                }
                              },
                              "fill": {
                                "color": "",
                                "opacity": 1
                              },
                              "heatRules": {
                                "dataField": "",
                                "enabled": false,
                                "max": "",
                                "min": ""
                              },
                              "height": null,
                              "stacked": false,
                              "stroke": {
                                "color": "",
                                "opacity": 1,
                                "width": 1
                              },
                              "width": null
                            },
                            "open": {
                              "x": "",
                              "y": ""
                            }
                          },
                          "data": {
                            "source": "example",
                            "x": "Plant_Name",
                            "y": "OEE_CurrentMonth"
                          },
                          "defaultState": {
                            "visible": true
                          },
                          "hiddenInLegend": false,
                          "label": {
                            "text": "OEE_CurrentMonth"
                          },
                          "line": {
                            "appearance": {
                              "bullets": [
                                {
                                  "deriveFieldsFromData": {
                                    "fill": {
                                      "color": "",
                                      "opacity": ""
                                    },
                                    "rotation": "",
                                    "stroke": {
                                      "color": "",
                                      "opacity": "",
                                      "width": ""
                                    }
                                  },
                                  "enabled": true,
                                  "fill": {
                                    "color": "",
                                    "opacity": 1
                                  },
                                  "heatRules": {
                                    "dataField": "",
                                    "enabled": false,
                                    "max": 100,
                                    "min": 2
                                  },
                                  "height": 10,
                                  "label": {
                                    "position": {
                                      "dx": 0,
                                      "dy": 0
                                    },
                                    "text": "{value}"
                                  },
                                  "render": "circle",
                                  "rotation": 0,
                                  "stroke": {
                                    "color": "",
                                    "opacity": 1,
                                    "width": 1
                                  },
                                  "tooltip": {
                                    "background": {
                                      "color": "",
                                      "opacity": 1
                                    },
                                    "cornerRadius": 3,
                                    "enabled": true,
                                    "pointerLength": 4,
                                    "text": "{name}: [bold]{valueY}[/]"
                                  },
                                  "width": 10
                                },
                                {
                                  "deriveFieldsFromData": {
                                    "fill": {
                                      "color": "",
                                      "opacity": ""
                                    },
                                    "rotation": "",
                                    "stroke": {
                                      "color": "",
                                      "opacity": "",
                                      "width": ""
                                    }
                                  },
                                  "enabled": false,
                                  "fill": {
                                    "color": "",
                                    "opacity": 1
                                  },
                                  "heatRules": {
                                    "dataField": "",
                                    "enabled": false,
                                    "max": 100,
                                    "min": 2
                                  },
                                  "height": 10,
                                  "label": {
                                    "position": {
                                      "dx": 0,
                                      "dy": 10
                                    },
                                    "text": "[bold]{Energy}"
                                  },
                                  "render": "label",
                                  "rotation": 0,
                                  "stroke": {
                                    "color": "",
                                    "opacity": 1,
                                    "width": 1
                                  },
                                  "tooltip": {
                                    "background": {
                                      "color": "",
                                      "opacity": 1
                                    },
                                    "cornerRadius": 3,
                                    "enabled": true,
                                    "pointerLength": 4,
                                    "text": "{name}: [bold]{valueY}[/]"
                                  },
                                  "width": 10
                                }
                              ],
                              "connect": true,
                              "fill": {
                                "color": "#8AFF8A",
                                "opacity": 0
                              },
                              "minDistance": 0.5,
                              "stroke": {
                                "color": "#008000",
                                "dashArray": "",
                                "opacity": 1,
                                "width": 3
                              },
                              "tensionX": 1,
                              "tensionY": 1
                            },
                            "open": {
                              "x": "",
                              "y": ""
                            }
                          },
                          "name": "OEE_CurrentMonth",
                          "render": "column",
                          "stepLine": {
                            "appearance": {
                              "bullets": [
                                {
                                  "deriveFieldsFromData": {
                                    "fill": {
                                      "color": "",
                                      "opacity": ""
                                    },
                                    "rotation": "",
                                    "stroke": {
                                      "color": "",
                                      "opacity": "",
                                      "width": ""
                                    }
                                  },
                                  "enabled": true,
                                  "fill": {
                                    "color": "",
                                    "opacity": 1
                                  },
                                  "heatRules": {
                                    "dataField": "",
                                    "enabled": false,
                                    "max": 100,
                                    "min": 2
                                  },
                                  "height": 10,
                                  "label": {
                                    "position": {
                                      "dx": 0,
                                      "dy": 0
                                    },
                                    "text": "{value}"
                                  },
                                  "render": "circle",
                                  "rotation": 0,
                                  "stroke": {
                                    "color": "",
                                    "opacity": 1,
                                    "width": 1
                                  },
                                  "tooltip": {
                                    "background": {
                                      "color": "",
                                      "opacity": 1
                                    },
                                    "cornerRadius": 3,
                                    "enabled": true,
                                    "pointerLength": 4,
                                    "text": "{name}: [bold]{valueY}[/]"
                                  },
                                  "width": 10
                                }
                              ],
                              "connect": true,
                              "fill": {
                                "color": "",
                                "opacity": 0
                              },
                              "minDistance": 0.5,
                              "stroke": {
                                "color": "",
                                "dashArray": "",
                                "opacity": 1,
                                "width": 3
                              },
                              "tensionX": 1,
                              "tensionY": 1
                            },
                            "open": {
                              "x": "",
                              "y": ""
                            }
                          },
                          "tooltip": {
                            "background": {
                              "color": "",
                              "opacity": 1
                            },
                            "cornerRadius": 3,
                            "enabled": true,
                            "pointerLength": 4,
                            "text": " {name}: [bold]{valueY}[/] OEE(%)\n\n"
                          },
                          "visible": true,
                          "xAxis": "Plant_Name",
                          "yAxis": "OEE_CurrentMonth",
                          "zIndex": 0
                        }
                      ],
                      "xAxes": [
                        {
                          "appearance": {
                            "font": {
                              "size": "0.8dvw",
                              "weight": 1000
                            },
                            "grid": {
                              "color": "",
                              "dashArray": "",
                              "minDistance": 60,
                              "opacity": 1,
                              "position": 0.5
                            },
                            "inside": false,
                            "labels": {
                              "color": "#000000",
                              "horizontalCenter": "middle",
                              "opacity": 1,
                              "rotation": -15,
                              "verticalCenter": "middle"
                            },
                            "opposite": false
                          },
                          "category": {
                            "break": {
                              "enabled": false,
                              "endCategory": "",
                              "size": 0.05,
                              "startCategory": ""
                            }
                          },
                          "date": {
                            "baseInterval": {
                              "count": 1,
                              "enabled": false,
                              "skipEmptyPeriods": false,
                              "timeUnit": "hour"
                            },
                            "break": {
                              "enabled": false,
                              "endDate": "",
                              "size": 0.05,
                              "startDate": ""
                            },
                            "format": "M/d",
                            "inputFormat": "yyyy-MM-dd kk:mm:ss",
                            "range": {
                              "max": "",
                              "min": "",
                              "useStrict": false
                            }
                          },
                          "inversed": false,
                          "label": {
                            "color": "",
                            "enabled": false,
                            "text": "Time"
                          },
                          "name": "Plant_Name",
                          "render": "category",
                          "tooltip": {
                            "background": {
                              "color": "",
                              "opacity": 1
                            },
                            "cornerRadius": 3,
                            "enabled": true,
                            "pointerLength": 4,
                            "text": ""
                          },
                          "value": {
                            "break": {
                              "enabled": false,
                              "endValue": 100,
                              "size": 0.05,
                              "startValue": 0
                            },
                            "format": "#,###.##",
                            "logarithmic": false,
                            "range": {
                              "max": "",
                              "min": "",
                              "useStrict": false
                            }
                          },
                          "visible": true
                        }
                      ],
                      "yAxes": [
                        {
                          "appearance": {
                            "font": {
                              "size": "0.8dvw",
                              "weight": 1000
                            },
                            "grid": {
                              "color": "",
                              "dashArray": "",
                              "minDistance": null,
                              "opacity": 1,
                              "position": 0.5
                            },
                            "inside": false,
                            "labels": {
                              "color": "#000000",
                              "horizontalCenter": "middle",
                              "opacity": 5,
                              "rotation": 0,
                              "verticalCenter": "middle"
                            },
                            "opposite": true
                          },
                          "category": {
                            "break": {
                              "enabled": false,
                              "endCategory": "",
                              "size": 0.05,
                              "startCategory": ""
                            }
                          },
                          "date": {
                            "baseInterval": {
                              "count": 1,
                              "enabled": false,
                              "skipEmptyPeriods": false,
                              "timeUnit": "hour"
                            },
                            "break": {
                              "enabled": false,
                              "endDate": "",
                              "size": 0.05,
                              "startDate": ""
                            },
                            "format": "M/d/yyyy HH:mm:ss",
                            "inputFormat": "yyyy-MM-dd kk:mm:ss",
                            "range": {
                              "max": "",
                              "min": "",
                              "useStrict": false
                            }
                          },
                          "inversed": false,
                          "label": {
                            "color": "#000000",
                            "enabled": true,
                            "text": "OEE_CurrentMonth"
                          },
                          "name": "OEE_CurrentMonth",
                          "render": "value",
                          "tooltip": {
                            "background": {
                              "color": "",
                              "opacity": 1
                            },
                            "cornerRadius": 3,
                            "enabled": true,
                            "pointerLength": 4,
                            "text": ""
                          },
                          "value": {
                            "break": {
                              "enabled": false,
                              "endValue": 100,
                              "size": 0.05,
                              "startValue": 0
                            },
                            "format": "#,###.##",
                            "logarithmic": false,
                            "range": {
                              "max": 150,
                              "min": 0,
                              "useStrict": false
                            }
                          },
                          "visible": false
                        },
                        {
                          "appearance": {
                            "font": {
                              "size": "0.8dvw",
                              "weight": 1000
                            },
                            "grid": {
                              "color": "",
                              "dashArray": "4,4",
                              "minDistance": null,
                              "opacity": 1,
                              "position": 0.5
                            },
                            "inside": false,
                            "labels": {
                              "color": "#000000",
                              "horizontalCenter": "middle",
                              "opacity": 1,
                              "rotation": 0,
                              "verticalCenter": "middle"
                            },
                            "opposite": false
                          },
                          "category": {
                            "break": {
                              "enabled": false,
                              "endCategory": "",
                              "size": 0.05,
                              "startCategory": ""
                            }
                          },
                          "date": {
                            "baseInterval": {
                              "count": 1,
                              "enabled": false,
                              "skipEmptyPeriods": false,
                              "timeUnit": "hour"
                            },
                            "break": {
                              "enabled": false,
                              "endDate": "",
                              "size": 0.05,
                              "startDate": ""
                            },
                            "format": "M/d/yyyy",
                            "inputFormat": "yyyy-MM-dd kk:mm:ss",
                            "range": {
                              "max": "",
                              "min": "",
                              "useStrict": false
                            }
                          },
                          "inversed": false,
                          "label": {
                            "color": "#000000",
                            "enabled": true,
                            "size": "1dvw",
                            "text": "OEE_PreviousMonth",
                            "weight": 1000
                          },
                          "name": "OEE_PreviousMonth",
                          "render": "value",
                          "tooltip": {
                            "background": {
                              "color": "",
                              "opacity": 1
                            },
                            "cornerRadius": 3,
                            "enabled": true,
                            "pointerLength": 4,
                            "text": ""
                          },
                          "value": {
                            "break": {
                              "enabled": false,
                              "endValue": 100,
                              "size": 0.05,
                              "startValue": 0
                            },
                            "format": "#,###.##",
                            "logarithmic": false,
                            "range": {
                              "max": 150,
                              "min": 0,
                              "useStrict": false
                            }
                          },
                          "visible": true
                        }
                      ]
                    },
                    "type": "ia.chart.xy"
                  }
                ],
                "meta": {
                  "name": "Graph\n"
                },
                "position": {
                  "basis": "42.2%"
                },
                "props": {
                  "justify": "space-between",
                  "style": {
                    "borderColor": "#D5D5D5",
                    "borderRadius": 5,
                    "borderStyle": "solid",
                    "borderWidth": 2,
                    "margin": 4,
                    "overflow": "hidden"
                  }
                },
                "type": "ia.container.flex"
              },
              {
                "children": [
                  {
                    "meta": {
                      "name": "Label"
                    },
                    "position": {
                      "basis": "50px"
                    },
                    "props": {
                      "style": {
                        "backgroundColor": "#CCCCFF",
                        "fontFamily": "Verdana",
                        "fontSize": "0.9dvw",
                        "fontWeight": "bold"
                      },
                      "text": "PLANT DETAILS"
                    },
                    "type": "ia.display.label"
                  },
                  {
                    "children": [
                      {
                        "meta": {
                          "name": "Label"
                        },
                        "position": {
                          "basis": "115px"
                        },
                        "props": {
                          "style": {
                            "textAlign": "center"
                          },
                          "text": "Plant"
                        },
                        "type": "ia.display.label"
                      },
                      {
                        "meta": {
                          "name": "Label_0"
                        },
                        "position": {
                          "basis": "115px"
                        },
                        "props": {
                          "style": {
                            "textAlign": "center"
                          },
                          "text": "Machine Count"
                        },
                        "type": "ia.display.label"
                      },
                      {
                        "meta": {
                          "name": "Label_2"
                        },
                        "position": {
                          "basis": "115px"
                        },
                        "props": {
                          "style": {
                            "textAlign": "center"
                          },
                          "text": "OEE(%) Sept"
                        },
                        "type": "ia.display.label"
                      },
                      {
                        "meta": {
                          "name": "Label_3"
                        },
                        "position": {
                          "basis": "115px"
                        },
                        "props": {
                          "style": {
                            "textAlign": "center"
                          },
                          "text": "OEE(%) Oct"
                        },
                        "type": "ia.display.label"
                      }
                    ],
                    "meta": {
                      "name": "FlexContainer"
                    },
                    "position": {
                      "basis": "51px"
                    },
                    "props": {
                      "justify": "space-between",
                      "style": {
                        "backgroundColor": "#8A8AFF"
                      }
                    },
                    "type": "ia.container.flex"
                  },
                  {
                    "children": [
                      {
                        "meta": {
                          "name": "FlexRepeater"
                        },
                        "position": {
                          "basis": "100%",
                          "shrink": 0
                        },
                        "propConfig": {
                          "props.instances": {
                            "binding": {
                              "config": {
                                "expression": "{view.params.Business_ID}"
                              },
                              "transforms": [
                                {
                                  "code": "\tds \u003d self.view.custom.allPlantdata\n\tbusiness_id \u003d value\n\t\n\t# Handle empty or missing data\n\tif ds is None or business_id is None:\n\t    return []\n\t\n\t# Convert dataset to Python iterable\n\tpy_ds \u003d system.dataset.toPyDataSet(ds)\n\t\n\t# Filter plants by Business_ID\n\tfiltered \u003d []\n\tfor row in py_ds:\n\t    try:\n\t        if int(row[\"Business_ID\"]) \u003d\u003d int(business_id):\n\t            filtered.append({\n\t                \"Plant_ID\": row[\"Plant_ID\"],\n\t                \"Plant_Name\": row[\"Plant_Name\"],\n\t                \"Business_ID\": row[\"Business_ID\"]\n\t            })\n\t    except:\n\t        continue\n\t\n\t# Sort filtered list by Plant_Name\n\tfiltered_sorted \u003d sorted(filtered, key\u003dlambda x: x[\"Plant_Name\"])\n\t\n\t# Return list to Flex Repeater\n\treturn filtered_sorted",
                                  "type": "script"
                                }
                              ],
                              "type": "expr"
                            }
                          }
                        },
                        "props": {
                          "direction": "column",
                          "elementPosition": {
                            "basis": "100%"
                          },
                          "path": "OEE/OEE/Plant_View",
                          "useDefaultViewHeight": false,
                          "useDefaultViewWidth": false
                        },
                        "type": "ia.display.flex-repeater"
                      }
                    ],
                    "meta": {
                      "name": "FlexContainer_0"
                    },
                    "position": {
                      "basis": "100%"
                    },
                    "propConfig": {
                      "custom.Current_Year": {
                        "binding": {
                          "config": {
                            "expression": "dateExtract(now(), \"year\")"
                          },
                          "type": "expr"
                        }
                      },
                      "custom.Current_month": {
                        "binding": {
                          "config": {
                            "expression": "(dateExtract(now(), \"month\") % 12) + 1\r\n\r\n"
                          },
                          "type": "expr"
                        }
                      },
                      "custom.Plant": {
                        "binding": {
                          "config": {
                            "expression": "{view.params.Business_ID}"
                          },
                          "transforms": [
                            {
                              "code": "\t# Step 1: Get Business_ID\n\ttry:\n\t    business_id \u003d int(value)\n\texcept:\n\t    return [{\"Plant_ID\": None, \"Plant_Name\": \"Invalid Business ID\"}] * 6\n\t\n\t# Step 2: Get Business name\n\tbusiness_name \u003d getattr(self.view.params, \"Business\", \"\").upper()\n\t\n\t# Step 3: Get dataset and convert\n\ttry:\n\t    ds \u003d self.custom.allPlantdata\n\t    py_ds \u003d system.dataset.toPyDataSet(ds)\n\texcept:\n\t    return [{\"Plant_ID\": None, \"Plant_Name\": \"Dataset Error\"}] * 6\n\t\n\t# Step 4: Filter dataset by Business_ID\n\tfiltered \u003d []\n\tfor row in py_ds:\n\t    try:\n\t        if int(row[\"Business_ID\"]) \u003d\u003d business_id:\n\t            filtered.append({\"Plant_ID\": row[\"Plant_ID\"], \"Plant_Name\": row[\"Plant_Name\"]})\n\t    except:\n\t        continue\n\t\n\t# Step 5: Sort by Plant number (extract from \"Plant-1\", \"Plant-2\", etc.)\n\tdef extract_num(name):\n\t    try:\n\t        return int(str(name).split(\"-\")[1])\n\t    except:\n\t        return 999  # send unknowns to end\n\t\n\tfiltered.sort(key\u003dlambda p: extract_num(p[\"Plant_Name\"]))\n\t\n\t# Step 6: Apply business-specific rules\n\tif business_name \u003d\u003d \"RML-SLD\":\n\t    # Keep only Plant-2,3,4,5\n\t    filtered \u003d [p for p in filtered if extract_num(p[\"Plant_Name\"]) in [2, 3, 4, 5]]\n\t\n\t# Step 7: Place filtered rows into correct positions\n\tresult \u003d [{\"Plant_ID\": None, \"Plant_Name\": \"\"} for _ in range(6)]\n\t\n\tif business_name in [\"RML-ECD\", \"RML-SLD\"]:\n\t    start_index \u003d 1  # plant data starts from slot 1\n\telse:\n\t    start_index \u003d 0  # default starts at 0\n\t\n\tfor i, plant in enumerate(filtered):\n\t    if start_index + i \u003c 6:\n\t        result[start_index + i] \u003d plant\n\t\n\t# Step 8: Return final list\n\treturn result",
                              "type": "script"
                            }
                          ],
                          "type": "expr"
                        }
                      },
                      "custom.Previous_1month": {
                        "binding": {
                          "config": {
                            "expression": "(dateExtract(now(), \"month\") % 12) - 1"
                          },
                          "type": "expr"
                        }
                      },
                      "custom.Previous_month": {
                        "binding": {
                          "config": {
                            "expression": "dateExtract(now(), \"month\") "
                          },
                          "type": "expr"
                        }
                      },
                      "custom.allPlantdata": {
                        "binding": {
                          "config": {
                            "fallbackDelay": 2.5,
                            "mode": "direct",
                            "tagPath": "[default]Common_Portal/User_Managmet/Plant"
                          },
                          "type": "tag"
                        }
                      }
                    },
                    "props": {
                      "direction": "column",
                      "style": {
                        "gap": "3px"
                      }
                    },
                    "type": "ia.container.flex"
                  }
                ],
                "meta": {
                  "name": "Plantwisedetails "
                },
                "position": {
                  "basis": "55.1%"
                },
                "props": {
                  "direction": "column",
                  "style": {
                    "borderColor": "#D5D5D5",
                    "borderRadius": 10,
                    "borderStyle": "solid",
                    "borderWidth": 2,
                    "margin": 4
                  }
                },
                "type": "ia.container.flex"
              }
            ],
            "meta": {
              "name": "chart"
            },
            "position": {
              "basis": "50%"
            },
            "props": {
              "justify": "space-between"
            },
            "type": "ia.container.flex"
          }
        ],
        "events": {
          "dom": {
            "onClick": {
              "config": {
                "script": "\tBusiness \u003d self.view.params.Business_ID\n\tsystem.perspective.navigate(view\u003d\u0027OEE/PlantOverview/PlantOverview\u0027, params\u003d{\u0027Business\u0027: Business})"
              },
              "scope": "G",
              "type": "script"
            }
          }
        },
        "meta": {
          "name": "FlexContainer"
        },
        "position": {
          "basis": "97.6%"
        },
        "props": {
          "direction": "column",
          "justify": "space-between",
          "style": {
            "backgroundColor": "#E0E7EC",
            "borderColor": "#AAAAAA",
            "borderRadius": 10,
            "borderStyle": "solid",
            "borderWidth": 2,
            "margin": 10,
            "marginBottom": 10,
            "marginTop": 10,
            "padding": 20
          }
        },
        "type": "ia.container.flex"
      }
    ],
    "meta": {
      "name": "root"
    },
    "props": {
      "direction": "column",
      "justify": "space-evenly",
      "wrap": "wrap"
    },
    "type": "ia.container.flex"
  }
}