{
  "custom": {
    "Dropdown_Value": "Montly"
  },
  "params": {},
  "propConfig": {
    "custom.Dropdown_Value": {
      "persistent": true
    }
  },
  "props": {
    "defaultSize": {
      "height": 577,
      "width": 1056
    }
  },
  "root": {
    "children": [
      {
        "children": [
          {
            "children": [
              {
                "children": [
                  {
                    "meta": {
                      "name": "header"
                    },
                    "position": {
                      "basis": "55px"
                    },
                    "props": {
                      "style": {
                        "color": "#001748",
                        "fontFamily": "Arial",
                        "fontSize": "1.6dvw",
                        "fontWeight": "bolder",
                        "textAlign": "center",
                        "textTransform": "uppercase"
                      },
                      "text": "Mail Master"
                    },
                    "type": "ia.display.label"
                  },
                  {
                    "children": [
                      {
                        "children": [
                          {
                            "meta": {
                              "name": "Label"
                            },
                            "position": {
                              "basis": "50%",
                              "shrink": 0
                            },
                            "props": {
                              "style": {
                                "backgroundColor": "#242480",
                                "borderBottomLeftRadius": 6,
                                "borderTopLeftRadius": 6,
                                "color": "#FFFFFF",
                                "fontFamily": "Arial",
                                "fontSize": "0.9dvw",
                                "marginRight": "2px",
                                "textAlign": "center"
                              },
                              "text": "Business"
                            },
                            "type": "ia.display.label"
                          },
                          {
                            "custom": {
                              "Selected_Name": null
                            },
                            "meta": {
                              "name": "Dropdown"
                            },
                            "position": {
                              "basis": "50%",
                              "shrink": 0
                            },
                            "propConfig": {
                              "props.options": {
                                "binding": {
                                  "config": {
                                    "path": "session.custom.CP_User_Management.BG_DD_DS"
                                  },
                                  "type": "property"
                                }
                              },
                              "props.value": {
                                "onChange": {
                                  "enabled": null,
                                  "script": "\tselectedValue \u003d self.props.value\n\toptions \u003d self.props.options\n\tselectedLabel \u003d next((item[\u0027label\u0027] for item in options if item[\u0027value\u0027] \u003d\u003d selectedValue), None)\n\tself.custom.Selected_Name \u003d selectedLabel"
                                }
                              }
                            },
                            "props": {
                              "style": {
                                "borderBottomRightRadius": 4,
                                "borderTopRightRadius": 4,
                                "fontFamily": "Arial",
                                "fontSize": "0.9dvw"
                              },
                              "value": 1000
                            },
                            "type": "ia.input.dropdown"
                          }
                        ],
                        "meta": {
                          "name": "Business"
                        },
                        "position": {
                          "basis": "11%",
                          "shrink": 0
                        },
                        "props": {
                          "justify": "flex-end",
                          "style": {
                            "borderBottomLeftRadius": 4,
                            "borderBottomRightRadius": 4,
                            "borderTopLeftRadius": 4,
                            "borderTopRightRadius": 4,
                            "classes": "BG",
                            "fontFamily": "Arial",
                            "fontSize": "0.9dvw",
                            "marginLeft": "2px",
                            "marginRight": "2px",
                            "textAlign": "center"
                          }
                        },
                        "type": "ia.container.flex"
                      },
                      {
                        "children": [
                          {
                            "meta": {
                              "name": "Label"
                            },
                            "position": {
                              "basis": "50%",
                              "shrink": 0
                            },
                            "props": {
                              "style": {
                                "backgroundColor": "#242480",
                                "borderBottomLeftRadius": 6,
                                "borderTopLeftRadius": 6,
                                "color": "#FFFFFF",
                                "fontFamily": "Arial",
                                "fontSize": "0.9dvw",
                                "marginRight": "2px",
                                "textAlign": "center"
                              },
                              "text": "Plant"
                            },
                            "type": "ia.display.label"
                          },
                          {
                            "custom": {
                              "Selected_Name": null
                            },
                            "meta": {
                              "name": "Dropdown"
                            },
                            "position": {
                              "basis": "50%",
                              "shrink": 0
                            },
                            "propConfig": {
                              "props.options": {
                                "binding": {
                                  "config": {
                                    "path": ".../Business/Dropdown.props.value"
                                  },
                                  "transforms": [
                                    {
                                      "code": "\treturn Common_Portal.User.Plant_DD_DS(value, self.session.custom.CP_User_Management.Roles)",
                                      "type": "script"
                                    }
                                  ],
                                  "type": "property"
                                }
                              },
                              "props.value": {
                                "onChange": {
                                  "enabled": null,
                                  "script": "\tselectedValue \u003d self.props.value\n\toptions \u003d self.props.options\n\tselectedLabel \u003d next((item[\u0027label\u0027] for item in options if item[\u0027value\u0027] \u003d\u003d selectedValue), None)\n\tself.custom.Selected_Name \u003d selectedLabel"
                                }
                              }
                            },
                            "props": {
                              "style": {
                                "borderBottomRightRadius": 4,
                                "borderTopRightRadius": 4,
                                "fontFamily": "Arial",
                                "fontSize": "0.9dvw"
                              }
                            },
                            "type": "ia.input.dropdown"
                          }
                        ],
                        "meta": {
                          "name": "Plant"
                        },
                        "position": {
                          "basis": "11%",
                          "shrink": 0
                        },
                        "props": {
                          "justify": "flex-end",
                          "style": {
                            "borderBottomLeftRadius": 4,
                            "borderBottomRightRadius": 4,
                            "borderTopLeftRadius": 4,
                            "borderTopRightRadius": 4,
                            "fontFamily": "Arial",
                            "fontSize": "0.9dvw",
                            "marginLeft": "2px",
                            "marginRight": "2px",
                            "textAlign": "center"
                          }
                        },
                        "type": "ia.container.flex"
                      },
                      {
                        "children": [
                          {
                            "meta": {
                              "name": "Label"
                            },
                            "position": {
                              "basis": "50%",
                              "shrink": 0
                            },
                            "props": {
                              "style": {
                                "backgroundColor": "#242480",
                                "borderBottomLeftRadius": 6,
                                "borderTopLeftRadius": 6,
                                "color": "#FFFFFF",
                                "fontFamily": "Arial",
                                "fontSize": "0.9dvw",
                                "marginRight": "2px",
                                "textAlign": "center"
                              },
                              "text": "Project"
                            },
                            "type": "ia.display.label"
                          },
                          {
                            "custom": {
                              "Project_Name": "EMS"
                            },
                            "meta": {
                              "name": "Dropdown"
                            },
                            "position": {
                              "basis": "50%",
                              "shrink": 0
                            },
                            "propConfig": {
                              "props.value": {
                                "onChange": {
                                  "enabled": null,
                                  "script": "\tselectedValue \u003d self.props.value\n\toptions \u003d self.props.options\n\tselectedLabel \u003d next((item[\u0027label\u0027] for item in options if item[\u0027value\u0027] \u003d\u003d selectedValue), None)\n\tself.custom.Project_Name \u003d selectedLabel"
                                }
                              }
                            },
                            "props": {
                              "options": [
                                {
                                  "label": "OEE",
                                  "value": 1
                                },
                                {
                                  "label": "EMS",
                                  "value": 2
                                },
                                {
                                  "label": "PMC",
                                  "value": 3
                                }
                              ],
                              "style": {
                                "borderBottomRightRadius": 4,
                                "borderStyle": "solid",
                                "borderTopRightRadius": 4,
                                "fontFamily": "Arial",
                                "fontSize": "0.9dvw"
                              },
                              "textAlign": "center",
                              "value": 2
                            },
                            "type": "ia.input.dropdown"
                          }
                        ],
                        "meta": {
                          "name": "Project"
                        },
                        "position": {
                          "basis": "11%",
                          "shrink": 0
                        },
                        "props": {
                          "justify": "flex-end",
                          "style": {
                            "borderBottomLeftRadius": "4px",
                            "borderBottomRightRadius": "4p",
                            "borderTopLeftRadius": "4px",
                            "borderTopRightRadius": "4px",
                            "fontFamily": "Arial",
                            "fontSize": "0.9dvw",
                            "marginLeft": "2px",
                            "marginRight": "2px",
                            "textAlign": "center"
                          }
                        },
                        "type": "ia.container.flex"
                      },
                      {
                        "children": [
                          {
                            "meta": {
                              "name": "Label"
                            },
                            "position": {
                              "basis": "30%",
                              "shrink": 0
                            },
                            "props": {
                              "style": {
                                "backgroundColor": "#8D98A8",
                                "fontFamily": "Arial",
                                "fontSize": "1dvw",
                                "fontWeight": "bold",
                                "textAlign": "center"
                              },
                              "text": "Mail Type :"
                            },
                            "type": "ia.display.label"
                          },
                          {
                            "meta": {
                              "name": "Dropdown"
                            },
                            "position": {
                              "basis": "70%",
                              "shrink": 0
                            },
                            "props": {
                              "options": [
                                {
                                  "label": "Shiftwise",
                                  "value": "Shiftwise"
                                },
                                {
                                  "label": "Montly",
                                  "value": "Montly"
                                },
                                {
                                  "label": "Daywise",
                                  "value": "Daywise"
                                }
                              ],
                              "style": {
                                "borderBottomRightRadius": 4,
                                "borderStyle": "none",
                                "borderTopRightRadius": 4,
                                "fontFamily": "Arial",
                                "fontSize": "0.9dvw"
                              },
                              "textAlign": "center"
                            },
                            "type": "ia.input.dropdown"
                          }
                        ],
                        "meta": {
                          "name": "Mail type"
                        },
                        "position": {
                          "basis": "11%",
                          "shrink": 0
                        },
                        "props": {
                          "style": {
                            "border-radius": "5px",
                            "borderWidth": 2
                          }
                        },
                        "type": "ia.container.flex"
                      },
                      {
                        "children": [
                          {
                            "meta": {
                              "name": "Label"
                            },
                            "position": {
                              "basis": "30%",
                              "shrink": 0
                            },
                            "props": {
                              "style": {
                                "backgroundColor": "#8D98A8",
                                "fontFamily": "Arial",
                                "fontSize": "1dvw",
                                "fontWeight": "bold",
                                "textAlign": "center"
                              },
                              "text": "Recipient Type :"
                            },
                            "type": "ia.display.label"
                          },
                          {
                            "meta": {
                              "name": "Dropdown"
                            },
                            "position": {
                              "basis": "70%",
                              "shrink": 0
                            },
                            "props": {
                              "options": [
                                {
                                  "label": "TO",
                                  "value": "TO"
                                },
                                {
                                  "label": "CC",
                                  "value": "CC"
                                }
                              ],
                              "style": {
                                "borderBottomRightRadius": 4,
                                "borderStyle": "none",
                                "borderTopRightRadius": 4,
                                "fontFamily": "Arial",
                                "fontSize": "0.9dvw"
                              },
                              "textAlign": "center"
                            },
                            "type": "ia.input.dropdown"
                          }
                        ],
                        "meta": {
                          "name": "Recipient type"
                        },
                        "position": {
                          "basis": "11%",
                          "shrink": 0
                        },
                        "props": {
                          "style": {
                            "border-radius": "5px",
                            "borderWidth": 2
                          }
                        },
                        "type": "ia.container.flex"
                      },
                      {
                        "children": [
                          {
                            "meta": {
                              "name": "TO"
                            },
                            "position": {
                              "basis": "30%",
                              "shrink": 0
                            },
                            "props": {
                              "style": {
                                "backgroundColor": "#8D98A8",
                                "fontFamily": "Arial",
                                "fontSize": "1dvw",
                                "fontWeight": "bold",
                                "textAlign": "center"
                              },
                              "text": "Mail ID  "
                            },
                            "type": "ia.display.label"
                          },
                          {
                            "meta": {
                              "name": "TextField"
                            },
                            "position": {
                              "basis": "70%",
                              "shrink": 0
                            },
                            "props": {
                              "render": "string",
                              "style": {
                                "borderStyle": "none"
                              }
                            },
                            "type": "ia.input.text-field"
                          }
                        ],
                        "meta": {
                          "name": "Mail_id"
                        },
                        "position": {
                          "basis": "11%",
                          "shrink": 0
                        },
                        "props": {
                          "style": {
                            "border-radius": "5px",
                            "borderWidth": 2
                          }
                        },
                        "type": "ia.container.flex"
                      },
                      {
                        "children": [
                          {
                            "events": {
                              "component": {
                                "onActionPerformed": {
                                  "config": {
                                    "script": "\tBusiness_ID \u003d self.parent.parent.parent.parent.parent.parent.getChild(\"drop_header\").getChild(\"Business\").getChild(\"Dropdown\").props.value\n\tBusiness_Name\u003dself.parent.parent.parent.parent.parent.parent.getChild(\"drop_header\").getChild(\"Business\").getChild(\"Dropdown\").custom.Selected_Name\n\tPlant_ID\u003dself.parent.parent.parent.parent.parent.parent.getChild(\"drop_header\").getChild(\"Plant\").getChild(\"Dropdown\").props.value\n\tPlant_Name\u003dself.parent.parent.parent.parent.parent.parent.getChild(\"drop_header\").getChild(\"Plant\").getChild(\"Dropdown\").custom.Selected_Name\n\tMail_Type \u003d self.parent.parent.getChild(\"Mail type\").getChild(\"Dropdown\").props.value\n\tProject_ID\u003dself.parent.parent.parent.parent.parent.parent.getChild(\"drop_header\").getChild(\"Project\").getChild(\"Dropdown\").props.value\n\tProject_Name\u003dself.parent.parent.parent.parent.parent.parent.getChild(\"drop_header\").getChild(\"Project\").getChild(\"Dropdown\").custom.Project_Name\n\tTO \u003d self.parent.parent.getChild(\"to\").getChild(\"TextField\").props.text\n\tCC \u003d self.parent.parent.getChild(\"cc\").getChild(\"TextField\").props.text\n\t#Subject\u003dself.parent.parent.getChild(\"subject\").getChild(\"TextField\").props.text\n\t#Body\u003dself.parent.parent.getChild(\"body of mail\").getChild(\"TextArea\").props.text\n\t\n\tinsertQuery \u003d \"\"\"\n\tINSERT INTO OEE_Mail_Trigger(Business_ID,Business_Name,Plant_ID, Plant_Name,Mail_Type,Project_ID,Project, [TO], CC)\n\tVALUES (?, ?, ?,?,?,?,?,?,?)\n\t\"\"\"\n\tparams \u003d [Business_ID,Business_Name,Plant_ID,Plant_Name,Mail_Type,Project_ID,Project_Name, TO, CC]\n\tsystem.db.runPrepUpdate(insertQuery, params, database\u003d\"OEE\")\n\t\t# Refresh the table if found\n\ttable \u003d self.parent.parent.parent.parent.getChild(\"TABLE\").getChild(\"Table\")\n\ttable.refreshBinding(\"props.data\")\t"
                                  },
                                  "scope": "G",
                                  "type": "script"
                                }
                              }
                            },
                            "meta": {
                              "name": "add"
                            },
                            "position": {
                              "basis": "30%",
                              "shrink": 0
                            },
                            "props": {
                              "image": {
                                "icon": {
                                  "path": "material/add_circle"
                                }
                              },
                              "text": "ADD"
                            },
                            "type": "ia.input.button"
                          },
                          {
                            "events": {
                              "component": {
                                "onActionPerformed": {
                                  "config": {
                                    "script": "   \tlogger \u003d system.util.getLogger(\"MASTER\")\n\tBusiness_ID \u003d self.parent.parent.parent.parent.parent.parent.getChild(\"drop_header\").getChild(\"Business\").getChild(\"Dropdown\").props.value\n\tBusiness_Name \u003d self.parent.parent.parent.parent.parent.parent.getChild(\"drop_header\").getChild(\"Business\").getChild(\"Dropdown\").custom.Selected_Name\n\tPlant_ID \u003d self.parent.parent.parent.parent.parent.parent.getChild(\"drop_header\").getChild(\"Plant\").getChild(\"Dropdown\").props.value\n\tPlant_Name \u003d self.parent.parent.parent.parent.parent.parent.getChild(\"drop_header\").getChild(\"Plant\").getChild(\"Dropdown\").custom.Selected_Name\n\tMail_Type \u003dself.parent.parent.getChild(\"Mail type\").getChild(\"Dropdown\").props.value\n\tProject_ID \u003d self.parent.parent.parent.parent.parent.parent.getChild(\"drop_header\").getChild(\"Project\").getChild(\"Dropdown\").props.value\n\tProject_Name \u003d self.parent.parent.parent.parent.parent.parent.getChild(\"drop_header\").getChild(\"Project\").getChild(\"Dropdown\").custom.Project_Name\n\tTO \u003d self.parent.parent.getChild(\"to\").getChild(\"TextField\").props.text\n\tCC \u003d self.parent.parent.getChild(\"cc\").getChild(\"TextField\").props.text\n\t\n\tRow_ID \u003d self.parent.parent.parent.parent.getChild(\"TABLE\").getChild(\"Table\").custom.Row_ID\n\n\ttry:\t# Check for duplicates (excluding current record)\n\t\tD \u003d system.db.runScalarPrepQuery\n\t\t(\n\t\t\t\"\"\"\n\t\t\tSELECT COUNT(*) FROM OEE_Mail_Trigger\n\t\t\tWHERE Business_ID \u003d ? AND Plant_ID \u003d ? AND Project_ID \u003d ? AND ID !\u003d ?\n\t\t\t\"\"\",\n\t\t\t[Business_ID, Plant_ID, Project_ID, Row_ID],\n\t\t\t\"OEE\"\n\t\t)\n\n\t\tif D \u003d\u003d 0:\n\t\t\tsystem.db.runPrepUpdate(\n\t\t\t\t\"\"\"\n\t\t\t\t    UPDATE OEE_Mail_Trigger\n\t\t\t\t    SET Business_ID \u003d ?, Business_Name \u003d ?, Plant_ID \u003d ?, Plant_Name \u003d ?, Mail_Type \u003d ?,\n\t\t\t\t        Project_ID \u003d ?, Project \u003d ?, [TO] \u003d ?, CC \u003d ?\n\t\t\t\t    WHERE ID \u003d ?\n\t\t\t\t    \"\"\",\n\t\t\t\t    [Business_ID, Business_Name, Plant_ID, Plant_Name, Mail_Type,\n\t\t\t\t     Project_ID, Project_Name, TO, CC, Row_ID],  # ← Add Row_ID here\n\t\t\t\t    \"OEE\"\n\t\t\t)\n\t\t\tsystem.perspective.sendMessage(\u0027refresh_table\u0027, {\u0027refresh\u0027: True}, scope\u003d\u0027view\u0027)\n\t\t\tMasters.Common_Master.open_popup(\"Mail Master\", \"Shift ID: \" + str(Project_ID) + \" updated successfully.\")\n\t\telse:\n\t\t\tMasters.Common_Master.open_popup(\"Mail Master\", \"Shift ID: \" + str(Project_ID) + \" already exists for selected Business and Plant.\")\n\n\texcept Exception as e:\n\t\tlogger.error(\"OEE - Mail Master Error in Modify (ID: \"+str(Row_ID)+\"): \" + str(e))\n\t\tMasters.Common_Master.open_popup(\"Mail Master\", \"Issue in modifying Mail: \" + str(e))"
                                  },
                                  "scope": "G",
                                  "type": "script"
                                }
                              }
                            },
                            "meta": {
                              "name": "modify"
                            },
                            "position": {
                              "basis": "30%",
                              "shrink": 0
                            },
                            "props": {
                              "image": {
                                "icon": {
                                  "path": "material/edit"
                                }
                              },
                              "text": "MODIFY"
                            },
                            "type": "ia.input.button"
                          },
                          {
                            "events": {
                              "component": {
                                "onActionPerformed": {
                                  "config": {
                                    "script": "\tlogger \u003d system.util.getLogger(\"OEE_MASTER\") \t\n\tBusiness_ID \u003d self.parent.parent.parent.parent.parent.parent.getChild(\"drop_header\").getChild(\"Business\").getChild(\"Dropdown\").props.value\n\tBusiness_Name\u003dself.parent.parent.parent.parent.parent.parent.getChild(\"drop_header\").getChild(\"Business\").getChild(\"Dropdown\").custom.Selected_Name\n\tPlant_ID\u003dself.parent.parent.parent.parent.parent.parent.getChild(\"drop_header\").getChild(\"Plant\").getChild(\"Dropdown\").props.value\n\tPlant_Name\u003dself.parent.parent.parent.parent.parent.parent.getChild(\"drop_header\").getChild(\"Plant\").getChild(\"Dropdown\").custom.Selected_Name\n\tMail_Type \u003d self.view.custom.Dropdown_Value\n\tProject_ID\u003dself.parent.parent.parent.parent.parent.parent.getChild(\"drop_header\").getChild(\"Project\").getChild(\"Dropdown\").props.value\n\t\n\tID \u003d self.parent.parent.parent.parent.getChild(\"TABLE\").getChild(\"Table\").custom.Row_ID\n\tsystem.db.runPrepUpdate(\n\t\t\t\"DELETE FROM  OEE_Mail_Trigger WHERE ID \u003d ?\",\n\t\t\t[ID],\n\t\t\t\"OEE\"\n\t\t)\n\t\t\n\tsystem.perspective.sendMessage(\u0027refresh_table\u0027, {\u0027refresh\u0027:True}, scope \u003d \u0027view\u0027 )\t\n\tMasters.Common_Master.open_popup(\" Deleted successfully \")\n\t"
                                  },
                                  "scope": "G",
                                  "type": "script"
                                }
                              }
                            },
                            "meta": {
                              "name": "delete"
                            },
                            "position": {
                              "basis": "30%",
                              "shrink": 0
                            },
                            "props": {
                              "image": {
                                "icon": {
                                  "path": "material/delete_forever"
                                }
                              },
                              "text": "DELETE"
                            },
                            "type": "ia.input.button"
                          }
                        ],
                        "meta": {
                          "name": "Button"
                        },
                        "position": {
                          "basis": "10%",
                          "shrink": 0
                        },
                        "props": {
                          "justify": "space-around",
                          "style": {
                            "border-radius": "5px",
                            "borderWidth": 2
                          }
                        },
                        "type": "ia.container.flex"
                      }
                    ],
                    "meta": {
                      "name": "FlexContainer"
                    },
                    "position": {
                      "basis": "83.1%",
                      "shrink": 0
                    },
                    "props": {
                      "direction": "column",
                      "justify": "space-around",
                      "style": {
                        "overflow": "hidden",
                        "padding": "10px"
                      }
                    },
                    "type": "ia.container.flex"
                  }
                ],
                "meta": {
                  "name": "selection"
                },
                "position": {
                  "basis": "42.6%",
                  "shrink": 0
                },
                "props": {
                  "direction": "column",
                  "justify": "space-evenly",
                  "style": {
                    "borderBottomLeftRadius": "8px",
                    "borderBottomRightRadius": "8px",
                    "borderColor": "#D5D5D5",
                    "borderTopLeftRadius": "8px",
                    "borderTopRightRadius": "8px",
                    "borderWidth": "2px",
                    "margin": "6px",
                    "padding": "6px"
                  }
                },
                "type": "ia.container.flex"
              },
              {
                "children": [
                  {
                    "custom": {
                      "Project_ID": "EMS",
                      "Row_ID": 32
                    },
                    "events": {
                      "component": {
                        "onRowClick": {
                          "config": {
                            "script": "\n\t  # selected row as dictionary\n\tself.parent.parent.getChild(\"FORM\").getChild(\"FlexContainer\").getChild(\"Mail type\").getChild(\"Dropdown\").props.value \u003d self.props.selection.data[0].MailType\n\tself.parent.parent.getChild(\"FORM\").getChild(\"FlexContainer\").getChild(\"to\").getChild(\"TextField\").props.text \u003d self.props.selection.data[0].To\n\tself.parent.parent.getChild(\"FORM\").getChild(\"FlexContainer\").getChild(\"cc\").getChild(\"TextField\").props.text \u003d self.props.selection.data[0].CC\n\n\tself.custom.Project_ID \u003d self.props.selection.data[0].ProjectName\n\tself.custom.Row_ID \u003d self.props.selection.data[0].Unique_Id"
                          },
                          "scope": "G",
                          "type": "script"
                        }
                      }
                    },
                    "meta": {
                      "name": "Table"
                    },
                    "position": {
                      "basis": "74.5%",
                      "shrink": 0
                    },
                    "propConfig": {
                      "props.data": {
                        "binding": {
                          "config": {
                            "parameters": {
                              "BusinessID": "{...../drop_header/Business/Dropdown.props.value}",
                              "PlantID": "{...../drop_header/Plant/Dropdown.props.value}",
                              "ProjectID": "{...../drop_header/Project/Dropdown.props.value}"
                            },
                            "queryPath": "OEE/Test/Mail_trigger"
                          },
                          "type": "query"
                        }
                      }
                    },
                    "props": {
                      "columns": [
                        {
                          "align": "center",
                          "boolean": "checkbox",
                          "dateFormat": "yyyy-MM-DD",
                          "editable": false,
                          "field": "CreatedDate",
                          "filter": {
                            "boolean": {
                              "condition": ""
                            },
                            "date": {
                              "condition": "",
                              "value": ""
                            },
                            "enabled": false,
                            "number": {
                              "condition": "",
                              "value": ""
                            },
                            "string": {
                              "condition": "",
                              "value": ""
                            },
                            "visible": "on-hover"
                          },
                          "footer": {
                            "align": "center",
                            "justify": "left",
                            "style": {
                              "classes": ""
                            },
                            "title": ""
                          },
                          "header": {
                            "align": "center",
                            "justify": "left",
                            "style": {
                              "classes": ""
                            },
                            "title": ""
                          },
                          "justify": "auto",
                          "nullFormat": {
                            "includeNullStrings": false,
                            "nullFormatValue": "",
                            "strict": false
                          },
                          "number": "value",
                          "numberFormat": "0,0.##",
                          "progressBar": {
                            "bar": {
                              "color": "",
                              "style": {
                                "classes": ""
                              }
                            },
                            "max": 100,
                            "min": 0,
                            "track": {
                              "color": "",
                              "style": {
                                "classes": ""
                              }
                            },
                            "value": {
                              "enabled": true,
                              "format": "0,0.##",
                              "justify": "center",
                              "style": {
                                "classes": ""
                              }
                            }
                          },
                          "render": "date",
                          "resizable": true,
                          "sort": "none",
                          "sortable": true,
                          "strictWidth": false,
                          "style": {
                            "classes": ""
                          },
                          "toggleSwitch": {
                            "color": {
                              "selected": "",
                              "unselected": ""
                            }
                          },
                          "viewParams": {},
                          "viewPath": "",
                          "visible": true,
                          "width": ""
                        },
                        {
                          "align": "center",
                          "boolean": "checkbox",
                          "dateFormat": "MM/DD/YYYY",
                          "editable": false,
                          "field": "MailType",
                          "filter": {
                            "boolean": {
                              "condition": ""
                            },
                            "date": {
                              "condition": "",
                              "value": ""
                            },
                            "enabled": false,
                            "number": {
                              "condition": "",
                              "value": ""
                            },
                            "string": {
                              "condition": "",
                              "value": ""
                            },
                            "visible": "on-hover"
                          },
                          "footer": {
                            "align": "center",
                            "justify": "left",
                            "style": {
                              "classes": ""
                            },
                            "title": ""
                          },
                          "header": {
                            "align": "center",
                            "justify": "left",
                            "style": {
                              "classes": ""
                            },
                            "title": ""
                          },
                          "justify": "auto",
                          "nullFormat": {
                            "includeNullStrings": false,
                            "nullFormatValue": "",
                            "strict": false
                          },
                          "number": "value",
                          "numberFormat": "0,0.##",
                          "progressBar": {
                            "bar": {
                              "color": "",
                              "style": {
                                "classes": ""
                              }
                            },
                            "max": 100,
                            "min": 0,
                            "track": {
                              "color": "",
                              "style": {
                                "classes": ""
                              }
                            },
                            "value": {
                              "enabled": true,
                              "format": "0,0.##",
                              "justify": "center",
                              "style": {
                                "classes": ""
                              }
                            }
                          },
                          "render": "auto",
                          "resizable": true,
                          "sort": "none",
                          "sortable": true,
                          "strictWidth": false,
                          "style": {
                            "classes": ""
                          },
                          "toggleSwitch": {
                            "color": {
                              "selected": "",
                              "unselected": ""
                            }
                          },
                          "viewParams": {},
                          "viewPath": "",
                          "visible": true,
                          "width": ""
                        },
                        {
                          "align": "center",
                          "boolean": "checkbox",
                          "dateFormat": "MM/DD/YYYY",
                          "editable": false,
                          "field": "To",
                          "filter": {
                            "boolean": {
                              "condition": ""
                            },
                            "date": {
                              "condition": "",
                              "value": ""
                            },
                            "enabled": false,
                            "number": {
                              "condition": "",
                              "value": ""
                            },
                            "string": {
                              "condition": "",
                              "value": ""
                            },
                            "visible": "on-hover"
                          },
                          "footer": {
                            "align": "center",
                            "justify": "left",
                            "style": {
                              "classes": ""
                            },
                            "title": ""
                          },
                          "header": {
                            "align": "center",
                            "justify": "left",
                            "style": {
                              "classes": ""
                            },
                            "title": ""
                          },
                          "justify": "auto",
                          "nullFormat": {
                            "includeNullStrings": false,
                            "nullFormatValue": "",
                            "strict": false
                          },
                          "number": "value",
                          "numberFormat": "0,0.##",
                          "progressBar": {
                            "bar": {
                              "color": "",
                              "style": {
                                "classes": ""
                              }
                            },
                            "max": 100,
                            "min": 0,
                            "track": {
                              "color": "",
                              "style": {
                                "classes": ""
                              }
                            },
                            "value": {
                              "enabled": true,
                              "format": "0,0.##",
                              "justify": "center",
                              "style": {
                                "classes": ""
                              }
                            }
                          },
                          "render": "auto",
                          "resizable": true,
                          "sort": "none",
                          "sortable": true,
                          "strictWidth": false,
                          "style": {
                            "classes": ""
                          },
                          "toggleSwitch": {
                            "color": {
                              "selected": "",
                              "unselected": ""
                            }
                          },
                          "viewParams": {},
                          "viewPath": "",
                          "visible": true,
                          "width": ""
                        },
                        {
                          "align": "center",
                          "boolean": "checkbox",
                          "dateFormat": "MM/DD/YYYY",
                          "editable": false,
                          "field": "CC",
                          "filter": {
                            "boolean": {
                              "condition": ""
                            },
                            "date": {
                              "condition": "",
                              "value": ""
                            },
                            "enabled": false,
                            "number": {
                              "condition": "",
                              "value": ""
                            },
                            "string": {
                              "condition": "",
                              "value": ""
                            },
                            "visible": "on-hover"
                          },
                          "footer": {
                            "align": "center",
                            "justify": "left",
                            "style": {
                              "classes": ""
                            },
                            "title": ""
                          },
                          "header": {
                            "align": "center",
                            "justify": "left",
                            "style": {
                              "classes": ""
                            },
                            "title": ""
                          },
                          "justify": "auto",
                          "nullFormat": {
                            "includeNullStrings": false,
                            "nullFormatValue": "",
                            "strict": false
                          },
                          "number": "value",
                          "numberFormat": "0,0.##",
                          "progressBar": {
                            "bar": {
                              "color": "",
                              "style": {
                                "classes": ""
                              }
                            },
                            "max": 100,
                            "min": 0,
                            "track": {
                              "color": "",
                              "style": {
                                "classes": ""
                              }
                            },
                            "value": {
                              "enabled": true,
                              "format": "0,0.##",
                              "justify": "center",
                              "style": {
                                "classes": ""
                              }
                            }
                          },
                          "render": "auto",
                          "resizable": true,
                          "sort": "none",
                          "sortable": true,
                          "strictWidth": false,
                          "style": {
                            "classes": ""
                          },
                          "toggleSwitch": {
                            "color": {
                              "selected": "",
                              "unselected": ""
                            }
                          },
                          "viewParams": {},
                          "viewPath": "",
                          "visible": true,
                          "width": ""
                        },
                        {
                          "align": "center",
                          "boolean": "checkbox",
                          "dateFormat": "MM/DD/YYYY",
                          "editable": false,
                          "field": "Unique_ID",
                          "filter": {
                            "boolean": {
                              "condition": ""
                            },
                            "date": {
                              "condition": "",
                              "value": ""
                            },
                            "enabled": false,
                            "number": {
                              "condition": "",
                              "value": ""
                            },
                            "string": {
                              "condition": "",
                              "value": ""
                            },
                            "visible": "on-hover"
                          },
                          "footer": {
                            "align": "center",
                            "justify": "left",
                            "style": {
                              "classes": ""
                            },
                            "title": ""
                          },
                          "header": {
                            "align": "center",
                            "justify": "left",
                            "style": {
                              "classes": ""
                            },
                            "title": ""
                          },
                          "justify": "auto",
                          "nullFormat": {
                            "includeNullStrings": false,
                            "nullFormatValue": "",
                            "strict": false
                          },
                          "number": "value",
                          "numberFormat": "0,0.##",
                          "progressBar": {
                            "bar": {
                              "color": "",
                              "style": {
                                "classes": ""
                              }
                            },
                            "max": 100,
                            "min": 0,
                            "track": {
                              "color": "",
                              "style": {
                                "classes": ""
                              }
                            },
                            "value": {
                              "enabled": true,
                              "format": "0,0.##",
                              "justify": "center",
                              "style": {
                                "classes": ""
                              }
                            }
                          },
                          "render": "auto",
                          "resizable": true,
                          "sort": "none",
                          "sortable": true,
                          "strictWidth": false,
                          "style": {
                            "classes": ""
                          },
                          "toggleSwitch": {
                            "color": {
                              "selected": "",
                              "unselected": ""
                            }
                          },
                          "viewParams": {},
                          "viewPath": "",
                          "visible": false,
                          "width": ""
                        },
                        {
                          "align": "center",
                          "boolean": "checkbox",
                          "dateFormat": "MM/DD/YYYY",
                          "editable": false,
                          "field": "ProjectName",
                          "filter": {
                            "boolean": {
                              "condition": ""
                            },
                            "date": {
                              "condition": "",
                              "value": ""
                            },
                            "enabled": false,
                            "number": {
                              "condition": "",
                              "value": ""
                            },
                            "string": {
                              "condition": "",
                              "value": ""
                            },
                            "visible": "on-hover"
                          },
                          "footer": {
                            "align": "center",
                            "justify": "left",
                            "style": {
                              "classes": ""
                            },
                            "title": ""
                          },
                          "header": {
                            "align": "center",
                            "justify": "left",
                            "style": {
                              "classes": ""
                            },
                            "title": ""
                          },
                          "justify": "auto",
                          "nullFormat": {
                            "includeNullStrings": false,
                            "nullFormatValue": "",
                            "strict": false
                          },
                          "number": "value",
                          "numberFormat": "0,0.##",
                          "progressBar": {
                            "bar": {
                              "color": "",
                              "style": {
                                "classes": ""
                              }
                            },
                            "max": 100,
                            "min": 0,
                            "track": {
                              "color": "",
                              "style": {
                                "classes": ""
                              }
                            },
                            "value": {
                              "enabled": true,
                              "format": "0,0.##",
                              "justify": "center",
                              "style": {
                                "classes": ""
                              }
                            }
                          },
                          "render": "auto",
                          "resizable": true,
                          "sort": "none",
                          "sortable": true,
                          "strictWidth": false,
                          "style": {
                            "classes": ""
                          },
                          "toggleSwitch": {
                            "color": {
                              "selected": "",
                              "unselected": ""
                            }
                          },
                          "viewParams": {},
                          "viewPath": "",
                          "visible": false,
                          "width": ""
                        }
                      ],
                      "style": {
                        "margin": "15px"
                      }
                    },
                    "scripts": {
                      "customMethods": [],
                      "extensionFunctions": null,
                      "messageHandlers": [
                        {
                          "messageType": "refresh_table",
                          "pageScope": true,
                          "script": "\t\tself.refreshBinding(\"props.data\")",
                          "sessionScope": true,
                          "viewScope": true
                        }
                      ]
                    },
                    "type": "ia.display.table"
                  }
                ],
                "meta": {
                  "name": "TABLE"
                },
                "position": {
                  "basis": "56.9%"
                },
                "props": {
                  "direction": "column",
                  "justify": "center",
                  "style": {
                    "borderBottomLeftRadius": "8px",
                    "borderBottomRightRadius": "8px",
                    "borderColor": "#D5D5D5",
                    "borderTopLeftRadius": "8px",
                    "borderTopRightRadius": "8px",
                    "borderWidth": "2px",
                    "margin": "4px"
                  }
                },
                "type": "ia.container.flex"
              }
            ],
            "meta": {
              "name": "FlexContainer"
            },
            "position": {
              "grow": 1
            },
            "props": {
              "justify": "center",
              "style": {
                "backgroundColor": "#E6EAF4"
              }
            },
            "type": "ia.container.flex"
          }
        ],
        "meta": {
          "name": "mail"
        },
        "position": {
          "basis": "542.4px",
          "shrink": 0
        },
        "props": {
          "justify": "center"
        },
        "type": "ia.container.flex"
      }
    ],
    "meta": {
      "name": "root"
    },
    "props": {
      "direction": "column",
      "justify": "space-evenly"
    },
    "type": "ia.container.flex"
  }
}