{
  "custom": {},
  "params": {
    "Business": 4,
    "Line": 2,
    "Machine": 1,
    "Plant": 2
  },
  "propConfig": {
    "params.Business": {
      "paramDirection": "input",
      "persistent": true
    },
    "params.Line": {
      "paramDirection": "input",
      "persistent": true
    },
    "params.Machine": {
      "paramDirection": "input",
      "persistent": true
    },
    "params.Plant": {
      "paramDirection": "input",
      "persistent": true
    }
  },
  "props": {
    "defaultSize": {
      "height": 62,
      "width": 1372
    }
  },
  "root": {
    "children": [
      {
        "children": [
          {
            "meta": {
              "name": "Line"
            },
            "position": {
              "basis": "250px"
            },
            "propConfig": {
              "props.text": {
                "binding": {
                  "config": {
                    "parameters": {
                      "BusinessID": "{view.params.Business}",
                      "LineID": "{view.params.Line}",
                      "PlantID": "{view.params.Plant}"
                    },
                    "queryPath": "Common/GetLineName (1)",
                    "returnFormat": "scalar"
                  },
                  "type": "query"
                }
              }
            },
            "type": "ia.display.label"
          },
          {
            "meta": {
              "name": "Machine"
            },
            "position": {
              "basis": "200px"
            },
            "propConfig": {
              "props.text": {
                "binding": {
                  "config": {
                    "parameters": {
                      "BusinessID": "{view.params.Business}",
                      "LineID": "{view.params.Line}",
                      "MachineID": "{view.params.Machine}",
                      "PlantID": "{view.params.Plant}"
                    },
                    "queryPath": "Common/GetMachineName (1)",
                    "returnFormat": "scalar"
                  },
                  "type": "query"
                }
              }
            },
            "type": "ia.display.label"
          },
          {
            "meta": {
              "name": "MachineStatus"
            },
            "position": {
              "basis": "250px"
            },
            "props": {
              "text": 0
            },
            "type": "ia.display.label"
          },
          {
            "meta": {
              "name": "Current Part"
            },
            "position": {
              "basis": "250px"
            },
            "props": {
              "text": 0
            },
            "type": "ia.display.label"
          },
          {
            "meta": {
              "name": "PartStdCT"
            },
            "position": {
              "basis": "250px"
            },
            "props": {
              "text": 0
            },
            "type": "ia.display.label"
          },
          {
            "meta": {
              "name": "CycleTime"
            },
            "position": {
              "basis": "250px"
            },
            "props": {
              "text": 0
            },
            "type": "ia.display.label"
          },
          {
            "meta": {
              "name": "TargetCount"
            },
            "position": {
              "basis": "250px"
            },
            "props": {
              "text": 0
            },
            "type": "ia.display.label"
          },
          {
            "meta": {
              "name": "ActualCount"
            },
            "position": {
              "basis": "250px"
            },
            "props": {
              "text": 0
            },
            "type": "ia.display.label"
          },
          {
            "meta": {
              "name": "Availability"
            },
            "position": {
              "basis": "250px"
            },
            "props": {
              "text": 0
            },
            "type": "ia.display.label"
          },
          {
            "meta": {
              "name": "Performance"
            },
            "position": {
              "basis": "250px"
            },
            "props": {
              "text": 0
            },
            "type": "ia.display.label"
          },
          {
            "meta": {
              "name": "Quality"
            },
            "position": {
              "basis": "250px"
            },
            "props": {
              "text": 0
            },
            "type": "ia.display.label"
          },
          {
            "meta": {
              "name": "OEE"
            },
            "position": {
              "basis": "250px"
            },
            "props": {
              "text": 0
            },
            "type": "ia.display.label"
          },
          {
            "meta": {
              "name": "TargetOEE"
            },
            "position": {
              "basis": "250px"
            },
            "props": {
              "text": 0
            },
            "type": "ia.display.label"
          }
        ],
        "meta": {
          "name": "Machinecontainer"
        },
        "position": {
          "basis": "250px",
          "grow": 1
        },
        "props": {
          "style": {
            "overflow": "hidden"
          }
        },
        "type": "ia.container.flex"
      }
    ],
    "meta": {
      "name": "root"
    },
    "props": {
      "direction": "column",
      "style": {
        "overflow": "hidden",
        "textAlign": "center"
      }
    },
    "type": "ia.container.flex"
  }
}