{
  "custom": {},
  "params": {},
  "props": {
    "defaultSize": {
      "height": 1772,
      "width": 2165
    }
  },
  "root": {
    "children": [
      {
        "meta": {
          "name": "EWON_REVL_P2"
        },
        "position": {
          "height": 0.09,
          "width": 0.06,
          "x": 0.1807,
          "y": 0.5104
        },
        "propConfig": {
          "props.tint.color": {
            "binding": {
              "config": {
                "fallbackDelay": 2.5,
                "mode": "direct",
                "tagPath": "[AWS_system]Gateway/OPC/Connections/eWON - Tags server_SGD_P1/Connected"
              },
              "transforms": [
                {
                  "fallback": "#FFAC47",
                  "inputType": "scalar",
                  "mappings": [
                    {
                      "input": true,
                      "output": "#00FF00"
                    },
                    {
                      "input": false,
                      "output": "#FF0000"
                    }
                  ],
                  "outputType": "color",
                  "type": "map"
                }
              ],
              "type": "tag"
            }
          }
        },
        "props": {
          "fit": {
            "mode": "percent"
          },
          "source": "/system/images/ewonimage.png",
          "style": {
            "borderBottomLeftRadius": 5,
            "borderBottomRightRadius": 5,
            "borderStyle": "groove",
            "borderTopLeftRadius": 5,
            "borderTopRightRadius": 5,
            "borderWidth": 4
          },
          "tint": {
            "enabled": true
          }
        },
        "type": "ia.display.image"
      },
      {
        "meta": {
          "name": "advantech"
        },
        "position": {
          "height": 0.09,
          "width": 0.06,
          "x": 0.9338,
          "y": 0.153
        },
        "propConfig": {
          "props.tint.color": {
            "binding": {
              "config": {
                "fallbackDelay": 2.5,
                "mode": "direct",
                "tagPath": "[System]Gateway/OPC/Connections/RML_p4_Advantech/Connected"
              },
              "transforms": [
                {
                  "fallback": "#FFAC47",
                  "inputType": "scalar",
                  "mappings": [
                    {
                      "input": true,
                      "output": "#00FF00"
                    },
                    {
                      "input": false,
                      "output": "#FF0000"
                    }
                  ],
                  "outputType": "color",
                  "type": "map"
                }
              ],
              "type": "tag"
            }
          }
        },
        "props": {
          "fit": {
            "mode": "percent"
          },
          "source": "/system/images/advantech.png",
          "style": {
            "borderBottomLeftRadius": 5,
            "borderBottomRightRadius": 5,
            "borderStyle": "groove",
            "borderTopLeftRadius": 5,
            "borderTopRightRadius": 5,
            "borderWidth": 4
          },
          "tint": {
            "enabled": true
          }
        },
        "type": "ia.display.image"
      },
      {
        "meta": {
          "name": "ServerContainer"
        },
        "position": {
          "height": 0.167,
          "width": 0.1783,
          "x": 0.3869,
          "y": 0.2868
        },
        "props": {
          "fit": {
            "mode": "percent"
          },
          "source": "/system/images/rbs.png",
          "style": {
            "borderBottomLeftRadius": 5,
            "borderBottomRightRadius": 5,
            "borderStyle": "groove",
            "borderTopLeftRadius": 5,
            "borderTopRightRadius": 5,
            "borderWidth": 4
          }
        },
        "type": "ia.display.image"
      },
      {
        "meta": {
          "name": "ServerName"
        },
        "position": {
          "height": 0.0181,
          "width": 0.0725,
          "x": 0.4077,
          "y": 0.3454
        },
        "props": {
          "style": {
            "fontSize": 16,
            "fontWeight": "bold",
            "textAlign": "center"
          },
          "text": "Centralized Server"
        },
        "type": "ia.display.label"
      },
      {
        "meta": {
          "name": "REVL"
        },
        "position": {
          "height": 0.0666,
          "width": 0.0956,
          "x": 0.4193,
          "y": 0.4999
        },
        "props": {
          "style": {
            "backgroundColor": "#12239E",
            "borderBottomLeftRadius": 5,
            "borderBottomRightRadius": 5,
            "borderStyle": "outset",
            "borderTopLeftRadius": 5,
            "borderTopRightRadius": 5,
            "color": "#ffffff",
            "fontSize": 14,
            "fontWeight": "bold",
            "textAlign": "center"
          },
          "text": "REVL"
        },
        "type": "ia.display.label"
      },
      {
        "meta": {
          "name": "REVL_P2"
        },
        "position": {
          "height": 0.06,
          "rotate": {
            "anchor": "125% 50%"
          },
          "width": 0.06,
          "x": 0.3109,
          "y": 0.5049
        },
        "props": {
          "style": {
            "backgroundColor": "#FFFF00",
            "borderBottomLeftRadius": 5,
            "borderBottomRightRadius": 5,
            "borderStyle": "outset",
            "borderTopLeftRadius": 5,
            "borderTopRightRadius": 5,
            "fontSize": 14,
            "fontWeight": "bold",
            "textAlign": "center"
          },
          "text": "Plant 2"
        },
        "type": "ia.display.label"
      },
      {
        "meta": {
          "name": "REVL_P3"
        },
        "position": {
          "height": 0.06,
          "rotate": {
            "anchor": "118% 100%"
          },
          "width": 0.06,
          "x": 0.3622,
          "y": 0.6066
        },
        "props": {
          "style": {
            "backgroundColor": "#FFFF00",
            "borderBottomLeftRadius": 5,
            "borderBottomRightRadius": 5,
            "borderStyle": "outset",
            "borderTopLeftRadius": 5,
            "borderTopRightRadius": 5,
            "fontSize": 14,
            "fontWeight": "bold",
            "textAlign": "center"
          },
          "text": "Plant 3"
        },
        "type": "ia.display.label"
      },
      {
        "meta": {
          "name": "REVL_P4"
        },
        "position": {
          "height": 0.06,
          "rotate": {
            "anchor": "75% 50%"
          },
          "width": 0.06,
          "x": 0.4454,
          "y": 0.6157
        },
        "props": {
          "style": {
            "backgroundColor": "#FFFF00",
            "borderBottomLeftRadius": 5,
            "borderBottomRightRadius": 5,
            "borderStyle": "outset",
            "borderTopLeftRadius": 5,
            "borderTopRightRadius": 5,
            "fontSize": 14,
            "fontWeight": "bold",
            "textAlign": "center"
          },
          "text": "Plant 4"
        },
        "type": "ia.display.label"
      },
      {
        "meta": {
          "name": "REVL_P4_arrow"
        },
        "position": {
          "height": 0.0361,
          "rotate": {
            "anchor": "-46% 137%"
          },
          "width": 0.0233,
          "x": 0.4628,
          "y": 0.5728
        },
        "props": {
          "elements": [
            {
              "d": "M0,999 l0,-999 124,0 0,999 -124,0z",
              "fill": {
                "paint": "#c0c0c0"
              },
              "name": "path",
              "stroke": {
                "paint": "#4c4c4c",
                "width": "2"
              },
              "type": "path"
            },
            {
              "d": "M10,999 l0,-999 103,0 0,999 -103,0z",
              "fill": {
                "paint": "#0F0202"
              },
              "name": "path",
              "type": "path"
            }
          ],
          "viewBox": "0 0 124 999"
        },
        "type": "ia.shapes.svg"
      },
      {
        "meta": {
          "name": "REVL_P3_arrow"
        },
        "position": {
          "height": 0.0409,
          "rotate": {
            "anchor": "-174% 119%",
            "angle": "29deg"
          },
          "width": 0.0266,
          "x": 0.3938,
          "y": 0.5261
        },
        "props": {
          "elements": [
            {
              "d": "M0,999 l0,-999 124,0 0,999 -124,0z",
              "fill": {
                "paint": "#c0c0c0"
              },
              "name": "path",
              "stroke": {
                "paint": "#4c4c4c",
                "width": "2"
              },
              "type": "path"
            },
            {
              "d": "M10,999 l0,-999 103,0 0,999 -103,0z",
              "fill": {
                "paint": "#0F0202"
              },
              "name": "path",
              "type": "path"
            }
          ],
          "viewBox": "0 0 124 999"
        },
        "type": "ia.shapes.svg"
      },
      {
        "meta": {
          "name": "REVL_P2_arrow"
        },
        "position": {
          "height": 0.0384,
          "rotate": {
            "anchor": "50% 0%",
            "angle": "45deg"
          },
          "width": 0.0277,
          "x": 0.3914,
          "y": 0.5211
        },
        "props": {
          "elements": [
            {
              "d": "M0,888 l888,-888 111,111 -888,888 -111,-111z",
              "fill": {
                "paint": "#c0c0c0"
              },
              "name": "path",
              "stroke": {
                "paint": "#4c4c4c",
                "width": "2"
              },
              "type": "path"
            },
            {
              "d": "M9,897 l888,-888 92,92 -888,888 -92,-92z",
              "fill": {
                "paint": "#0F0202"
              },
              "name": "path",
              "type": "path"
            }
          ],
          "viewBox": "0 0 999 999"
        },
        "type": "ia.shapes.svg"
      },
      {
        "meta": {
          "name": "Long diagonal segment 3"
        },
        "position": {
          "height": 0.0361,
          "width": 0.0233,
          "x": 0.5949,
          "y": 0.1468
        },
        "props": {
          "elements": [
            {
              "d": "M888,999 l-888,-889 111,-110 888,887 -111,112z",
              "fill": {
                "paint": "#c0c0c0"
              },
              "name": "path",
              "stroke": {
                "paint": "#4c4c4c",
                "width": "2"
              },
              "type": "path"
            },
            {
              "d": "M897,989 l-888,-888 92,-92 888,888 -92,92z",
              "fill": {
                "paint": "#0F0202"
              },
              "name": "path",
              "type": "path"
            }
          ],
          "viewBox": "0 0 999 999"
        },
        "type": "ia.shapes.svg"
      },
      {
        "meta": {
          "name": "RSSL_P1"
        },
        "position": {
          "height": 0.06,
          "rotate": {
            "anchor": "545% 75%"
          },
          "width": 0.06,
          "x": 0.5271,
          "y": 0.0897
        },
        "props": {
          "style": {
            "backgroundColor": "#FFFF00",
            "borderBottomLeftRadius": 5,
            "borderBottomRightRadius": 5,
            "borderStyle": "outset",
            "borderTopLeftRadius": 5,
            "borderTopRightRadius": 5,
            "fontSize": 14,
            "fontWeight": "bold",
            "textAlign": "center"
          },
          "text": "Plant 1"
        },
        "type": "ia.display.label"
      },
      {
        "meta": {
          "name": "RSSL"
        },
        "position": {
          "height": 0.06,
          "width": 0.09,
          "x": 0.5455,
          "y": 0.1817
        },
        "props": {
          "style": {
            "backgroundColor": "#12239E",
            "borderBottomLeftRadius": 5,
            "borderBottomRightRadius": 5,
            "borderStyle": "outset",
            "borderTopLeftRadius": 5,
            "borderTopRightRadius": 5,
            "color": "#ffffff",
            "fontSize": 14,
            "fontWeight": "bold",
            "textAlign": "center"
          },
          "text": "RSSL"
        },
        "type": "ia.display.label"
      },
      {
        "meta": {
          "name": "Long diagonal segment 5"
        },
        "position": {
          "height": 0.0361,
          "rotate": {
            "anchor": "0% 75%"
          },
          "width": 0.0233,
          "x": 0.667,
          "y": 0.1466
        },
        "props": {
          "elements": [
            {
              "d": "M0,888 l888,-888 111,111 -888,888 -111,-111z",
              "fill": {
                "paint": "#c0c0c0"
              },
              "name": "path",
              "stroke": {
                "paint": "#4c4c4c",
                "width": "2"
              },
              "type": "path"
            },
            {
              "d": "M9,897 l888,-888 92,92 -888,888 -92,-92z",
              "fill": {
                "paint": "#0F0202"
              },
              "name": "path",
              "type": "path"
            }
          ],
          "viewBox": "0 0 999 999"
        },
        "type": "ia.shapes.svg"
      },
      {
        "meta": {
          "name": "Long horizontal segment_3"
        },
        "position": {
          "height": 0.0361,
          "width": 0.0233,
          "x": 0.6923,
          "y": 0.1986
        },
        "props": {
          "elements": [
            {
              "d": "M999,124 l-999,0 0,-124 999,0 0,124z",
              "fill": {
                "paint": "#c0c0c0"
              },
              "name": "path",
              "stroke": {
                "paint": "#4c4c4c",
                "width": "2"
              },
              "type": "path"
            },
            {
              "d": "M999,114 l-999,0 0,-104 999,0 0,104z",
              "fill": {
                "paint": "#0F0202"
              },
              "name": "path",
              "type": "path"
            }
          ],
          "viewBox": "0 0 999 124"
        },
        "type": "ia.shapes.svg"
      },
      {
        "meta": {
          "name": "RSSL_Plant 2"
        },
        "position": {
          "height": 0.06,
          "width": 0.06,
          "x": 0.6446,
          "y": 0.0847
        },
        "props": {
          "style": {
            "backgroundColor": "#FFFF00",
            "borderBottomLeftRadius": 5,
            "borderBottomRightRadius": 5,
            "borderStyle": "outset",
            "borderTopLeftRadius": 5,
            "borderTopRightRadius": 5,
            "fontSize": 14,
            "fontWeight": "bold",
            "textAlign": "center"
          },
          "text": "Plant 2"
        },
        "type": "ia.display.label"
      },
      {
        "meta": {
          "name": "Label_12"
        },
        "position": {
          "height": 0.06,
          "width": 0.06,
          "x": 0.7219,
          "y": 0.1896
        },
        "props": {
          "style": {
            "backgroundColor": "#FFFF00",
            "borderBottomLeftRadius": 5,
            "borderBottomRightRadius": 5,
            "borderStyle": "outset",
            "borderTopLeftRadius": 5,
            "borderTopRightRadius": 5,
            "fontSize": 14,
            "fontWeight": "bold",
            "textAlign": "center"
          },
          "text": "P4"
        },
        "type": "ia.display.label"
      },
      {
        "meta": {
          "name": "ewonimage_5"
        },
        "position": {
          "height": 0.09,
          "width": 0.06,
          "x": 0.593,
          "y": 0.0084
        },
        "props": {
          "fit": {
            "mode": "percent"
          },
          "source": "/system/images/ewonimage.png",
          "style": {
            "borderBottomLeftRadius": 5,
            "borderBottomRightRadius": 5,
            "borderStyle": "groove",
            "borderTopLeftRadius": 5,
            "borderTopRightRadius": 5,
            "borderWidth": 4
          },
          "tint": {
            "color": "#FFAC47",
            "enabled": true
          }
        },
        "type": "ia.display.image"
      },
      {
        "meta": {
          "name": "ewonimage_6"
        },
        "position": {
          "height": 0.09,
          "width": 0.06,
          "x": 0.7671,
          "y": 0.0107
        },
        "propConfig": {
          "props.tint.color": {
            "binding": {
              "config": {
                "fallbackDelay": 2.5,
                "mode": "direct",
                "tagPath": "[System]Gateway/OPC/Connections/RML_p3-eWON -/Connected"
              },
              "transforms": [
                {
                  "fallback": "#FFAC47",
                  "inputType": "scalar",
                  "mappings": [
                    {
                      "input": true,
                      "output": "#00FF00"
                    },
                    {
                      "input": false,
                      "output": "#FF0000"
                    }
                  ],
                  "outputType": "color",
                  "type": "map"
                }
              ],
              "type": "tag"
            }
          }
        },
        "props": {
          "fit": {
            "mode": "percent"
          },
          "source": "/system/images/ewonimage.png",
          "style": {
            "borderBottomLeftRadius": 5,
            "borderBottomRightRadius": 5,
            "borderStyle": "groove",
            "borderTopLeftRadius": 5,
            "borderTopRightRadius": 5,
            "borderWidth": 4
          },
          "tint": {
            "enabled": true
          }
        },
        "type": "ia.display.image"
      },
      {
        "meta": {
          "name": "ewonimage_7"
        },
        "position": {
          "height": 0.09,
          "width": 0.06,
          "x": 0.7959,
          "y": 0.153
        },
        "props": {
          "fit": {
            "mode": "percent"
          },
          "source": "/system/images/ewonimage.png",
          "style": {
            "borderBottomLeftRadius": 5,
            "borderBottomRightRadius": 5,
            "borderStyle": "groove",
            "borderTopLeftRadius": 5,
            "borderTopRightRadius": 5,
            "borderWidth": 4
          },
          "tint": {
            "color": "#FFAC47",
            "enabled": true
          }
        },
        "type": "ia.display.image"
      },
      {
        "meta": {
          "name": "ewonimage_8"
        },
        "position": {
          "height": 0.09,
          "rotate": {
            "anchor": "204% 75%"
          },
          "width": 0.06,
          "x": 0.8646,
          "y": 0.153
        },
        "propConfig": {
          "props.tint.color": {
            "binding": {
              "config": {
                "fallbackDelay": 2.5,
                "mode": "direct",
                "tagPath": "[System]Gateway/OPC/Connections/RML_P4_EWON(1)/Connected"
              },
              "transforms": [
                {
                  "fallback": "#FFAC47",
                  "inputType": "scalar",
                  "mappings": [
                    {
                      "input": true,
                      "output": "#00FF00"
                    },
                    {
                      "input": false,
                      "output": "#FF0000"
                    }
                  ],
                  "outputType": "color",
                  "type": "map"
                }
              ],
              "type": "tag"
            }
          }
        },
        "props": {
          "fit": {
            "mode": "percent"
          },
          "source": "/system/images/ewonimage.png",
          "style": {
            "borderBottomLeftRadius": 5,
            "borderBottomRightRadius": 5,
            "borderStyle": "groove",
            "borderTopLeftRadius": 5,
            "borderTopRightRadius": 5,
            "borderWidth": 4
          },
          "tint": {
            "enabled": true
          }
        },
        "type": "ia.display.image"
      },
      {
        "meta": {
          "name": "RBL"
        },
        "position": {
          "height": 0.06,
          "width": 0.09,
          "x": 0.2705,
          "y": 0.1874
        },
        "props": {
          "style": {
            "backgroundColor": "#12239E",
            "borderBottomLeftRadius": 5,
            "borderBottomRightRadius": 5,
            "borderStyle": "outset",
            "borderTopLeftRadius": 5,
            "borderTopRightRadius": 5,
            "color": "#ffffff",
            "fontSize": 14,
            "fontWeight": "bold",
            "textAlign": "center"
          },
          "text": "RBL"
        },
        "type": "ia.display.label"
      },
      {
        "meta": {
          "name": "RBL_P1"
        },
        "position": {
          "height": 0.06,
          "width": 0.06,
          "x": 0.332,
          "y": 0.0948
        },
        "props": {
          "style": {
            "backgroundColor": "#FFFF00",
            "borderBottomLeftRadius": 5,
            "borderBottomRightRadius": 5,
            "borderStyle": "outset",
            "borderTopLeftRadius": 5,
            "borderTopRightRadius": 5,
            "fontSize": 14,
            "fontWeight": "bold",
            "textAlign": "center"
          },
          "text": "P1"
        },
        "type": "ia.display.label"
      },
      {
        "meta": {
          "name": "RBL - P4"
        },
        "position": {
          "height": 0.06,
          "width": 0.06,
          "x": 0.1626,
          "y": 0.1857
        },
        "props": {
          "style": {
            "backgroundColor": "#FFFF00",
            "borderBottomLeftRadius": 5,
            "borderBottomRightRadius": 5,
            "borderStyle": "outset",
            "borderTopLeftRadius": 5,
            "borderTopRightRadius": 5,
            "fontSize": 14,
            "fontWeight": "bold",
            "textAlign": "center"
          },
          "text": "Plant 4"
        },
        "type": "ia.display.label"
      },
      {
        "meta": {
          "name": "Ewon_RBL_P1"
        },
        "position": {
          "height": 0.09,
          "width": 0.06,
          "x": 0.0821,
          "y": 0.1563
        },
        "propConfig": {
          "props.tint.color": {
            "binding": {
              "config": {
                "fallbackDelay": 2.5,
                "mode": "direct",
                "tagPath": "[System]Gateway/OPC/Connections/eWON - lmcip1/Connected"
              },
              "transforms": [
                {
                  "fallback": "#FFAC47",
                  "inputType": "scalar",
                  "mappings": [
                    {
                      "input": true,
                      "output": "#00FF00"
                    },
                    {
                      "input": false,
                      "output": "#FF0000"
                    }
                  ],
                  "outputType": "color",
                  "type": "map"
                }
              ],
              "type": "tag"
            }
          }
        },
        "props": {
          "fit": {
            "mode": "percent"
          },
          "source": "/system/images/ewonimage.png",
          "style": {
            "borderBottomLeftRadius": 5,
            "borderBottomRightRadius": 5,
            "borderStyle": "groove",
            "borderTopLeftRadius": 5,
            "borderTopRightRadius": 5,
            "borderWidth": 4
          },
          "tint": {
            "enabled": true
          }
        },
        "type": "ia.display.image"
      },
      {
        "meta": {
          "name": "Long diagonal segment 7"
        },
        "position": {
          "height": 0.0361,
          "width": 0.0233,
          "x": 0.3137,
          "y": 0.151
        },
        "props": {
          "elements": [
            {
              "d": "M0,888 l888,-888 111,111 -888,888 -111,-111z",
              "fill": {
                "paint": "#0F0202"
              },
              "name": "path",
              "stroke": {
                "paint": "#0F0202",
                "width": "2"
              },
              "type": "path"
            },
            {
              "d": "M9,897 l888,-888 92,92 -888,888 -92,-92z",
              "fill": {
                "paint": "#0F0202"
              },
              "name": "path",
              "type": "path"
            }
          ],
          "viewBox": "0 0 999 999"
        },
        "type": "ia.shapes.svg"
      },
      {
        "meta": {
          "name": "Long horizontal segment_4"
        },
        "position": {
          "height": 0.0361,
          "rotate": {
            "anchor": "75% -100%"
          },
          "width": 0.0323,
          "x": 0.229,
          "y": 0.1952
        },
        "props": {
          "elements": [
            {
              "d": "M999,124 l-999,0 0,-124 999,0 0,124z",
              "fill": {
                "paint": "#c0c0c0"
              },
              "name": "path",
              "stroke": {
                "paint": "#4c4c4c",
                "width": "2"
              },
              "type": "path"
            },
            {
              "d": "M999,114 l-999,0 0,-104 999,0 0,104z",
              "fill": {
                "paint": "#0F0202"
              },
              "name": "path",
              "type": "path"
            }
          ],
          "viewBox": "0 0 999 124"
        },
        "type": "ia.shapes.svg"
      },
      {
        "meta": {
          "name": "RBL_Container"
        },
        "position": {
          "height": 0.2517,
          "width": 0.4185,
          "x": 0.0045,
          "y": 0.0028
        },
        "props": {
          "style": {
            "borderBottomLeftRadius": 5,
            "borderBottomRightRadius": 5,
            "borderStyle": "groove",
            "borderTopLeftRadius": 5,
            "borderTopRightRadius": 5
          }
        },
        "type": "ia.container.flex"
      },
      {
        "meta": {
          "name": "REVL_Container"
        },
        "position": {
          "height": 0.4357,
          "width": 0.6697,
          "x": 0.1366,
          "y": 0.4952
        },
        "props": {
          "style": {
            "borderBottomLeftRadius": 5,
            "borderBottomRightRadius": 5,
            "borderStyle": "groove",
            "borderTopLeftRadius": 5,
            "borderTopRightRadius": 5,
            "opacity": "1"
          }
        },
        "type": "ia.container.flex"
      },
      {
        "meta": {
          "name": "RSSL_Container"
        },
        "position": {
          "height": 0.246,
          "width": 0.497,
          "x": 0.5004,
          "y": 0.0012
        },
        "props": {
          "style": {
            "borderBottomLeftRadius": 5,
            "borderBottomRightRadius": 5,
            "borderStyle": "groove",
            "borderTopLeftRadius": 5,
            "borderTopRightRadius": 5
          }
        },
        "type": "ia.container.flex"
      },
      {
        "events": {
          "dom": {
            "onClick": {
              "config": {
                "page": "/Gateway"
              },
              "scope": "C",
              "type": "nav"
            }
          }
        },
        "meta": {
          "name": "Sign with right arrow",
          "visible": false
        },
        "position": {
          "height": 0.079,
          "rotate": {
            "anchor": "112% -196%"
          },
          "width": 0.0942,
          "x": 0.9182,
          "y": 0.3746
        },
        "props": {
          "elements": [
            {
              "d": "M999,915 l0,-832 -7,-32 -18,-27 -27,-18 -24,-6 -8,0 -832,0 -32,6 -27,18 -18,27 -6,24 0,8 0,832 6,32 18,27 27,18 24,6 8,1 832,0 32,-7 27,-18 18,-27 6,-24 1,-8z",
              "fill": {
                "paint": "#fff"
              },
              "name": "path",
              "stroke": {
                "paint": "#4c4c4c",
                "width": "2"
              },
              "type": "path"
            },
            {
              "d": "M937,853 l0,-708 -7,-32 -18,-27 -27,-18 -24,-6 -8,-1 -708,0 -32,7 -27,18 -18,27 -6,24 -1,8 0,708 7,32 18,27 27,18 24,6 8,1 708,0 32,-7 27,-18 18,-27 6,-24 1,-8z",
              "fill": {
                "paint": "#000"
              },
              "name": "path",
              "stroke": {
                "paint": "#4c4c4c",
                "width": "2"
              },
              "type": "path"
            },
            {
              "d": "M915,833 l0,-668 -7,-32 -17,-26 -26,-17 -24,-6 -8,-1 -668,0 -32,7 -26,17 -17,26 -6,24 -1,8 0,668 7,32 17,26 26,17 24,6 8,1 668,0 32,-7 26,-17 17,-26 6,-24 1,-8z",
              "fill": {
                "paint": "#fff"
              },
              "name": "path",
              "stroke": {
                "paint": "#4c4c4c",
                "width": "2"
              },
              "type": "path"
            },
            {
              "d": "M165,583 l0,-166 460,0 0,-126 208,208 -208,208 0,-124 -460,0z",
              "fill": {
                "paint": "#000"
              },
              "name": "path",
              "stroke": {
                "paint": "#4c4c4c",
                "width": "2"
              },
              "type": "path"
            }
          ],
          "viewBox": "0 0 999 999"
        },
        "type": "ia.shapes.svg"
      },
      {
        "meta": {
          "name": "Cloud (white)"
        },
        "position": {
          "height": 0.0632,
          "width": 0.085,
          "x": 0.495,
          "y": 0.3782
        },
        "props": {
          "elements": [
            {
              "d": "M146,498 l11,26 14,25 30,43 35,35 39,26 42,15 21,3 22,0 43,-8 40,-18 38,-30 18,-18 35,34 41,24 41,13 43,3 43,-9 41,-20 37,-31 33,-40 14,-22 13,-25 11,-26 31,6 30,-6 28,-18 25,-27 18,-34 11,-40 3,-22 2,-21 -2,-23 -8,-42 -15,-38 -21,-30 -26,-23 -30,-11 -31,-1 -15,5 -11,-26 -13,-25 -14,-23 -33,-40 -37,-30 -41,-20 -22,-6 -21,-3 -22,0 -42,7 -41,19 -38,29 -17,18 -36,-34 -40,-24 -42,-13 -43,-2 -42,9 -41,20 -37,30 -33,40 -14,23 -14,25 -11,26 -30,-5 -31,6 -28,16 -24,27 -18,35 -12,40 -3,21 0,23 0,21 9,42 14,38 22,31 26,22 30,12 30,0 15,-4z",
              "fill": {
                "paint": "#f0f0f0"
              },
              "name": "path",
              "stroke": {
                "paint": "#4c4c4c",
                "width": "2"
              },
              "type": "path"
            }
          ],
          "viewBox": "0 0 999 671"
        },
        "type": "ia.shapes.svg"
      },
      {
        "meta": {
          "name": "Ignition"
        },
        "position": {
          "height": 0.044,
          "rotate": {
            "anchor": "-270% -49%"
          },
          "width": 0.0259,
          "x": 0.5092,
          "y": 0.3874
        },
        "propConfig": {
          "props.tint.color": {
            "binding": {
              "config": {
                "fallbackDelay": 2.5,
                "mode": "direct",
                "tagPath": "[AWS_system]Gateway/OPC/Connections/Ignition OPC UA Server/Connected"
              },
              "transforms": [
                {
                  "fallback": "#FFAC47",
                  "inputType": "scalar",
                  "mappings": [
                    {
                      "input": true,
                      "output": "#00FF00"
                    },
                    {
                      "input": false,
                      "output": "#FF0000"
                    }
                  ],
                  "outputType": "color",
                  "type": "map"
                }
              ],
              "type": "tag"
            }
          }
        },
        "props": {
          "fit": {
            "mode": "percent"
          },
          "source": "/system/images/server_igniton.png",
          "style": {
            "borderBottomLeftRadius": 5,
            "borderBottomRightRadius": 5,
            "borderStyle": "groove",
            "borderTopLeftRadius": 5,
            "borderTopRightRadius": 5,
            "borderWidth": 4
          },
          "tint": {
            "enabled": true
          }
        },
        "type": "ia.display.image"
      },
      {
        "meta": {
          "name": "SQLDB"
        },
        "position": {
          "height": 0.0316,
          "rotate": {
            "anchor": "100% 50%"
          },
          "width": 0.0259,
          "x": 0.5376,
          "y": 0.3964
        },
        "propConfig": {
          "props.tint.color": {
            "binding": {
              "config": {
                "fallbackDelay": 2.5,
                "mode": "direct",
                "tagPath": "[AWS_system]Gateway/Database/DBA1/Available"
              },
              "transforms": [
                {
                  "fallback": "#FFAC47",
                  "inputType": "scalar",
                  "mappings": [
                    {
                      "input": true,
                      "output": "#00FF00"
                    },
                    {
                      "input": false,
                      "output": "#FF0000"
                    }
                  ],
                  "outputType": "color",
                  "type": "map"
                }
              ],
              "type": "tag"
            }
          }
        },
        "props": {
          "fit": {
            "mode": "percent"
          },
          "source": "/system/images/db.png",
          "style": {
            "borderBottomLeftRadius": 5,
            "borderBottomRightRadius": 5,
            "borderStyle": "groove",
            "borderTopLeftRadius": 5,
            "borderTopRightRadius": 5,
            "borderWidth": 4
          },
          "tint": {
            "enabled": true
          }
        },
        "type": "ia.display.image"
      },
      {
        "meta": {
          "name": "Connected"
        },
        "position": {
          "height": 0.07,
          "width": 0.1464,
          "x": 0.8469,
          "y": 0.5584
        },
        "props": {
          "style": {
            "backgroundColor": "#00FF00",
            "borderBottomLeftRadius": 5,
            "borderBottomRightRadius": 5,
            "borderStyle": "groove",
            "borderTopLeftRadius": 5,
            "borderTopRightRadius": 5,
            "color": "",
            "fontFamily": "Verdana",
            "fontSize": 22,
            "textAlign": "center"
          },
          "text": "Connected"
        },
        "type": "ia.display.label"
      },
      {
        "meta": {
          "name": "Disconnected"
        },
        "position": {
          "height": 0.07,
          "width": 0.1464,
          "x": 0.8469,
          "y": 0.6329
        },
        "props": {
          "style": {
            "backgroundColor": "#FF0000",
            "borderBottomLeftRadius": 5,
            "borderBottomRightRadius": 5,
            "borderStyle": "groove",
            "borderTopLeftRadius": 5,
            "borderTopRightRadius": 5,
            "color": "",
            "fontFamily": "Verdana",
            "fontSize": 22,
            "textAlign": "center"
          },
          "text": "Disconnected"
        },
        "type": "ia.display.label"
      },
      {
        "meta": {
          "name": "Label_18"
        },
        "position": {
          "height": 0.07,
          "width": 0.1464,
          "x": 0.8469,
          "y": 0.7064
        },
        "props": {
          "style": {
            "backgroundColor": "#FFAC47",
            "borderBottomLeftRadius": 5,
            "borderBottomRightRadius": 5,
            "borderStyle": "groove",
            "borderTopLeftRadius": 5,
            "borderTopRightRadius": 5,
            "color": "",
            "fontFamily": "Verdana",
            "fontSize": 22,
            "textAlign": "center"
          },
          "text": "Connection loss"
        },
        "type": "ia.display.label"
      },
      {
        "meta": {
          "name": "Label_19"
        },
        "position": {
          "height": 0.06,
          "width": 0.1372,
          "x": 0.8626,
          "y": 0.8555
        },
        "propConfig": {
          "props.text": {
            "binding": {
              "config": {
                "fallbackDelay": 2.5,
                "mode": "indirect",
                "references": {},
                "tagPath": "[default]Gateway_Tags/test_tag1.value"
              },
              "transforms": [
                {
                  "formatType": "datetime",
                  "formatValue": {
                    "date": "medium",
                    "time": "short"
                  },
                  "type": "format"
                }
              ],
              "type": "tag"
            }
          }
        },
        "props": {
          "style": {
            "backgroundColor": "#ffffff",
            "borderStyle": "outset",
            "fontSize": 18,
            "fontWeight": "bold",
            "textAlign": "center"
          }
        },
        "type": "ia.display.label"
      },
      {
        "meta": {
          "name": "REVL_P5"
        },
        "position": {
          "height": 0.06,
          "rotate": {
            "anchor": "355% 75%"
          },
          "width": 0.06,
          "x": 0.5515,
          "y": 0.6064
        },
        "props": {
          "style": {
            "backgroundColor": "#FFFF00",
            "borderBottomLeftRadius": 5,
            "borderBottomRightRadius": 5,
            "borderStyle": "outset",
            "borderTopLeftRadius": 5,
            "borderTopRightRadius": 5,
            "fontSize": 14,
            "fontWeight": "bold",
            "textAlign": "center"
          },
          "text": "Plant 5"
        },
        "type": "ia.display.label"
      },
      {
        "meta": {
          "name": "Straight arrow 1"
        },
        "position": {
          "height": 0.04,
          "width": 0.06,
          "x": 0.4417,
          "y": 0.4536
        },
        "props": {
          "elements": [
            {
              "d": "M201,0 l199,387 -132,0 0,607 -135,0 0,-607 -133,0 201,-387z",
              "fill": {
                "paint": "#0F0202"
              },
              "name": "path",
              "stroke": {
                "paint": "#4c4c4c",
                "width": "2"
              },
              "type": "path"
            }
          ],
          "viewBox": "0 0 400 994"
        },
        "type": "ia.shapes.svg"
      },
      {
        "meta": {
          "name": "Straight arrow 2"
        },
        "position": {
          "height": 0.04,
          "rotate": {
            "anchor": "100% -35%",
            "angle": "200deg"
          },
          "width": 0.06,
          "x": 0.4725,
          "y": 0.2994
        },
        "props": {
          "elements": [
            {
              "d": "M201,0 l199,387 -132,0 0,607 -135,0 0,-607 -133,0 201,-387z",
              "fill": {
                "paint": "#0F0202"
              },
              "name": "path",
              "stroke": {
                "paint": "#4c4c4c",
                "width": "2"
              },
              "type": "path"
            }
          ],
          "viewBox": "0 0 400 994"
        },
        "type": "ia.shapes.svg"
      },
      {
        "meta": {
          "name": "Straight arrow 5"
        },
        "position": {
          "height": 0.04,
          "rotate": {
            "anchor": "25% 61%",
            "angle": "140deg"
          },
          "width": 0.06,
          "x": 0.3684,
          "y": 0.2305
        },
        "props": {
          "elements": [
            {
              "d": "M201,0 l199,387 -132,0 0,607 -135,0 0,-607 -133,0 201,-387z",
              "fill": {
                "paint": "#0F0202"
              },
              "name": "path",
              "stroke": {
                "paint": "#4c4c4c",
                "width": "2"
              },
              "type": "path"
            }
          ],
          "viewBox": "0 0 400 994"
        },
        "type": "ia.shapes.svg"
      },
      {
        "meta": {
          "name": "RBL - P3"
        },
        "position": {
          "height": 0.06,
          "rotate": {
            "anchor": "25% 0%"
          },
          "width": 0.06,
          "x": 0.1741,
          "y": 0.0904
        },
        "props": {
          "style": {
            "backgroundColor": "#FFFF00",
            "borderBottomLeftRadius": 5,
            "borderBottomRightRadius": 5,
            "borderStyle": "outset",
            "borderTopLeftRadius": 5,
            "borderTopRightRadius": 5,
            "fontSize": 14,
            "fontWeight": "bold",
            "textAlign": "center"
          },
          "text": "Plant 3"
        },
        "type": "ia.display.label"
      },
      {
        "meta": {
          "name": "RBL - P2"
        },
        "position": {
          "height": 0.06,
          "rotate": {
            "anchor": "25% 0%"
          },
          "width": 0.06,
          "x": 0.255,
          "y": 0.0885
        },
        "props": {
          "style": {
            "backgroundColor": "#FFFF00",
            "borderBottomLeftRadius": 5,
            "borderBottomRightRadius": 5,
            "borderStyle": "outset",
            "borderTopLeftRadius": 5,
            "borderTopRightRadius": 5,
            "fontSize": 14,
            "fontWeight": "bold",
            "textAlign": "center"
          },
          "text": "Plant 2"
        },
        "type": "ia.display.label"
      },
      {
        "meta": {
          "name": "REVL_P6"
        },
        "position": {
          "height": 0.06,
          "rotate": {
            "anchor": "355% 75%"
          },
          "width": 0.06,
          "x": 0.5588,
          "y": 0.5014
        },
        "props": {
          "style": {
            "backgroundColor": "#FFFF00",
            "borderBottomLeftRadius": 5,
            "borderBottomRightRadius": 5,
            "borderStyle": "outset",
            "borderTopLeftRadius": 5,
            "borderTopRightRadius": 5,
            "fontSize": 14,
            "fontWeight": "bold",
            "textAlign": "center"
          },
          "text": "Plant 6"
        },
        "type": "ia.display.label"
      },
      {
        "meta": {
          "name": "REVL_P6_arrow"
        },
        "position": {
          "height": 0.0384,
          "rotate": {
            "anchor": "50% 0%",
            "angle": "45deg"
          },
          "width": 0.0277,
          "x": 0.529,
          "y": 0.5154
        },
        "props": {
          "elements": [
            {
              "d": "M0,888 l888,-888 111,111 -888,888 -111,-111z",
              "fill": {
                "paint": "#c0c0c0"
              },
              "name": "path",
              "stroke": {
                "paint": "#4c4c4c",
                "width": "2"
              },
              "type": "path"
            },
            {
              "d": "M9,897 l888,-888 92,92 -888,888 -92,-92z",
              "fill": {
                "paint": "#0F0202"
              },
              "name": "path",
              "type": "path"
            }
          ],
          "viewBox": "0 0 999 999"
        },
        "type": "ia.shapes.svg"
      },
      {
        "meta": {
          "name": "REVL_P3_arrow_0"
        },
        "position": {
          "height": 0.0409,
          "rotate": {
            "anchor": "-174% 119%",
            "angle": "308deg"
          },
          "width": 0.0266,
          "x": 0.5574,
          "y": 0.6072
        },
        "props": {
          "elements": [
            {
              "d": "M0,999 l0,-999 124,0 0,999 -124,0z",
              "fill": {
                "paint": "#c0c0c0"
              },
              "name": "path",
              "stroke": {
                "paint": "#4c4c4c",
                "width": "2"
              },
              "type": "path"
            },
            {
              "d": "M10,999 l0,-999 103,0 0,999 -103,0z",
              "fill": {
                "paint": "#0F0202"
              },
              "name": "path",
              "type": "path"
            }
          ],
          "viewBox": "0 0 124 999"
        },
        "type": "ia.shapes.svg"
      },
      {
        "meta": {
          "name": "RSSL_Plant 3"
        },
        "position": {
          "height": 0.06,
          "width": 0.06,
          "x": 0.725,
          "y": 0.1073
        },
        "props": {
          "style": {
            "backgroundColor": "#FFFF00",
            "borderBottomLeftRadius": 5,
            "borderBottomRightRadius": 5,
            "borderStyle": "outset",
            "borderTopLeftRadius": 5,
            "borderTopRightRadius": 5,
            "fontSize": 14,
            "fontWeight": "bold",
            "textAlign": "center"
          },
          "text": "Plant 2"
        },
        "type": "ia.display.label"
      }
    ],
    "meta": {
      "name": "root",
      "tooltip": {
        "sustain": 5000
      }
    },
    "position": {
      "X": 10,
      "Y": 0
    },
    "props": {
      "mode": "percent",
      "style": {
        "backgroundAttachment": "fixed",
        "backgroundColor": "#85ACB5",
        "backgroundSize": "cover"
      }
    },
    "type": "ia.container.coord"
  }
}