{
  "custom": {},
  "params": {
    "header_colour": "#27276B",
    "message": "",
    "module": "",
    "to": ""
  },
  "propConfig": {
    "params.header_colour": {
      "paramDirection": "input",
      "persistent": true
    },
    "params.message": {
      "paramDirection": "input",
      "persistent": true
    },
    "params.module": {
      "paramDirection": "input",
      "persistent": true
    },
    "params.to": {
      "paramDirection": "input",
      "persistent": true
    }
  },
  "props": {
    "defaultSize": {
      "height": 200,
      "width": 400
    }
  },
  "root": {
    "children": [
      {
        "children": [
          {
            "meta": {
              "name": "Label"
            },
            "position": {
              "height": 0.1579,
              "width": 1
            },
            "propConfig": {
              "props.style.backgroundColor": {
                "binding": {
                  "config": {
                    "path": "view.params.header_colour"
                  },
                  "type": "property"
                }
              },
              "props.text": {
                "binding": {
                  "config": {
                    "path": "view.params.module"
                  },
                  "type": "property"
                }
              }
            },
            "props": {
              "style": {
                "color": "#FFFFFF",
                "fontFamily": "Arial",
                "fontSize": "1.2dvw",
                "fontWeight": "bold",
                "textAlign": "center"
              }
            },
            "type": "ia.display.label"
          },
          {
            "meta": {
              "name": "Label_0"
            },
            "position": {
              "height": 0.5211,
              "width": 0.9308,
              "x": 0.0333,
              "y": 0.4237
            },
            "propConfig": {
              "props.text": {
                "binding": {
                  "config": {
                    "path": "view.params.message"
                  },
                  "type": "property"
                }
              }
            },
            "props": {
              "style": {
                "backgroundColor": "#D5D5D5",
                "color": "#000000",
                "fontFamily": "Arial",
                "fontSize": "0.9dvw",
                "fontWeight": "normal",
                "padding": 5,
                "textAlign": "center"
              }
            },
            "type": "ia.display.label"
          },
          {
            "meta": {
              "name": "Label_1"
            },
            "position": {
              "height": 0.1421,
              "width": 0.9487,
              "x": 0.0205,
              "y": 0.2553
            },
            "propConfig": {
              "props.text": {
                "binding": {
                  "config": {
                    "path": "view.params.to"
                  },
                  "type": "property"
                }
              }
            },
            "props": {
              "style": {
                "color": "#000000",
                "fontFamily": "Arial",
                "fontSize": "1.1dvw",
                "fontWeight": "bolder",
                "textAlign": "left"
              }
            },
            "type": "ia.display.label"
          }
        ],
        "meta": {
          "name": "CoordinateContainer"
        },
        "position": {
          "height": 1,
          "width": 1
        },
        "props": {
          "mode": "percent",
          "style": {
            "backgroundColor": "#FFFFFF",
            "borderStyle": "groove",
            "borderWidth": 5
          }
        },
        "type": "ia.container.coord"
      }
    ],
    "meta": {
      "name": "root"
    },
    "props": {
      "mode": "percent"
    },
    "type": "ia.container.coord"
  }
}