{
  "custom": {},
  "params": {},
  "props": {
    "defaultSize": {
      "height": 713,
      "width": 1134
    }
  },
  "root": {
    "children": [
      {
        "children": [
          {
            "meta": {
              "name": "header"
            },
            "position": {
              "basis": "40px"
            },
            "props": {
              "style": {
                "color": "#001748",
                "fontFamily": "Arial",
                "fontSize": "1.6dvw",
                "fontWeight": "bolder",
                "textAlign": "center",
                "textTransform": "uppercase"
              },
              "text": "Mail Master\n"
            },
            "type": "ia.display.label"
          },
          {
            "children": [
              {
                "children": [
                  {
                    "meta": {
                      "name": "Label"
                    },
                    "position": {
                      "basis": "50%",
                      "shrink": 0
                    },
                    "props": {
                      "style": {
                        "backgroundColor": "#334B7F",
                        "borderBottomLeftRadius": 6,
                        "borderTopLeftRadius": 6,
                        "color": "#FFFFFF",
                        "fontFamily": "Arial",
                        "fontSize": "1dvw",
                        "fontWeight": "bold",
                        "textAlign": "center"
                      },
                      "text": "Business"
                    },
                    "type": "ia.display.label"
                  },
                  {
                    "custom": {
                      "Selected_Name": null
                    },
                    "meta": {
                      "name": "Dropdown"
                    },
                    "position": {
                      "basis": "50%",
                      "shrink": 0
                    },
                    "propConfig": {
                      "props.options": {
                        "binding": {
                          "config": {
                            "path": "session.custom.CP_User_Management.BG_DD_DS"
                          },
                          "type": "property"
                        }
                      },
                      "props.value": {
                        "onChange": {
                          "enabled": null,
                          "script": "\tselectedValue \u003d self.props.value\n\toptions \u003d self.props.options\n\tselectedLabel \u003d next((item[\u0027label\u0027] for item in options if item[\u0027value\u0027] \u003d\u003d selectedValue), None)\n\tself.custom.Selected_Name \u003d selectedLabel"
                        }
                      }
                    },
                    "props": {
                      "style": {
                        "borderBottomRightRadius": 4,
                        "borderStyle": "none",
                        "borderTopRightRadius": 4,
                        "fontFamily": "Arial",
                        "fontSize": "0.9dvw"
                      }
                    },
                    "type": "ia.input.dropdown"
                  }
                ],
                "meta": {
                  "name": "Business"
                },
                "position": {
                  "basis": "11%",
                  "shrink": 0
                },
                "props": {
                  "justify": "flex-end",
                  "style": {
                    "borderBottomLeftRadius": 4,
                    "borderBottomRightRadius": 4,
                    "borderTopLeftRadius": 4,
                    "borderTopRightRadius": 4,
                    "classes": "BG",
                    "fontFamily": "Arial",
                    "fontSize": "0.9dvw",
                    "marginLeft": "2px",
                    "marginRight": "2px",
                    "textAlign": "center"
                  }
                },
                "type": "ia.container.flex"
              },
              {
                "children": [
                  {
                    "meta": {
                      "name": "Label"
                    },
                    "position": {
                      "basis": "50%",
                      "shrink": 0
                    },
                    "props": {
                      "style": {
                        "backgroundColor": "#334B7F",
                        "borderBottomLeftRadius": 6,
                        "borderTopLeftRadius": 6,
                        "color": "#FFFFFF",
                        "fontFamily": "Arial",
                        "fontSize": "1dvw",
                        "fontWeight": "bold",
                        "textAlign": "center"
                      },
                      "text": "Plant"
                    },
                    "type": "ia.display.label"
                  },
                  {
                    "custom": {
                      "Selected_Name": null
                    },
                    "meta": {
                      "name": "Dropdown"
                    },
                    "position": {
                      "basis": "50%",
                      "shrink": 0
                    },
                    "propConfig": {
                      "props.options": {
                        "binding": {
                          "config": {
                            "path": ".../Business/Dropdown.props.value"
                          },
                          "transforms": [
                            {
                              "code": "\treturn Common_Portal.User.Plant_DD_DS(value, self.session.custom.CP_User_Management.Roles)",
                              "type": "script"
                            }
                          ],
                          "type": "property"
                        }
                      },
                      "props.value": {
                        "onChange": {
                          "enabled": null,
                          "script": "\tselectedValue \u003d self.props.value\n\toptions \u003d self.props.options\n\tselectedLabel \u003d next((item[\u0027label\u0027] for item in options if item[\u0027value\u0027] \u003d\u003d selectedValue), None)\n\tself.custom.Selected_Name \u003d selectedLabel"
                        }
                      }
                    },
                    "props": {
                      "style": {
                        "borderBottomRightRadius": 4,
                        "borderStyle": "none",
                        "borderTopRightRadius": 4,
                        "fontFamily": "Arial",
                        "fontSize": "0.9dvw"
                      }
                    },
                    "type": "ia.input.dropdown"
                  }
                ],
                "meta": {
                  "name": "Plant"
                },
                "position": {
                  "basis": "11%",
                  "shrink": 0
                },
                "props": {
                  "justify": "flex-end",
                  "style": {
                    "borderBottomLeftRadius": 4,
                    "borderBottomRightRadius": 4,
                    "borderTopLeftRadius": 4,
                    "borderTopRightRadius": 4,
                    "classes": "BG",
                    "fontFamily": "Arial",
                    "fontSize": "0.9dvw",
                    "marginLeft": "2px",
                    "marginRight": "2px",
                    "textAlign": "center"
                  }
                },
                "type": "ia.container.flex"
              },
              {
                "children": [
                  {
                    "meta": {
                      "name": "Label"
                    },
                    "position": {
                      "basis": "50%",
                      "shrink": 0
                    },
                    "props": {
                      "style": {
                        "backgroundColor": "#334B7F",
                        "borderBottomLeftRadius": 6,
                        "borderTopLeftRadius": 6,
                        "color": "#FFFFFF",
                        "fontFamily": "Arial",
                        "fontSize": "1dvw",
                        "textAlign": "center"
                      },
                      "text": "Project"
                    },
                    "type": "ia.display.label"
                  },
                  {
                    "custom": {
                      "Project_Name": null
                    },
                    "meta": {
                      "name": "Dropdown"
                    },
                    "position": {
                      "basis": "50%",
                      "shrink": 0
                    },
                    "propConfig": {
                      "props.value": {
                        "onChange": {
                          "enabled": null,
                          "script": "\tselectedValue \u003d self.props.value\n\toptions \u003d self.props.options\n\tselectedLabel \u003d next((item[\u0027label\u0027] for item in options if item[\u0027value\u0027] \u003d\u003d selectedValue), None)\n\tself.custom.Project_Name \u003d selectedLabel"
                        }
                      }
                    },
                    "props": {
                      "options": [
                        {
                          "label": "OEE",
                          "value": 1
                        },
                        {
                          "label": "EMS",
                          "value": 2
                        },
                        {
                          "label": "PMC",
                          "value": 3
                        }
                      ],
                      "style": {
                        "borderBottomRightRadius": 4,
                        "borderStyle": "solid",
                        "borderTopRightRadius": 4,
                        "fontFamily": "Arial",
                        "fontSize": "0.9dvw"
                      },
                      "textAlign": "center"
                    },
                    "type": "ia.input.dropdown"
                  }
                ],
                "meta": {
                  "name": "Project"
                },
                "position": {
                  "basis": "11%",
                  "shrink": 0
                },
                "props": {
                  "justify": "flex-end",
                  "style": {
                    "borderBottomLeftRadius": "4px",
                    "borderBottomRightRadius": "4p",
                    "borderTopLeftRadius": "4px",
                    "borderTopRightRadius": "4px",
                    "fontFamily": "Arial",
                    "fontSize": "0.9dvw",
                    "marginLeft": "2px",
                    "marginRight": "2px",
                    "textAlign": "center"
                  }
                },
                "type": "ia.container.flex"
              },
              {
                "children": [
                  {
                    "meta": {
                      "name": "Label"
                    },
                    "position": {
                      "basis": "50%",
                      "shrink": 0
                    },
                    "props": {
                      "style": {
                        "backgroundColor": "#334B7F",
                        "color": "#FFFFFF",
                        "fontFamily": "Arial",
                        "fontSize": "1dvw",
                        "fontWeight": "bold",
                        "textAlign": "center"
                      },
                      "text": "Mail Type"
                    },
                    "type": "ia.display.label"
                  },
                  {
                    "custom": {
                      "Mail_type_ID": "",
                      "Mail_type_name": null
                    },
                    "meta": {
                      "name": "Dropdown"
                    },
                    "position": {
                      "basis": "50%",
                      "shrink": 0
                    },
                    "propConfig": {
                      "props.options": {
                        "binding": {
                          "config": {
                            "struct": {},
                            "waitOnAll": true
                          },
                          "transforms": [
                            {
                              "code": "\treturn [\n    {\"label\": \"Daily\", \"value\": 1},\n    {\"label\": \"Monthly\", \"value\": 2},\n    {\"label\": \"Shiftwise\", \"value\": 3}\n]",
                              "type": "script"
                            }
                          ],
                          "type": "expr-struct"
                        }
                      },
                      "props.value": {
                        "onChange": {
                          "enabled": null,
                          "script": "\tselectedValue \u003d self.props.value\n\toptions \u003d self.props.options\n\tselectedLabel \u003d next((item[\u0027label\u0027] for item in options if item[\u0027value\u0027] \u003d\u003d selectedValue), None)\n\tself.custom.Mail_type_name \u003d selectedLabel\n\tself.custom.Mail_type_ID \u003d self.props.value"
                        }
                      }
                    },
                    "props": {
                      "style": {
                        "borderBottomRightRadius": 4,
                        "borderStyle": "none",
                        "borderTopRightRadius": 4,
                        "fontFamily": "Arial",
                        "fontSize": "0.9dvw"
                      },
                      "textAlign": "center"
                    },
                    "type": "ia.input.dropdown"
                  }
                ],
                "meta": {
                  "name": "Mailtype"
                },
                "position": {
                  "basis": "11%",
                  "shrink": 0
                },
                "props": {
                  "style": {
                    "border-radius": "5px",
                    "borderWidth": 2
                  }
                },
                "type": "ia.container.flex"
              },
              {
                "children": [
                  {
                    "meta": {
                      "name": "Label"
                    },
                    "position": {
                      "basis": "50%",
                      "shrink": 0
                    },
                    "props": {
                      "style": {
                        "backgroundColor": "#334B7F",
                        "color": "#FFFFFF",
                        "fontFamily": "Arial",
                        "fontSize": "1dvw",
                        "fontWeight": "bold",
                        "textAlign": "center"
                      },
                      "text": "Recipient Type "
                    },
                    "type": "ia.display.label"
                  },
                  {
                    "meta": {
                      "name": "Dropdown"
                    },
                    "position": {
                      "basis": "50%",
                      "shrink": 0
                    },
                    "props": {
                      "options": [
                        {
                          "label": "TO",
                          "value": "TO"
                        },
                        {
                          "label": "CC",
                          "value": "CC"
                        }
                      ],
                      "style": {
                        "borderBottomRightRadius": 4,
                        "borderStyle": "none",
                        "borderTopRightRadius": 4,
                        "fontFamily": "Arial",
                        "fontSize": "0.9dvw"
                      },
                      "textAlign": "center"
                    },
                    "type": "ia.input.dropdown"
                  }
                ],
                "meta": {
                  "name": "Recipient type"
                },
                "position": {
                  "basis": "11%",
                  "shrink": 0
                },
                "props": {
                  "style": {
                    "border-radius": "5px",
                    "borderWidth": 2
                  }
                },
                "type": "ia.container.flex"
              },
              {
                "children": [
                  {
                    "meta": {
                      "name": "label"
                    },
                    "position": {
                      "basis": "50%",
                      "shrink": 0
                    },
                    "props": {
                      "style": {
                        "backgroundColor": "#334B7F",
                        "color": "#FFFFFF",
                        "fontFamily": "Arial",
                        "fontSize": "1dvw",
                        "fontWeight": "bold",
                        "textAlign": "center"
                      },
                      "text": "Mail ID  "
                    },
                    "type": "ia.display.label"
                  },
                  {
                    "meta": {
                      "name": "TextField"
                    },
                    "position": {
                      "basis": "50%",
                      "shrink": 0
                    },
                    "props": {
                      "render": "string",
                      "style": {
                        "borderStyle": "none"
                      }
                    },
                    "type": "ia.input.text-field"
                  }
                ],
                "meta": {
                  "name": "Mail_id"
                },
                "position": {
                  "basis": "11%",
                  "shrink": 0
                },
                "props": {
                  "style": {
                    "border-radius": "5px",
                    "borderWidth": 2
                  }
                },
                "type": "ia.container.flex"
              },
              {
                "children": [
                  {
                    "events": {
                      "dom": {
                        "onClick": {
                          "config": {
                            "script": "\n\ttry:\n\t\tdb \u003d \"CM_MASTER\"\n\t\tBusiness_ID \u003d self.parent.parent.getChild(\"Business\").getChild(\"Dropdown\").props.value\n\t\tPlant_ID \u003d self.parent.parent.getChild(\"Plant\").getChild(\"Dropdown\").props.value\n\t\tProject_ID \u003d self.parent.parent.getChild(\"Project\").getChild(\"Dropdown\").props.value\n\t\tMail_TY_ID \u003d self.parent.parent.getChild(\"Mailtype\").getChild(\"Dropdown\").props.value\n\t\tMail_ty_name \u003d self.parent.parent.getChild(\"Mailtype\").getChild(\"Dropdown\").custom.Mail_type_name\n\t\tRec_TY \u003d self.parent.parent.getChild(\"Recipient type\").getChild(\"Dropdown\").props.value\n\t\t\n\t\tEMail_ID \u003d str(self.parent.parent.getChild(\"Mail_id\").getChild(\"TextField\").props.text)\n\t\tif not EMail_ID.endswith(\"@ranegroup.com\"):\n\t\t\tMasters.Common_Master.open_popup(\n\t\t\t    \"Error Adding EMail\", \n\t\t\t    \"Not a valid Rane Group email ID. Please ensure the email ends with \u0027@ranegroup.com\u0027.\"\n\t\t\t)\n\t\t\t\n\t\telse:\n\t\t\ttable \u003d \"M_MAIL\"\n\t\t\tcolumns \u003d \"(business_id, plant_id, project_id, mail_type_id, mail_type_name, recipient_type, email_id)\"\n\t\t\tvalues \u003d \"(?,?,?,?,?,?,?)\"\n\t\t\targs \u003d [Business_ID, Plant_ID, Project_ID, Mail_TY_ID, Mail_ty_name, Rec_TY, EMail_ID]\n\t\t\tMasters.Common_Master.add_query(table, columns, values, args, db)\n\t\t\tMasters.Common_Master.open_popup(\n\t\t\t    \"Mail Master\",\n\t\t\t    \"Mail \u0027{}\u0027 added successfully for Business ID \u0027{}\u0027, Plant ID \u0027{}\u0027, and Project ID \u0027{}\u0027.\".format(\n\t\t\t        EMail_ID, Business_ID, Plant_ID, Project_ID\n\t\t\t    )\n\t\t\t)\n\t\t\tsystem.perspective.sendMessage(\"refresh_table_ML\", scope\u003d\"page\")\n\texcept Exception as e:\n\t\tMasters.Common_Master.open_popup(\n\t\t    \"Error Adding Mail \", \n\t\t    \"Failed to add Mail. Reason: {}\".format(str(e))\n\t\t)"
                          },
                          "scope": "G",
                          "type": "script"
                        }
                      }
                    },
                    "meta": {
                      "name": "ADD"
                    },
                    "position": {
                      "basis": "28%",
                      "shrink": 0
                    },
                    "props": {
                      "style": {
                        "backgroundColor": "#01177D"
                      },
                      "text": "ADD"
                    },
                    "type": "ia.input.button"
                  },
                  {
                    "events": {
                      "dom": {
                        "onClick": {
                          "config": {
                            "script": "\n    try:\n        db \u003d \"CM_MASTER\"\n        Business_ID \u003d self.parent.parent.getChild(\"Business\").getChild(\"Dropdown\").props.value\n        Plant_ID \u003d self.parent.parent.getChild(\"Plant\").getChild(\"Dropdown\").props.value\n        Project_ID \u003d self.parent.parent.getChild(\"Project\").getChild(\"Dropdown\").props.value\n        Mail_TY_ID \u003d self.parent.parent.getChild(\"Mailtype\").getChild(\"Dropdown\").props.value\n        Mail_ty_name \u003d self.parent.parent.getChild(\"Mailtype\").getChild(\"Dropdown\").custom.Mail_type_name\n        Rec_TY \u003d self.parent.parent.getChild(\"Recipient type\").getChild(\"Dropdown\").props.value\n        EMail_ID \u003d str(self.parent.parent.getChild(\"Mail_id\").getChild(\"TextField\").props.text)\n\n        if not EMail_ID.endswith(\"@ranegroup.com\"):\n            Masters.Common_Master.open_popup(\n                \"Error Modifying EMail\", \n                \"Not a valid Rane Group email ID. Please ensure the email ends with \u0027@ranegroup.com\u0027.\"\n            )\n            return\n\n        existing_email_id \u003d EMail_ID\n        table \u003d \"M_MAIL\"\n        columns \u003d \"business_id \u003d ?, plant_id \u003d ?, project_id \u003d ?, mail_type_id \u003d ?, mail_type_name \u003d ?, recipient_type \u003d ?, email_id \u003d ?\"\n        where \u003d \"email_id \u003d ?\" \n        args \u003d [Business_ID, Plant_ID, Project_ID, Mail_TY_ID, Mail_ty_name, Rec_TY, EMail_ID, existing_email_id]\n        \n        Masters.Common_Master.modify_query(table, columns, where, args, db)\n        \n        Masters.Common_Master.open_popup(\n            \"Mail Master\",\n            \"Mail \u0027{}\u0027 modified successfully for Business ID \u0027{}\u0027, Plant ID \u0027{}\u0027, and Project ID \u0027{}\u0027.\".format(\n                EMail_ID, Business_ID, Plant_ID, Project_ID\n            )\n        )\n        \n\n        system.perspective.sendMessage(\"refresh_table_ML\", scope\u003d\"page\")\n\n    except Exception as e:\n        Masters.Common_Master.open_popup(\n            \"Error Modifying Mail \", \n            \"Failed to modify Mail. Reason: {}\".format(str(e))\n        )"
                          },
                          "scope": "G",
                          "type": "script"
                        }
                      }
                    },
                    "meta": {
                      "name": "MODIFY"
                    },
                    "position": {
                      "basis": "28%",
                      "shrink": 0
                    },
                    "props": {
                      "style": {
                        "backgroundColor": "#01177D"
                      },
                      "text": "MODIFY"
                    },
                    "type": "ia.input.button"
                  },
                  {
                    "events": {
                      "dom": {
                        "onClick": {
                          "config": {
                            "script": "\n    try:\n        db \u003d \"CM_MASTER\"\n       \n        Mail_ID \u003d self.parent.parent.getChild(\"Mail_id\").getChild(\"TextField\").props.text\n     \ttable \u003d \"M_MAIL\"\n     \twhere \u003d \"mail_id \u003d ?\"\n        args \u003d [Mail_ID]\n        Masters.Common_Master.delete_query_new(table, where, args, db)\n        Masters.Common_Master.open_popup(\n            \"Mail Master\",\n            \"Mail with ID \u0027{}\u0027 deleted successfully.\".format(Mail_ID)\n        )\n        \n        system.perspective.sendMessage(\"refresh_table_ML\", scope\u003d\"page\")\n\n    except Exception as e:\n        Masters.Common_Master.open_popup(\n            \"Error Deleting Mail\", \n            \"Failed to delete Mail. Reason: {}\".format(str(e))\n        )"
                          },
                          "scope": "G",
                          "type": "script"
                        }
                      }
                    },
                    "meta": {
                      "name": "DELETE"
                    },
                    "position": {
                      "basis": "28%",
                      "shrink": 0
                    },
                    "props": {
                      "style": {
                        "backgroundColor": "#01177D"
                      },
                      "text": "DELETE"
                    },
                    "type": "ia.input.button"
                  }
                ],
                "meta": {
                  "name": "BUTTON\n"
                },
                "position": {
                  "basis": "8.7%",
                  "shrink": 0
                },
                "propConfig": {
                  "meta.visible": {
                    "binding": {
                      "config": {
                        "expression": "indexOf({session.props.auth.user.roles}, \"RDC Admin\") \u003e\u003d 0 "
                      },
                      "type": "expr"
                    }
                  }
                },
                "props": {
                  "alignContent": "center",
                  "justify": "space-evenly"
                },
                "type": "ia.container.flex"
              }
            ],
            "meta": {
              "name": "FlexContainer"
            },
            "position": {
              "basis": "93%",
              "shrink": 0
            },
            "props": {
              "direction": "column",
              "justify": "space-around",
              "style": {
                "padding": "10px"
              }
            },
            "type": "ia.container.flex"
          }
        ],
        "meta": {
          "name": "selection"
        },
        "position": {
          "basis": "35%",
          "shrink": 0
        },
        "props": {
          "direction": "column",
          "style": {
            "backgroundColor": "#F2F4F8",
            "borderBottomLeftRadius": "8px",
            "borderBottomRightRadius": "8px",
            "borderColor": "#D5D5D5",
            "borderStyle": "groove",
            "borderTopLeftRadius": "8px",
            "borderTopRightRadius": "8px",
            "borderWidth": "2px",
            "margin": "6px"
          }
        },
        "type": "ia.container.flex"
      },
      {
        "children": [
          {
            "events": {
              "component": {
                "onRowClick": {
                  "config": {
                    "script": "\n\tself.parent.parent.getChild(\"selection\").getChild(\"FlexContainer\").getChild(\"Mailtype\").getChild(\"Dropdown\").props.value \u003d self.props.selection.data[0].Mail_type_id\n\tself.parent.parent.getChild(\"selection\").getChild(\"FlexContainer\").getChild(\"Mailtype\").getChild(\"Dropdown\").custom.Mail_type_name\n\tself.parent.parent.getChild(\"selection\").getChild(\"FlexContainer\").getChild(\"Recipient type\").getChild(\"Dropdown\").props.value \u003d self.props.selection.data[0]\n\tself.parent.parent.getChild(\"selection\").getChild(\"FlexContainer\").getChild(\"Mail_id\").getChild(\"TextField\").props.text \u003d self.props.selection.data[0]\n\t"
                  },
                  "scope": "G",
                  "type": "script"
                }
              }
            },
            "meta": {
              "name": "Table"
            },
            "position": {
              "basis": "689px"
            },
            "propConfig": {
              "props.data": {
                "binding": {
                  "config": {
                    "parameters": {
                      "bg_id": "{.../selection/FlexContainer/Business/Dropdown.props.value}",
                      "m_ty_id": "{.../selection/FlexContainer/Mailtype/Dropdown.props.value}",
                      "project_id": "{.../selection/FlexContainer/Project/Dropdown.props.value}",
                      "pt_id": "{.../selection/FlexContainer/Plant/Dropdown.props.value}"
                    },
                    "queryPath": "Common/Masters/Mail"
                  },
                  "type": "query"
                }
              }
            },
            "props": {
              "columns": [
                {
                  "align": "center",
                  "boolean": "checkbox",
                  "dateFormat": "MM/DD/YYYY",
                  "editable": false,
                  "field": "Mail_type_id",
                  "filter": {
                    "boolean": {
                      "condition": ""
                    },
                    "date": {
                      "condition": "",
                      "value": ""
                    },
                    "enabled": false,
                    "number": {
                      "condition": "",
                      "value": ""
                    },
                    "string": {
                      "condition": "",
                      "value": ""
                    },
                    "visible": "on-hover"
                  },
                  "footer": {
                    "align": "center",
                    "justify": "left",
                    "style": {
                      "classes": ""
                    },
                    "title": ""
                  },
                  "header": {
                    "align": "center",
                    "justify": "left",
                    "style": {
                      "classes": ""
                    },
                    "title": ""
                  },
                  "justify": "auto",
                  "nullFormat": {
                    "includeNullStrings": false,
                    "nullFormatValue": "",
                    "strict": false
                  },
                  "number": "value",
                  "numberFormat": "0,0.##",
                  "progressBar": {
                    "bar": {
                      "color": "",
                      "style": {
                        "classes": ""
                      }
                    },
                    "max": 100,
                    "min": 0,
                    "track": {
                      "color": "",
                      "style": {
                        "classes": ""
                      }
                    },
                    "value": {
                      "enabled": true,
                      "format": "0,0.##",
                      "justify": "center",
                      "style": {
                        "classes": ""
                      }
                    }
                  },
                  "render": "auto",
                  "resizable": true,
                  "sort": "none",
                  "sortable": true,
                  "strictWidth": false,
                  "style": {
                    "classes": ""
                  },
                  "toggleSwitch": {
                    "color": {
                      "selected": "",
                      "unselected": ""
                    }
                  },
                  "viewParams": {},
                  "viewPath": "",
                  "visible": true,
                  "width": ""
                },
                {
                  "align": "center",
                  "boolean": "checkbox",
                  "dateFormat": "MM/DD/YYYY",
                  "editable": false,
                  "field": "Mail Type ",
                  "filter": {
                    "boolean": {
                      "condition": ""
                    },
                    "date": {
                      "condition": "",
                      "value": ""
                    },
                    "enabled": false,
                    "number": {
                      "condition": "",
                      "value": ""
                    },
                    "string": {
                      "condition": "",
                      "value": ""
                    },
                    "visible": "on-hover"
                  },
                  "footer": {
                    "align": "center",
                    "justify": "left",
                    "style": {
                      "classes": ""
                    },
                    "title": ""
                  },
                  "header": {
                    "align": "center",
                    "justify": "left",
                    "style": {
                      "classes": ""
                    },
                    "title": ""
                  },
                  "justify": "auto",
                  "nullFormat": {
                    "includeNullStrings": false,
                    "nullFormatValue": "",
                    "strict": false
                  },
                  "number": "value",
                  "numberFormat": "0,0.##",
                  "progressBar": {
                    "bar": {
                      "color": "",
                      "style": {
                        "classes": ""
                      }
                    },
                    "max": 100,
                    "min": 0,
                    "track": {
                      "color": "",
                      "style": {
                        "classes": ""
                      }
                    },
                    "value": {
                      "enabled": true,
                      "format": "0,0.##",
                      "justify": "center",
                      "style": {
                        "classes": ""
                      }
                    }
                  },
                  "render": "auto",
                  "resizable": true,
                  "sort": "none",
                  "sortable": true,
                  "strictWidth": false,
                  "style": {
                    "classes": ""
                  },
                  "toggleSwitch": {
                    "color": {
                      "selected": "",
                      "unselected": ""
                    }
                  },
                  "viewParams": {},
                  "viewPath": "",
                  "visible": true,
                  "width": ""
                },
                {
                  "align": "center",
                  "boolean": "checkbox",
                  "dateFormat": "MM/DD/YYYY",
                  "editable": false,
                  "field": "Recipient Type",
                  "filter": {
                    "boolean": {
                      "condition": ""
                    },
                    "date": {
                      "condition": "",
                      "value": ""
                    },
                    "enabled": false,
                    "number": {
                      "condition": "",
                      "value": ""
                    },
                    "string": {
                      "condition": "",
                      "value": ""
                    },
                    "visible": "on-hover"
                  },
                  "footer": {
                    "align": "center",
                    "justify": "left",
                    "style": {
                      "classes": ""
                    },
                    "title": ""
                  },
                  "header": {
                    "align": "center",
                    "justify": "left",
                    "style": {
                      "classes": ""
                    },
                    "title": ""
                  },
                  "justify": "auto",
                  "nullFormat": {
                    "includeNullStrings": false,
                    "nullFormatValue": "",
                    "strict": false
                  },
                  "number": "value",
                  "numberFormat": "0,0.##",
                  "progressBar": {
                    "bar": {
                      "color": "",
                      "style": {
                        "classes": ""
                      }
                    },
                    "max": 100,
                    "min": 0,
                    "track": {
                      "color": "",
                      "style": {
                        "classes": ""
                      }
                    },
                    "value": {
                      "enabled": true,
                      "format": "0,0.##",
                      "justify": "center",
                      "style": {
                        "classes": ""
                      }
                    }
                  },
                  "render": "auto",
                  "resizable": true,
                  "sort": "none",
                  "sortable": true,
                  "strictWidth": false,
                  "style": {
                    "classes": ""
                  },
                  "toggleSwitch": {
                    "color": {
                      "selected": "",
                      "unselected": ""
                    }
                  },
                  "viewParams": {},
                  "viewPath": "",
                  "visible": true,
                  "width": ""
                },
                {
                  "align": "center",
                  "boolean": "checkbox",
                  "dateFormat": "MM/DD/YYYY",
                  "editable": false,
                  "field": "mail ID",
                  "filter": {
                    "boolean": {
                      "condition": ""
                    },
                    "date": {
                      "condition": "",
                      "value": ""
                    },
                    "enabled": false,
                    "number": {
                      "condition": "",
                      "value": ""
                    },
                    "string": {
                      "condition": "",
                      "value": ""
                    },
                    "visible": "on-hover"
                  },
                  "footer": {
                    "align": "center",
                    "justify": "left",
                    "style": {
                      "classes": ""
                    },
                    "title": ""
                  },
                  "header": {
                    "align": "center",
                    "justify": "left",
                    "style": {
                      "classes": ""
                    },
                    "title": ""
                  },
                  "justify": "auto",
                  "nullFormat": {
                    "includeNullStrings": false,
                    "nullFormatValue": "",
                    "strict": false
                  },
                  "number": "value",
                  "numberFormat": "0,0.##",
                  "progressBar": {
                    "bar": {
                      "color": "",
                      "style": {
                        "classes": ""
                      }
                    },
                    "max": 100,
                    "min": 0,
                    "track": {
                      "color": "",
                      "style": {
                        "classes": ""
                      }
                    },
                    "value": {
                      "enabled": true,
                      "format": "0,0.##",
                      "justify": "center",
                      "style": {
                        "classes": ""
                      }
                    }
                  },
                  "render": "auto",
                  "resizable": true,
                  "sort": "none",
                  "sortable": true,
                  "strictWidth": false,
                  "style": {
                    "classes": ""
                  },
                  "toggleSwitch": {
                    "color": {
                      "selected": "",
                      "unselected": ""
                    }
                  },
                  "viewParams": {},
                  "viewPath": "",
                  "visible": true,
                  "width": ""
                }
              ]
            },
            "scripts": {
              "customMethods": [],
              "extensionFunctions": null,
              "messageHandlers": [
                {
                  "messageType": "refresh_table_ML",
                  "pageScope": true,
                  "script": "\tself.refreshBinding(\"props.data\")",
                  "sessionScope": true,
                  "viewScope": true
                }
              ]
            },
            "type": "ia.display.table"
          }
        ],
        "meta": {
          "name": "Table"
        },
        "position": {
          "basis": "63%",
          "shrink": 0
        },
        "props": {
          "direction": "column",
          "style": {
            "backgroundColor": "#F2F4F8",
            "borderBottomLeftRadius": "8px",
            "borderBottomRightRadius": "8px",
            "borderColor": "#D5D5D5",
            "borderStyle": "groove",
            "borderTopLeftRadius": "8px",
            "borderTopRightRadius": "8px",
            "borderWidth": "2px",
            "margin": "6px"
          }
        },
        "type": "ia.container.flex"
      }
    ],
    "meta": {
      "name": "root"
    },
    "type": "ia.container.flex"
  }
}