{
  "custom": {},
  "params": {
    "Business": "",
    "Business_Name": "",
    "Cell": "",
    "Cell_Name": "",
    "EndDate": "",
    "Line": "",
    "Line_Name": "",
    "Machine": "",
    "Machine_Name": "",
    "Plant": "",
    "Plant_Name": "",
    "Shift": "",
    "ShiftID": "",
    "StartDate": ""
  },
  "propConfig": {
    "params.Business": {
      "paramDirection": "input",
      "persistent": true
    },
    "params.Business_Name": {
      "paramDirection": "input",
      "persistent": true
    },
    "params.Cell": {
      "paramDirection": "input",
      "persistent": true
    },
    "params.Cell_Name": {
      "paramDirection": "input",
      "persistent": true
    },
    "params.EndDate": {
      "paramDirection": "input",
      "persistent": true
    },
    "params.Line": {
      "paramDirection": "input",
      "persistent": true
    },
    "params.Line_Name": {
      "paramDirection": "input",
      "persistent": true
    },
    "params.Machine": {
      "paramDirection": "input",
      "persistent": true
    },
    "params.Machine_Name": {
      "paramDirection": "input",
      "persistent": true
    },
    "params.Plant": {
      "paramDirection": "input",
      "persistent": true
    },
    "params.Plant_Name": {
      "paramDirection": "input",
      "persistent": true
    },
    "params.Shift": {
      "paramDirection": "input",
      "persistent": true
    },
    "params.ShiftID": {
      "paramDirection": "input",
      "persistent": true
    },
    "params.StartDate": {
      "paramDirection": "input",
      "persistent": true
    }
  },
  "props": {},
  "root": {
    "children": [
      {
        "children": [
          {
            "meta": {
              "name": "ReportViewer"
            },
            "position": {
              "basis": "100%",
              "shrink": 0
            },
            "propConfig": {
              "props.params.Business": {
                "binding": {
                  "config": {
                    "path": "view.params.Business"
                  },
                  "type": "property"
                }
              },
              "props.params.Business_Name": {
                "binding": {
                  "config": {
                    "path": "view.params.Business_Name"
                  },
                  "type": "property"
                }
              },
              "props.params.Cell": {
                "binding": {
                  "config": {
                    "path": "view.params.Cell"
                  },
                  "type": "property"
                }
              },
              "props.params.Cell_Name": {
                "binding": {
                  "config": {
                    "path": "view.params.Cell_Name"
                  },
                  "type": "property"
                }
              },
              "props.params.EndDate": {
                "binding": {
                  "config": {
                    "path": "view.params.EndDate"
                  },
                  "type": "property"
                }
              },
              "props.params.Line": {
                "binding": {
                  "config": {
                    "path": "view.params.Line"
                  },
                  "type": "property"
                }
              },
              "props.params.Line_Name": {
                "binding": {
                  "config": {
                    "path": "view.params.Line_Name"
                  },
                  "type": "property"
                }
              },
              "props.params.Machine": {
                "binding": {
                  "config": {
                    "path": "view.params.Machine"
                  },
                  "type": "property"
                }
              },
              "props.params.Machine_Name": {
                "binding": {
                  "config": {
                    "path": "view.params.Machine_Name"
                  },
                  "type": "property"
                }
              },
              "props.params.Plant": {
                "binding": {
                  "config": {
                    "path": "view.params.Plant"
                  },
                  "type": "property"
                }
              },
              "props.params.Plant_Name": {
                "binding": {
                  "config": {
                    "path": "view.params.Plant_Name"
                  },
                  "type": "property"
                }
              },
              "props.params.Shift": {
                "binding": {
                  "config": {
                    "path": "view.params.Shift"
                  },
                  "type": "property"
                }
              },
              "props.params.ShiftID": {
                "binding": {
                  "config": {
                    "path": "view.params.ShiftID"
                  },
                  "type": "property"
                }
              },
              "props.params.StartDate": {
                "binding": {
                  "config": {
                    "path": "view.params.StartDate"
                  },
                  "type": "property"
                }
              }
            },
            "props": {
              "page": 1,
              "pageCount": 1,
              "source": "OEE/MinorLoss"
            },
            "type": "ia.reporting.report-viewer"
          }
        ],
        "meta": {
          "name": "FlexContainer"
        },
        "position": {
          "basis": "95%"
        },
        "props": {
          "direction": "column"
        },
        "type": "ia.container.flex"
      }
    ],
    "meta": {
      "name": "root"
    },
    "props": {
      "direction": "column"
    },
    "type": "ia.container.flex"
  }
}