{
  "custom": {},
  "params": {
    "Colour": "#3C6C72",
    "Project": 3,
    "Project_ID": "PMC"
  },
  "propConfig": {
    "params.Colour": {
      "paramDirection": "input",
      "persistent": true
    },
    "params.Project": {
      "paramDirection": "input",
      "persistent": true
    },
    "params.Project_ID": {
      "paramDirection": "input",
      "persistent": true
    }
  },
  "props": {
    "defaultSize": {
      "height": 746,
      "width": 924
    }
  },
  "root": {
    "children": [
      {
        "meta": {
          "name": "Carousel"
        },
        "position": {
          "basis": "746px"
        },
        "propConfig": {
          "props.views[0].viewParams.Colour": {
            "binding": {
              "config": {
                "path": "view.params.Colour"
              },
              "type": "property"
            }
          },
          "props.views[1].viewParams.Colour": {
            "binding": {
              "config": {
                "path": "view.params.Colour"
              },
              "type": "property"
            }
          }
        },
        "props": {
          "views": [
            {
              "alignItems": "flex-start",
              "direction": "row",
              "justify": "flex-start",
              "viewParams": {
                "Project": "PMC",
                "Project_ID": 3
              },
              "viewPath": "Common_master/MASTER_A"
            },
            {
              "alignItems": "flex-start",
              "direction": "row",
              "justify": "flex-start",
              "viewParams": {
                "Project": "PMC",
                "Project_ID": 3
              },
              "viewPath": "Common_master/MASTER_B"
            }
          ]
        },
        "type": "ia.display.carousel"
      }
    ],
    "meta": {
      "name": "root"
    },
    "props": {
      "direction": "column"
    },
    "type": "ia.container.flex"
  }
}