{
  "custom": {},
  "params": {},
  "props": {
    "defaultSize": {
      "height": 819,
      "width": 853
    }
  },
  "root": {
    "children": [
      {
        "meta": {
          "name": "Label",
          "tooltip": {
            "style": {
              "textAlign": "center"
            }
          }
        },
        "position": {
          "height": 0.0405,
          "width": 0.2196,
          "x": 0.089,
          "y": 0.8389
        },
        "props": {
          "style": {
            "fontSize": "1dvw",
            "fontWeight": "bold",
            "textAlign": "center"
          },
          "text": "POWERED BY"
        },
        "type": "ia.display.label"
      },
      {
        "meta": {
          "name": "Image_0",
          "tooltip": {
            "style": {
              "textAlign": "center"
            }
          }
        },
        "position": {
          "height": 0.0559,
          "rotate": {
            "anchor": "-32% 174%"
          },
          "width": 0.1163,
          "x": 0.1419,
          "y": 0.8812
        },
        "props": {
          "fit": {
            "mode": "fill"
          },
          "source": "/system/images/Screenshot 2025-06-20 141016.png",
          "tint": {
            "color": "#FFFFFF"
          }
        },
        "type": "ia.display.image"
      },
      {
        "meta": {
          "name": "Label_0"
        },
        "position": {
          "height": 0.0405,
          "rotate": {
            "anchor": "148% 50%"
          },
          "width": 0.2056,
          "x": 0.738,
          "y": 0.8389
        },
        "props": {
          "style": {
            "fontSize": "1dvw",
            "fontWeight": "bold",
            "textAlign": "center"
          },
          "text": "ENGINEERED BY"
        },
        "type": "ia.display.label"
      },
      {
        "meta": {
          "name": "Label_1"
        },
        "position": {
          "height": 0.0405,
          "rotate": {
            "anchor": "-98% 50%"
          },
          "width": 0.2056,
          "x": 0.738,
          "y": 0.8812
        },
        "props": {
          "style": {
            "fontSize": "0.6dvw",
            "fontWeight": "bold",
            "textAlign": "center"
          },
          "text": "RDC",
          "textStyle": {
            "fontSize": 30,
            "textAlign": "center"
          }
        },
        "type": "ia.display.label"
      }
    ],
    "meta": {
      "name": "root"
    },
    "position": {
      "x": 1,
      "y": 0
    },
    "props": {
      "mode": "percent",
      "style": {
        "backgroundAttachment": "local",
        "backgroundImage": "url(\u0027/system/images/ChatGPT Image Jun 10, 2025, 11_55_07 AM.png\u0027)",
        "backgroundPosition": "10PX",
        "backgroundSize": "99.9%",
        "marginBottom": 1,
        "marginLeft": 1,
        "marginRight": 1,
        "marginTop": 1,
        "overflow": "hidden"
      }
    },
    "type": "ia.container.coord"
  }
}