{
  "custom": {},
  "params": {
    "Content": "value",
    "DS": "value",
    "Header": "value",
    "To": "value"
  },
  "propConfig": {
    "params.Content": {
      "paramDirection": "input",
      "persistent": true
    },
    "params.DS": {
      "paramDirection": "input",
      "persistent": true
    },
    "params.Header": {
      "paramDirection": "input",
      "persistent": true
    },
    "params.To": {
      "paramDirection": "input",
      "persistent": true
    }
  },
  "props": {
    "defaultSize": {
      "height": 530,
      "width": 530
    }
  },
  "root": {
    "children": [
      {
        "meta": {
          "name": "Label"
        },
        "propConfig": {
          "props.text": {
            "binding": {
              "config": {
                "path": "view.params.Header"
              },
              "type": "property"
            }
          }
        },
        "props": {
          "style": {
            "backgroundColor": "#27276B",
            "borderStyle": "ridge",
            "color": "#FFFFFF",
            "fontFamily": "Arial",
            "fontSize": "1.2dvw",
            "fontWeight": "bold",
            "paddingBottom": 15,
            "paddingLeft": 10,
            "paddingRight": 10,
            "paddingTop": 15,
            "textAlign": "center"
          }
        },
        "type": "ia.display.label"
      },
      {
        "meta": {
          "name": "Label_1"
        },
        "propConfig": {
          "props.text": {
            "binding": {
              "config": {
                "path": "view.params.To"
              },
              "type": "property"
            }
          }
        },
        "props": {
          "style": {
            "color": "#000000",
            "fontFamily": "Arial",
            "fontSize": "1.1dvw",
            "fontWeight": "bolder",
            "marginBottom": 10,
            "marginLeft": 10,
            "marginRight": 10,
            "marginTop": 10,
            "paddingBottom": 10,
            "paddingTop": 10,
            "textAlign": "left"
          }
        },
        "type": "ia.display.label"
      },
      {
        "meta": {
          "name": "Label_0"
        },
        "propConfig": {
          "props.text": {
            "binding": {
              "config": {
                "expression": "{view.params.Content}"
              },
              "type": "expr"
            }
          }
        },
        "props": {
          "style": {
            "backgroundColor": "#D5D5D5",
            "fontFamily": "serif",
            "fontSize": "1dvw",
            "fontWeight": "normal",
            "marginBottom": 10,
            "marginLeft": 10,
            "marginRight": 10,
            "paddingBottom": 10,
            "paddingTop": 10,
            "textAlign": "center"
          }
        },
        "type": "ia.display.label"
      },
      {
        "meta": {
          "name": "Table"
        },
        "position": {
          "grow": 1
        },
        "propConfig": {
          "props.data": {
            "binding": {
              "config": {
                "path": "view.params.DS"
              },
              "type": "property"
            }
          }
        },
        "props": {
          "cells": {
            "allowEditOn": "long-press",
            "style": {
              "borderColor": "#AAAAAA",
              "borderStyle": "solid",
              "borderWidth": 1
            }
          },
          "columns": [
            {
              "align": "center",
              "boolean": "checkbox",
              "dateFormat": "MM/DD/YYYY",
              "editable": false,
              "field": "HEADER",
              "filter": {
                "boolean": {
                  "condition": ""
                },
                "date": {
                  "condition": "",
                  "value": ""
                },
                "enabled": false,
                "number": {
                  "condition": "",
                  "value": ""
                },
                "string": {
                  "condition": "",
                  "value": ""
                },
                "visible": "on-hover"
              },
              "footer": {
                "align": "center",
                "justify": "left",
                "style": {
                  "classes": ""
                },
                "title": ""
              },
              "header": {
                "align": "center",
                "justify": "center",
                "style": {
                  "classes": ""
                },
                "title": ""
              },
              "justify": "center",
              "nullFormat": {
                "includeNullStrings": false,
                "nullFormatValue": "",
                "strict": false
              },
              "number": "value",
              "numberFormat": "0,0.##",
              "progressBar": {
                "bar": {
                  "color": "",
                  "style": {
                    "classes": ""
                  }
                },
                "max": 100,
                "min": 0,
                "track": {
                  "color": "",
                  "style": {
                    "classes": ""
                  }
                },
                "value": {
                  "enabled": true,
                  "format": "0,0.##",
                  "justify": "center",
                  "style": {
                    "classes": ""
                  }
                }
              },
              "render": "auto",
              "resizable": true,
              "sort": "ascending",
              "sortable": false,
              "strictWidth": false,
              "style": {
                "classes": "",
                "fontFamily": "serif",
                "fontSize": "0.9DVW",
                "textAlign": "center"
              },
              "toggleSwitch": {
                "color": {
                  "selected": "",
                  "unselected": ""
                }
              },
              "viewParams": {},
              "viewPath": "",
              "visible": true,
              "width": "auto"
            },
            {
              "align": "center",
              "boolean": "checkbox",
              "dateFormat": "MM/DD/YYYY",
              "editable": false,
              "field": "SUBHEADER",
              "filter": {
                "boolean": {
                  "condition": ""
                },
                "date": {
                  "condition": "",
                  "value": ""
                },
                "enabled": false,
                "number": {
                  "condition": "",
                  "value": ""
                },
                "string": {
                  "condition": "",
                  "value": ""
                },
                "visible": "on-hover"
              },
              "footer": {
                "align": "center",
                "justify": "left",
                "style": {
                  "classes": ""
                },
                "title": ""
              },
              "header": {
                "align": "center",
                "justify": "center",
                "style": {
                  "classes": ""
                },
                "title": ""
              },
              "justify": "center",
              "nullFormat": {
                "includeNullStrings": false,
                "nullFormatValue": "",
                "strict": false
              },
              "number": "value",
              "numberFormat": "0,0.##",
              "progressBar": {
                "bar": {
                  "color": "",
                  "style": {
                    "classes": ""
                  }
                },
                "max": 100,
                "min": 0,
                "track": {
                  "color": "",
                  "style": {
                    "classes": ""
                  }
                },
                "value": {
                  "enabled": true,
                  "format": "0,0.##",
                  "justify": "center",
                  "style": {
                    "classes": ""
                  }
                }
              },
              "render": "auto",
              "resizable": true,
              "sort": "ascending",
              "sortable": false,
              "strictWidth": false,
              "style": {
                "classes": "",
                "fontFamily": "serif",
                "fontSize": "0.9DVW",
                "textAlign": "center"
              },
              "toggleSwitch": {
                "color": {
                  "selected": "",
                  "unselected": ""
                }
              },
              "viewParams": {},
              "viewPath": "",
              "visible": true,
              "width": "auto"
            },
            {
              "align": "center",
              "boolean": "checkbox",
              "dateFormat": "MM/DD/YYYY",
              "editable": false,
              "field": "PARAMETER",
              "filter": {
                "boolean": {
                  "condition": ""
                },
                "date": {
                  "condition": "",
                  "value": ""
                },
                "enabled": false,
                "number": {
                  "condition": "",
                  "value": ""
                },
                "string": {
                  "condition": "",
                  "value": ""
                },
                "visible": "on-hover"
              },
              "footer": {
                "align": "center",
                "justify": "left",
                "style": {
                  "classes": ""
                },
                "title": ""
              },
              "header": {
                "align": "center",
                "justify": "center",
                "style": {
                  "classes": ""
                },
                "title": ""
              },
              "justify": "center",
              "nullFormat": {
                "includeNullStrings": false,
                "nullFormatValue": "",
                "strict": false
              },
              "number": "value",
              "numberFormat": "0,0.##",
              "progressBar": {
                "bar": {
                  "color": "",
                  "style": {
                    "classes": ""
                  }
                },
                "max": 100,
                "min": 0,
                "track": {
                  "color": "",
                  "style": {
                    "classes": ""
                  }
                },
                "value": {
                  "enabled": true,
                  "format": "0,0.##",
                  "justify": "center",
                  "style": {
                    "classes": ""
                  }
                }
              },
              "render": "auto",
              "resizable": true,
              "sort": "ascending",
              "sortable": false,
              "strictWidth": false,
              "style": {
                "classes": "",
                "fontFamily": "serif",
                "fontSize": "0.9DVW",
                "textAlign": "center"
              },
              "toggleSwitch": {
                "color": {
                  "selected": "",
                  "unselected": ""
                }
              },
              "viewParams": {},
              "viewPath": "",
              "visible": true,
              "width": "auto"
            }
          ],
          "dragOrderable": false,
          "headerStyle": {
            "backgroundColor": "#FFFF47",
            "borderColor": "#808080",
            "borderStyle": "solid",
            "borderWidth": 2,
            "fontFamily": "serif",
            "fontSize": "1.1dvw",
            "fontWeight": "bolder",
            "textAlign": "center"
          },
          "nullFormat": {
            "nullFormatValue": "N/A"
          },
          "pager": {
            "bottom": false,
            "initialOption": 500
          },
          "rows": {
            "striped": {
              "color": {
                "even": "#8AFF8A",
                "odd": "#FF8A8A"
              }
            },
            "style": {
              "fontFamily": "serif",
              "fontSize": "0.9dvw",
              "textAlign": "center"
            }
          },
          "style": {
            "marginBottom": 10,
            "marginLeft": 10,
            "marginRight": 10
          }
        },
        "type": "ia.display.table"
      }
    ],
    "meta": {
      "name": "root"
    },
    "props": {
      "direction": "column",
      "style": {
        "backgroundColor": "#FFFFFF",
        "borderStyle": "groove"
      }
    },
    "type": "ia.container.flex"
  }
}