{
  "custom": {},
  "params": {},
  "props": {
    "defaultSize": {
      "height": 840,
      "width": 853
    }
  },
  "root": {
    "children": [
      {
        "meta": {
          "name": "Label_2"
        },
        "position": {
          "height": 0.2247,
          "rotate": {
            "anchor": "67% 64%"
          },
          "width": 0.9859,
          "x": 0.0088,
          "y": 0.0039
        },
        "props": {
          "style": {
            "fontFamily": "Arial",
            "fontSize": 40,
            "fontWeight": "bold",
            "textAlign": "center"
          },
          "text": "ZF Rane Automotive India Private Limited"
        },
        "type": "ia.display.label"
      },
      {
        "meta": {
          "name": "Label_5"
        },
        "position": {
          "height": 0.1712,
          "rotate": {
            "anchor": "67% 64%"
          },
          "width": 0.6835,
          "x": 0.173,
          "y": 0.5299
        },
        "props": {
          "style": {
            "fontFamily": "Arial",
            "fontSize": 40,
            "fontWeight": "bold",
            "textAlign": "center"
          },
          "text": "STEERING GEAR DIVISION"
        },
        "type": "ia.display.label"
      },
      {
        "meta": {
          "name": "Label",
          "tooltip": {
            "style": {
              "textAlign": "center"
            }
          }
        },
        "position": {
          "height": 0.0405,
          "width": 0.2,
          "x": 0.09,
          "y": 0.8
        },
        "props": {
          "style": {
            "fontSize": 11,
            "fontWeight": "bold",
            "textAlign": "center"
          },
          "text": "POWERED BY"
        },
        "type": "ia.display.label"
      },
      {
        "meta": {
          "name": "Image_0",
          "tooltip": {
            "style": {
              "textAlign": "center"
            }
          }
        },
        "position": {
          "height": 0.04,
          "rotate": {
            "anchor": "-32% 174%"
          },
          "width": 0.2,
          "x": 0.0911,
          "y": 0.84
        },
        "props": {
          "fit": {
            "mode": "fill"
          },
          "source": "/system/images/ignition-logo-dark.png"
        },
        "type": "ia.display.image"
      },
      {
        "meta": {
          "name": "Label_0"
        },
        "position": {
          "height": 0.04,
          "width": 0.2,
          "x": 0.75,
          "y": 0.8
        },
        "props": {
          "style": {
            "fontSize": 11,
            "fontWeight": "bold",
            "textAlign": "center"
          },
          "text": "ENGINEERED BY"
        },
        "type": "ia.display.label"
      },
      {
        "meta": {
          "name": "Label_1"
        },
        "position": {
          "height": 0.04,
          "width": 0.2,
          "x": 0.75,
          "y": 0.84
        },
        "props": {
          "style": {
            "fontSize": 11,
            "fontWeight": "bold",
            "textAlign": "center"
          },
          "text": "RDC - I4.0",
          "textStyle": {
            "fontSize": 30,
            "textAlign": "center"
          }
        },
        "type": "ia.display.label"
      },
      {
        "meta": {
          "name": "zf_rane"
        },
        "position": {
          "height": 0.2167,
          "width": 0.2556,
          "x": 0.3866,
          "y": 0.2504
        },
        "props": {
          "fit": {
            "mode": "fill"
          },
          "source": "/system/images/zf_rane.png"
        },
        "type": "ia.display.image"
      },
      {
        "events": {
          "dom": {
            "onClick": {
              "config": {},
              "scope": "C",
              "type": "login"
            }
          }
        },
        "meta": {
          "name": "Button_0"
        },
        "position": {
          "height": 0.0667,
          "rotate": {
            "anchor": "50% 113%"
          },
          "width": 0.1231,
          "x": 0.453,
          "y": 0.735
        },
        "propConfig": {
          "meta.visible": {
            "binding": {
              "config": {
                "path": "session.props.auth.authenticated"
              },
              "enabled": false,
              "type": "property"
            }
          }
        },
        "props": {
          "style": {
            "backgroundColor": "#335475",
            "borderBottomColor": "#008000",
            "borderBottomStyle": "solid",
            "borderBottomWidth": "4px",
            "borderLeftStyle": "none",
            "borderRadius": 0,
            "borderRightStyle": "none",
            "borderStyle": "none",
            "borderTopColor": "#008000",
            "borderTopStyle": "solid",
            "borderTopWidth": "1px",
            "color": "#FFFFFF"
          },
          "text": "Login"
        },
        "type": "ia.input.button"
      },
      {
        "events": {
          "dom": {
            "onClick": {
              "config": {},
              "scope": "C",
              "type": "logout"
            }
          }
        },
        "meta": {
          "name": "Button_1"
        },
        "position": {
          "height": 0.069,
          "rotate": {
            "anchor": "50% 113%"
          },
          "width": 0.1231,
          "x": 0.4531,
          "y": 0.7348
        },
        "propConfig": {
          "meta.visible": {
            "binding": {
              "config": {
                "path": "session.props.auth.authenticated"
              },
              "type": "property"
            }
          }
        },
        "props": {
          "style": {
            "backgroundColor": "#335475",
            "borderBottomColor": "#008000",
            "borderBottomStyle": "solid",
            "borderBottomWidth": "4px",
            "borderLeftStyle": "none",
            "borderRadius": 0,
            "borderRightStyle": "none",
            "borderStyle": "none",
            "borderTopColor": "#008000",
            "borderTopStyle": "solid",
            "borderTopWidth": "1px",
            "color": "#FFFFFF"
          },
          "text": "Logout"
        },
        "type": "ia.input.button"
      }
    ],
    "meta": {
      "name": "root"
    },
    "position": {
      "x": 0.3857,
      "y": 0.0667
    },
    "props": {
      "mode": "percent"
    },
    "type": "ia.container.coord"
  }
}