{
  "custom": {},
  "params": {
    "COLUMN": "FAIL_MEASURES",
    "DS": "",
    "DS_DONE": "",
    "ROW": 0
  },
  "propConfig": {
    "params.COLUMN": {
      "paramDirection": "inout",
      "persistent": true
    },
    "params.DS": {
      "paramDirection": "input",
      "persistent": true
    },
    "params.DS_DONE": {
      "paramDirection": "inout",
      "persistent": true
    },
    "params.ROW": {
      "paramDirection": "inout",
      "persistent": true
    }
  },
  "props": {
    "defaultSize": {
      "height": 300,
      "width": 500
    }
  },
  "root": {
    "children": [
      {
        "meta": {
          "name": "Label"
        },
        "position": {
          "basis": "15%"
        },
        "props": {
          "style": {
            "backgroundColor": "#1E1E75",
            "borderStyle": "groove",
            "borderTopLeftRadius": 10,
            "borderTopRightRadius": 10,
            "color": "#FFFFFF",
            "fontFamily": "serif",
            "fontSize": "1.2dvw",
            "fontWeight": "bolder",
            "marginBottom": 2,
            "textAlign": "center"
          },
          "text": "MEASURES"
        },
        "type": "ia.display.label"
      },
      {
        "meta": {
          "name": "TextArea"
        },
        "position": {
          "basis": "70%"
        },
        "props": {
          "placeholder": "Enter the Measures taken for the Fail Parameter.........",
          "style": {
            "borderBottomLeftRadius": 10,
            "borderBottomRightRadius": 10,
            "borderColor": "#D5D5D5",
            "borderStyle": "groove",
            "borderWidth": 5,
            "fontFamily": "serif"
          }
        },
        "type": "ia.input.text-area"
      },
      {
        "events": {
          "dom": {
            "onClick": {
              "config": {
                "script": "\timport system\n\tINDEX \u003d int(self.view.params.ROW)\n\tCOLUMN \u003d self.view.params.COLUMN\n\tDATASET \u003d self.view.params.DS\n\tTEXT_AREA \u003d self.getSibling(\"TextArea\").props.text\n\tDATASET_NEW \u003d system.dataset.updateRow(DATASET, INDEX, {COLUMN:TEXT_AREA})\n\tself.session.custom.PMC[0] \u003d DATASET_NEW\n\tself.getSibling(\"TextArea\").props.text \u003d \u0027\u0027\n\tsystem.perspective.closePopup(\u0027myPopupId123\u0027)"
              },
              "scope": "G",
              "type": "script"
            }
          }
        },
        "meta": {
          "name": "Button"
        },
        "position": {
          "basis": "15%"
        },
        "props": {
          "style": {
            "backgroundColor": "#008000",
            "borderBottomLeftRadius": 10,
            "borderBottomRightRadius": 10,
            "borderTopLeftRadius": 10,
            "borderTopRightRadius": 10,
            "fontFamily": "serif",
            "fontSize": "1.2dvw",
            "marginLeft": 150,
            "marginRight": 150,
            "marginTop": 5
          },
          "text": "UPDATE"
        },
        "type": "ia.input.button"
      }
    ],
    "meta": {
      "name": "root"
    },
    "props": {
      "direction": "column",
      "style": {
        "backgroundColor": "#FFFFFF",
        "borderStyle": "groove",
        "paddingBottom": 5,
        "paddingLeft": 5,
        "paddingRight": 5,
        "paddingTop": 5
      }
    },
    "type": "ia.container.flex"
  }
}