{
  "custom": {},
  "params": {},
  "props": {
    "defaultSize": {
      "width": 1200
    }
  },
  "root": {
    "children": [
      {
        "meta": {
          "name": "EmbeddedView"
        },
        "position": {
          "basis": "7%",
          "shrink": 0
        },
        "props": {
          "path": "PMC/Header/header"
        },
        "type": "ia.display.view"
      },
      {
        "children": [
          {
            "meta": {
              "name": "Label"
            },
            "props": {
              "text": "ZF Rane Automotive India Private Limited",
              "textStyle": {
                "fontFamily": "Arial",
                "fontSize": "5dvw",
                "fontWeight": "bolder",
                "textAlign": "center"
              }
            },
            "type": "ia.display.label"
          },
          {
            "children": [
              {
                "meta": {
                  "name": "zrai_logo_new"
                },
                "position": {
                  "shrink": 0
                },
                "props": {
                  "fit": {
                    "mode": "contain"
                  },
                  "source": "/system/images/Project-images/zrai_logo_new.jpg",
                  "style": {
                    "borderBottomLeftRadius": 30,
                    "borderBottomRightRadius": 30,
                    "borderColor": "#D5D5D5",
                    "borderStyle": "groove",
                    "borderTopLeftRadius": 30,
                    "borderTopRightRadius": 30
                  }
                },
                "type": "ia.display.image"
              }
            ],
            "meta": {
              "name": "LOGO_Container"
            },
            "position": {
              "basis": "200px"
            },
            "props": {
              "justify": "center"
            },
            "type": "ia.container.flex"
          },
          {
            "meta": {
              "name": "Label_0"
            },
            "position": {
              "basis": "32px"
            },
            "props": {
              "style": {
                "fontFamily": "Arial",
                "fontSize": "4dvw",
                "fontWeight": "bolder",
                "textAlign": "center"
              },
              "text": "STEERING GEAR DIVISION"
            },
            "type": "ia.display.label"
          },
          {
            "children": [
              {
                "meta": {
                  "name": "LOG_IN"
                },
                "position": {
                  "shrink": 0
                },
                "props": {
                  "image": {
                    "icon": {
                      "color": "#00FF00",
                      "path": "material/account_circle"
                    }
                  },
                  "style": {
                    "backgroundColor": "#1A1A6B",
                    "borderBottomLeftRadius": 10,
                    "borderBottomRightRadius": 10,
                    "borderStyle": "groove",
                    "borderTopLeftRadius": 10,
                    "borderTopRightRadius": 10,
                    "fontFamily": "Arial",
                    "fontSize": "2dvw",
                    "fontWeight": "bolder",
                    "paddingBottom": 5,
                    "paddingLeft": 15,
                    "paddingRight": 15,
                    "paddingTop": 5
                  },
                  "text": "Log-In"
                },
                "type": "ia.input.button"
              },
              {
                "meta": {
                  "name": "LOG_OUT"
                },
                "position": {
                  "shrink": 0
                },
                "props": {
                  "image": {
                    "icon": {
                      "color": "#FF0000",
                      "path": "material/account_circle"
                    }
                  },
                  "style": {
                    "backgroundColor": "#1A1A6B",
                    "borderBottomLeftRadius": 10,
                    "borderBottomRightRadius": 10,
                    "borderStyle": "groove",
                    "borderTopLeftRadius": 10,
                    "borderTopRightRadius": 10,
                    "fontFamily": "Arial",
                    "fontSize": "2dvw",
                    "fontWeight": "bolder",
                    "paddingBottom": 5,
                    "paddingLeft": 15,
                    "paddingRight": 15,
                    "paddingTop": 5
                  },
                  "text": "Log-Out"
                },
                "type": "ia.input.button"
              }
            ],
            "meta": {
              "name": "LOG_Container"
            },
            "position": {
              "shrink": 0
            },
            "props": {
              "justify": "center"
            },
            "type": "ia.container.flex"
          },
          {
            "children": [
              {
                "children": [
                  {
                    "meta": {
                      "name": "Label"
                    },
                    "position": {
                      "basis": "20%"
                    },
                    "props": {
                      "style": {
                        "fontFamily": "Arial",
                        "fontSize": "1.2dvw",
                        "fontWeight": "bolder",
                        "paddingBottom": 5,
                        "paddingTop": 5,
                        "textAlign": "center"
                      },
                      "text": "POWERED BY"
                    },
                    "type": "ia.display.label"
                  },
                  {
                    "meta": {
                      "name": "Image"
                    },
                    "position": {
                      "basis": "80%",
                      "grow": 1
                    },
                    "props": {
                      "fit": {
                        "mode": "fill"
                      },
                      "source": "/system/images/Project-images/Ignition_logo.png"
                    },
                    "type": "ia.display.image"
                  }
                ],
                "meta": {
                  "name": "Powered_by"
                },
                "position": {
                  "basis": "200px"
                },
                "props": {
                  "direction": "column"
                },
                "type": "ia.container.flex"
              },
              {
                "children": [
                  {
                    "meta": {
                      "name": "Label"
                    },
                    "position": {
                      "basis": "20%"
                    },
                    "props": {
                      "style": {
                        "fontFamily": "Arial",
                        "fontSize": "1.2dvw",
                        "fontWeight": "bolder",
                        "paddingBottom": 5,
                        "paddingTop": 5,
                        "textAlign": "center"
                      },
                      "text": "ENGINEERED BY"
                    },
                    "type": "ia.display.label"
                  },
                  {
                    "meta": {
                      "name": "Image"
                    },
                    "position": {
                      "basis": "80%"
                    },
                    "type": "ia.display.image"
                  }
                ],
                "meta": {
                  "name": "Engineered_by"
                },
                "position": {
                  "basis": "200px"
                },
                "props": {
                  "direction": "column"
                },
                "type": "ia.container.flex"
              }
            ],
            "meta": {
              "name": "Sponser_Container"
            },
            "position": {
              "shrink": 0
            },
            "props": {
              "justify": "space-between",
              "style": {
                "marginLeft": 80,
                "marginRight": 80
              }
            },
            "type": "ia.container.flex"
          }
        ],
        "meta": {
          "name": "Home"
        },
        "position": {
          "basis": "93%"
        },
        "props": {
          "direction": "column"
        },
        "type": "ia.container.flex"
      }
    ],
    "meta": {
      "name": "root"
    },
    "props": {
      "direction": "column"
    },
    "type": "ia.container.flex"
  }
}