{
  "custom": {},
  "params": {},
  "props": {
    "defaultSize": {
      "width": 991
    }
  },
  "root": {
    "children": [
      {
        "children": [
          {
            "meta": {
              "name": "Label"
            },
            "position": {
              "basis": "40%"
            },
            "props": {
              "style": {
                "backgroundColor": "#555555",
                "borderStyle": "solid",
                "color": "#FFFFFF",
                "fontFamily": "Arial",
                "fontSize": "1dvw",
                "fontWeight": "bolder",
                "textAlign": "center"
              },
              "text": "GROUP OVERVIEW"
            },
            "type": "ia.display.label"
          }
        ],
        "meta": {
          "name": "Header"
        },
        "position": {
          "basis": "10%"
        },
        "type": "ia.container.flex"
      },
      {
        "children": [
          {
            "meta": {
              "name": "FlexRepeater"
            },
            "position": {
              "basis": "100%",
              "shrink": 0
            },
            "propConfig": {
              "custom.Business": {
                "binding": {
                  "config": {
                    "expression": "{session.custom.CP_User_Management.BG_DD_DS}"
                  },
                  "type": "expr"
                }
              },
              "props.instances[0].Business": {
                "binding": {
                  "config": {
                    "expression": "{this.custom.Business[0].label}"
                  },
                  "type": "expr"
                }
              },
              "props.instances[0].Business_ID": {
                "binding": {
                  "config": {
                    "expression": "{this.custom.Business[0].value}"
                  },
                  "type": "expr"
                }
              },
              "props.instances[1].Business": {
                "binding": {
                  "config": {
                    "expression": "{this.custom.Business[1].label}"
                  },
                  "type": "expr"
                }
              },
              "props.instances[1].Business_ID": {
                "binding": {
                  "config": {
                    "expression": "{this.custom.Business[1].value}"
                  },
                  "type": "expr"
                }
              },
              "props.instances[2].Business": {
                "binding": {
                  "config": {
                    "expression": "{this.custom.Business[3].label}"
                  },
                  "type": "expr"
                }
              },
              "props.instances[2].Business_ID": {
                "binding": {
                  "config": {
                    "expression": "{this.custom.Business[3].value}"
                  },
                  "type": "expr"
                }
              },
              "props.instances[3].Business": {
                "binding": {
                  "config": {
                    "expression": "{this.custom.Business[2].label}"
                  },
                  "type": "expr"
                }
              },
              "props.instances[3].Business_ID": {
                "binding": {
                  "config": {
                    "expression": "{this.custom.Business[2].value}"
                  },
                  "type": "expr"
                }
              }
            },
            "props": {
              "alignItems": "center",
              "direction": "column",
              "instances": [
                {
                  "index": [
                    {
                      "Business": 1,
                      "Plant": 1,
                      "index": "value",
                      "instancePosition": {},
                      "instanceStyle": {
                        "classes": ""
                      }
                    }
                  ],
                  "instancePosition": {},
                  "instanceStyle": {
                    "classes": ""
                  }
                },
                {
                  "index": [
                    {
                      "Business": 1,
                      "Plant": 1,
                      "index": "value",
                      "instancePosition": {},
                      "instanceStyle": {
                        "classes": ""
                      }
                    }
                  ],
                  "instancePosition": {},
                  "instanceStyle": {
                    "classes": ""
                  }
                },
                {
                  "index": [
                    {
                      "Business": 1,
                      "Plant": 1,
                      "index": "value",
                      "instancePosition": {},
                      "instanceStyle": {
                        "classes": ""
                      }
                    }
                  ],
                  "instancePosition": {},
                  "instanceStyle": {
                    "classes": ""
                  }
                },
                {
                  "instancePosition": {},
                  "instanceStyle": {
                    "classes": ""
                  }
                }
              ],
              "justify": "space-between",
              "loading": {
                "order": "with-parent"
              },
              "path": "OEE/Overview/GroupOverviewtemplate",
              "style": {
                "gap": 0
              }
            },
            "type": "ia.display.flex-repeater"
          }
        ],
        "meta": {
          "name": "Body_0"
        },
        "position": {
          "basis": "90%"
        },
        "props": {
          "justify": "center"
        },
        "type": "ia.container.flex"
      }
    ],
    "meta": {
      "name": "root"
    },
    "propConfig": {
      "custom.Business": {
        "binding": {
          "config": {
            "fallbackDelay": 2.5,
            "mode": "direct",
            "tagPath": "[default]Common_Portal/User_Managmet/BG"
          },
          "type": "tag"
        }
      }
    },
    "props": {
      "direction": "column",
      "justify": "space-evenly"
    },
    "type": "ia.container.flex"
  }
}