{
  "custom": {},
  "params": {
    "BusinessID": "",
    "Business_Name": "",
    "CellID": "",
    "Cell_Name": "",
    "Date": "",
    "EndTime": "",
    "LineID": "",
    "Line_Name": "",
    "MachineID": "",
    "Machine_Name": "",
    "PlantID": "",
    "Plant_Name": "",
    "Shift": "",
    "ShiftID": "",
    "StartTime": ""
  },
  "propConfig": {
    "params.BusinessID": {
      "paramDirection": "input",
      "persistent": true
    },
    "params.Business_Name": {
      "paramDirection": "input",
      "persistent": true
    },
    "params.CellID": {
      "paramDirection": "input",
      "persistent": true
    },
    "params.Cell_Name": {
      "paramDirection": "input",
      "persistent": true
    },
    "params.Date": {
      "paramDirection": "input",
      "persistent": true
    },
    "params.EndTime": {
      "paramDirection": "input",
      "persistent": true
    },
    "params.LineID": {
      "paramDirection": "input",
      "persistent": true
    },
    "params.Line_Name": {
      "paramDirection": "input",
      "persistent": true
    },
    "params.MachineID": {
      "paramDirection": "input",
      "persistent": true
    },
    "params.Machine_Name": {
      "paramDirection": "input",
      "persistent": true
    },
    "params.PlantID": {
      "paramDirection": "input",
      "persistent": true
    },
    "params.Plant_Name": {
      "paramDirection": "input",
      "persistent": true
    },
    "params.Shift": {
      "paramDirection": "input",
      "persistent": true
    },
    "params.ShiftID": {
      "paramDirection": "input",
      "persistent": true
    },
    "params.StartTime": {
      "paramDirection": "input",
      "persistent": true
    }
  },
  "props": {},
  "root": {
    "children": [
      {
        "meta": {
          "name": "ReportViewer"
        },
        "position": {
          "basis": "700px"
        },
        "propConfig": {
          "props.params.BusinessID": {
            "binding": {
              "config": {
                "path": "view.params.BusinessID"
              },
              "type": "property"
            }
          },
          "props.params.Business_Name": {
            "binding": {
              "config": {
                "path": "view.params.Business_Name"
              },
              "type": "property"
            }
          },
          "props.params.CellID": {
            "binding": {
              "config": {
                "path": "view.params.CellID"
              },
              "type": "property"
            }
          },
          "props.params.Cell_Name": {
            "binding": {
              "config": {
                "path": "view.params.Cell_Name"
              },
              "type": "property"
            }
          },
          "props.params.Date": {
            "binding": {
              "config": {
                "path": "view.params.Date"
              },
              "type": "property"
            }
          },
          "props.params.EndTime": {
            "binding": {
              "config": {
                "path": "view.params.EndTime"
              },
              "type": "property"
            }
          },
          "props.params.LineID": {
            "binding": {
              "config": {
                "path": "view.params.LineID"
              },
              "type": "property"
            }
          },
          "props.params.Line_Name": {
            "binding": {
              "config": {
                "path": "view.params.Line_Name"
              },
              "type": "property"
            }
          },
          "props.params.MachineID": {
            "binding": {
              "config": {
                "path": "view.params.MachineID"
              },
              "type": "property"
            }
          },
          "props.params.Machine_Name": {
            "binding": {
              "config": {
                "path": "view.params.Machine_Name"
              },
              "type": "property"
            }
          },
          "props.params.PlantID": {
            "binding": {
              "config": {
                "path": "view.params.PlantID"
              },
              "type": "property"
            }
          },
          "props.params.Plant_Name": {
            "binding": {
              "config": {
                "path": "view.params.Plant_Name"
              },
              "type": "property"
            }
          },
          "props.params.Shift": {
            "binding": {
              "config": {
                "path": "view.params.Shift"
              },
              "type": "property"
            }
          },
          "props.params.ShiftID": {
            "binding": {
              "config": {
                "path": "view.params.ShiftID"
              },
              "type": "property"
            }
          },
          "props.params.StartTime": {
            "binding": {
              "config": {
                "path": "view.params.StartTime"
              },
              "type": "property"
            }
          }
        },
        "props": {
          "page": 1,
          "pageCount": 1,
          "source": "OEE/QualityPopup"
        },
        "type": "ia.reporting.report-viewer"
      }
    ],
    "meta": {
      "name": "root"
    },
    "props": {
      "direction": "column"
    },
    "type": "ia.container.flex"
  }
}