{
  "custom": {
    "selectedArea": "L253200101",
    "selectedBusiness": "3000",
    "selectedDate": "2025-09-05",
    "selectedEM": "1",
    "selectedEndDate": "2025-09-10",
    "selectedPlant": "3200"
  },
  "events": {
    "system": {
      "onStartup": {
        "config": {
          "script": "\tdate\u003dsystem.date.now()\n\tself.getChild(\"root\").getChild(\"FlexContainer\").getChild(\"Date_Container\").getChild(\"DateTimeInput\").props.maxDate"
        },
        "scope": "G",
        "type": "script"
      }
    }
  },
  "params": {},
  "propConfig": {
    "custom.selectedArea": {
      "persistent": true
    },
    "custom.selectedBusiness": {
      "persistent": true
    },
    "custom.selectedDate": {
      "persistent": true
    },
    "custom.selectedEM": {
      "persistent": true
    },
    "custom.selectedEndDate": {
      "persistent": true
    },
    "custom.selectedPlant": {
      "persistent": true
    }
  },
  "props": {
    "defaultSize": {
      "height": 886,
      "width": 1237
    },
    "loading": {
      "mode": "blocking"
    }
  },
  "root": {
    "children": [
      {
        "children": [
          {
            "children": [
              {
                "meta": {
                  "name": "Business_Lable "
                },
                "position": {
                  "basis": "50%"
                },
                "props": {
                  "style": {
                    "backgroundColor": "#000080",
                    "borderBottomLeftRadius": 15,
                    "borderStyle": "groove",
                    "borderTopLeftRadius": 15,
                    "color": "#FFFFFF",
                    "fontFamily": "Arial",
                    "fontSize": "0.7dvw",
                    "fontWeight": "bolder",
                    "marginRight": 1,
                    "textAlign": "center"
                  },
                  "text": "Business",
                  "textStyle": {
                    "fontSize": "1dvw"
                  }
                },
                "type": "ia.display.label"
              },
              {
                "custom": {
                  "Business_name": "RML-SLD"
                },
                "meta": {
                  "name": "Business_Dropdown"
                },
                "position": {
                  "basis": "50%"
                },
                "propConfig": {
                  "props.options": {
                    "binding": {
                      "config": {
                        "path": "session.custom.CP_User_Management.BG_DD_DS"
                      },
                      "type": "property"
                    }
                  },
                  "props.value": {
                    "binding": {
                      "config": {
                        "expression": "if(\r\n  len({this.props.options}) \u003e 0,\r\n  {this.props.options[0].value},\r\n  \"\"\r\n)\r\n"
                      },
                      "type": "expr"
                    },
                    "onChange": {
                      "enabled": null,
                      "script": "\t\t\n    options \u003d self.props.options\n    val \u003d self.props.value\n    labelText \u003d \"\"\n    for option in options:\n        if option[\u0027value\u0027] \u003d\u003d val:\n            labelText \u003d option[\u0027label\u0027]\n            break\n    self.custom.Business_name \u003d labelText"
                    }
                  }
                },
                "props": {
                  "dropdownOptionStyle": {
                    "borderBottomLeftRadius": 15,
                    "borderBottomRightRadius": 15,
                    "borderStyle": "groove",
                    "borderTopLeftRadius": 15,
                    "borderTopRightRadius": 15,
                    "color": "#000000",
                    "fontFamily": "Arial",
                    "fontSize": "0.6dvw",
                    "fontWeight": "bolder",
                    "marginBottom": 1.6,
                    "marginTop": 1.6,
                    "paddingLeft": 2,
                    "textAlign": "center"
                  },
                  "placeholder": {
                    "color": "#000000",
                    "icon": {
                      "color": "#000000",
                      "style": {
                        "color": "#2B2B2B",
                        "textAlign": "center"
                      }
                    }
                  },
                  "style": {
                    "borderBottomRightRadius": 15,
                    "borderStyle": "groove",
                    "borderTopRightRadius": 15,
                    "color": "#000000",
                    "fontFamily": "Arial",
                    "fontSize": "0.8dvw",
                    "fontWeight": "bolder",
                    "marginBottom": 1.6,
                    "marginLeft": 1,
                    "marginRight": 5,
                    "marginTop": 1.6,
                    "textAlign": "center"
                  }
                },
                "type": "ia.input.dropdown"
              }
            ],
            "meta": {
              "name": "BusinessContainer"
            },
            "position": {
              "basis": "15%"
            },
            "props": {
              "style": {
                "marginBottom": 10,
                "marginLeft": 2.5,
                "marginRight": 2.5
              }
            },
            "type": "ia.container.flex"
          },
          {
            "children": [
              {
                "meta": {
                  "name": "Plant_Label"
                },
                "position": {
                  "basis": "50%"
                },
                "props": {
                  "style": {
                    "backgroundColor": "#000080",
                    "borderBottomLeftRadius": 15,
                    "borderStyle": "groove",
                    "borderTopLeftRadius": 15,
                    "color": "#FFFFFF",
                    "fontFamily": "Arial",
                    "fontSize": "0.7dvw",
                    "fontWeight": "bolder",
                    "marginRight": 1,
                    "textAlign": "center"
                  },
                  "text": "Plant",
                  "textStyle": {
                    "fontSize": "1dvw"
                  }
                },
                "type": "ia.display.label"
              },
              {
                "meta": {
                  "name": "Line_Dropdown"
                },
                "position": {
                  "basis": "50%"
                },
                "propConfig": {
                  "props.options": {
                    "binding": {
                      "config": {
                        "path": ".../BusinessContainer/Business_Dropdown.props.value"
                      },
                      "transforms": [
                        {
                          "code": "\t\treturn  Common_Portal.User.Plant_DD_DS(value, self.session.custom.CP_User_Management.Roles)",
                          "type": "script"
                        }
                      ],
                      "type": "property"
                    }
                  },
                  "props.value": {
                    "binding": {
                      "config": {
                        "expression": "if(\r\n  len({this.props.options}) \u003e 0,\r\n  {this.props.options[0].value},\r\n  \"\"\r\n)\r\n"
                      },
                      "type": "expr"
                    },
                    "onChange": {
                      "enabled": null,
                      "script": "\t\t\n    options \u003d self.props.options\n    val \u003d self.props.value\n    labelText \u003d \"\"\n    for option in options:\n        if option[\u0027value\u0027] \u003d\u003d val:\n            labelText \u003d option[\u0027label\u0027]\n            break\n    self.parent.custom.plant_name \u003d labelText"
                    }
                  }
                },
                "props": {
                  "dropdownOptionStyle": {
                    "borderBottomLeftRadius": 15,
                    "borderBottomRightRadius": 15,
                    "borderStyle": "groove",
                    "borderTopLeftRadius": 15,
                    "borderTopRightRadius": 15,
                    "color": "#000000",
                    "fontFamily": "Arial",
                    "fontSize": "0.6dvw",
                    "fontWeight": "bolder",
                    "marginBottom": 1.6,
                    "marginTop": 1.6,
                    "paddingLeft": 2,
                    "textAlign": "center"
                  },
                  "placeholder": {
                    "color": "#000000",
                    "icon": {
                      "color": "#000000",
                      "style": {
                        "color": "#2B2B2B",
                        "textAlign": "center"
                      }
                    }
                  },
                  "style": {
                    "borderBottomRightRadius": 15,
                    "borderStyle": "groove",
                    "borderTopRightRadius": 15,
                    "color": "#000000",
                    "fontFamily": "Arial",
                    "fontSize": "0.8dvw",
                    "fontWeight": "bolder",
                    "marginBottom": 1.6,
                    "marginLeft": 1,
                    "marginRight": 5,
                    "marginTop": 1.6,
                    "textAlign": "center"
                  }
                },
                "type": "ia.input.dropdown"
              }
            ],
            "custom": {
              "plant_name": ""
            },
            "meta": {
              "name": "PlantContainer"
            },
            "position": {
              "basis": "14.1%"
            },
            "props": {
              "style": {
                "marginBottom": 10,
                "marginLeft": 2.5,
                "marginRight": 2.5
              }
            },
            "type": "ia.container.flex"
          },
          {
            "children": [
              {
                "meta": {
                  "name": "Line_Label"
                },
                "position": {
                  "basis": "50%",
                  "shrink": 0
                },
                "props": {
                  "style": {
                    "backgroundColor": "#000080",
                    "borderBottomLeftRadius": 15,
                    "borderStyle": "groove",
                    "borderTopLeftRadius": 15,
                    "color": "#FFFFFF",
                    "fontFamily": "Arial",
                    "fontSize": "0.7dvw",
                    "fontWeight": "bolder",
                    "marginRight": 1,
                    "textAlign": "center"
                  },
                  "text": "Area",
                  "textStyle": {
                    "fontSize": "1dvw"
                  }
                },
                "type": "ia.display.label"
              },
              {
                "custom": {
                  "line_name": ""
                },
                "meta": {
                  "name": "Line_Dropdown_1"
                },
                "position": {
                  "basis": "50%"
                },
                "propConfig": {
                  "props.options": {
                    "binding": {
                      "config": {
                        "parameters": {
                          "business": "{.../BusinessContainer/Business_Dropdown.props.value}",
                          "plant": "{.../PlantContainer/Line_Dropdown.props.value}"
                        },
                        "queryPath": "EMS/EMS_Master/Line_Name"
                      },
                      "type": "query"
                    }
                  },
                  "props.value": {
                    "binding": {
                      "config": {
                        "expression": "if(\r\n  len({this.props.options}) \u003e 0,\r\n  {this.props.options}[0, \"ID\"],\r\n  \"\"\r\n)\r\n"
                      },
                      "type": "expr"
                    },
                    "onChange": {
                      "enabled": null,
                      "script": "\toptionsDataset \u003d self.props.options\n\toptions \u003d system.dataset.toPyDataSet(optionsDataset)\n\t\n\tval \u003d self.props.value\n\tlabelText \u003d \"\"\n\t\n\tfor row in options:\n\t    if str(row[\u0027ID\u0027]) \u003d\u003d str(val):  # Compare with \u0027ID\u0027 column\n\t        labelText \u003d row[\u0027Value\u0027]    # Fetch \u0027Value\u0027 as label\n\t        break\n\t\n\tself.custom.line_name \u003d labelText"
                    }
                  }
                },
                "props": {
                  "dropdownOptionStyle": {
                    "borderBottomLeftRadius": 15,
                    "borderBottomRightRadius": 15,
                    "borderStyle": "groove",
                    "borderTopLeftRadius": 15,
                    "borderTopRightRadius": 15,
                    "color": "#000000",
                    "fontFamily": "Arial",
                    "fontSize": "0.6dvw",
                    "fontWeight": "bolder",
                    "marginBottom": 1.6,
                    "marginTop": 1.6,
                    "paddingLeft": 2,
                    "textAlign": "center"
                  },
                  "placeholder": {
                    "color": "#000000",
                    "icon": {
                      "color": "#000000",
                      "style": {
                        "color": "#2B2B2B",
                        "textAlign": "center"
                      }
                    }
                  },
                  "style": {
                    "borderBottomRightRadius": 15,
                    "borderStyle": "groove",
                    "borderTopRightRadius": 15,
                    "color": "#000000",
                    "fontFamily": "Arial",
                    "fontSize": "0.8dvw",
                    "fontWeight": "bolder",
                    "marginBottom": 1.6,
                    "marginLeft": 1,
                    "marginRight": 5,
                    "marginTop": 1.6,
                    "textAlign": "center"
                  }
                },
                "type": "ia.input.dropdown"
              }
            ],
            "meta": {
              "name": "LineContainer"
            },
            "position": {
              "basis": "16.2%"
            },
            "props": {
              "style": {
                "marginBottom": 10,
                "marginLeft": 2.5,
                "marginRight": 2.5
              }
            },
            "type": "ia.container.flex"
          },
          {
            "children": [
              {
                "meta": {
                  "name": "Machine_Label"
                },
                "position": {
                  "basis": "50%"
                },
                "props": {
                  "style": {
                    "backgroundColor": "#000080",
                    "borderBottomLeftRadius": 15,
                    "borderStyle": "groove",
                    "borderTopLeftRadius": 15,
                    "color": "#FFFFFF",
                    "fontFamily": "Arial",
                    "fontSize": "0.7dvw",
                    "fontWeight": "bolder",
                    "marginRight": 1,
                    "textAlign": "center"
                  },
                  "text": "EnergyMeter",
                  "textStyle": {
                    "fontSize": "1dvw"
                  }
                },
                "type": "ia.display.label"
              },
              {
                "custom": {
                  "Machine_Name": ""
                },
                "meta": {
                  "name": "Machine_Dropdown"
                },
                "position": {
                  "basis": "50%"
                },
                "propConfig": {
                  "props.options": {
                    "binding": {
                      "config": {
                        "parameters": {
                          "business": "{.../BusinessContainer/Business_Dropdown.props.value}",
                          "ll": "{.../LineContainer/Line_Dropdown_1.props.value}",
                          "plant": "{.../PlantContainer/Line_Dropdown.props.value}"
                        },
                        "polling": {
                          "enabled": true,
                          "rate": "30"
                        },
                        "queryPath": "EMS/EMS_Master/Machine_Name"
                      },
                      "type": "query"
                    }
                  },
                  "props.value": {
                    "binding": {
                      "config": {
                        "expression": "if(\r\n  len({this.props.options}) \u003e 0,\r\n  {this.props.options}[0, \"ID\"],\r\n  \"\"\r\n)\r\n"
                      },
                      "type": "expr"
                    },
                    "onChange": {
                      "enabled": null,
                      "script": "\t\toptionsDataset \u003d self.props.options\n\t\toptions \u003d system.dataset.toPyDataSet(optionsDataset)\n\t\t\n\t\tval \u003d self.props.value\n\t\tlabelText \u003d \"\"\n\t\t\n\t\tfor row in options:\n\t\t    if str(row[\u0027ID\u0027]) \u003d\u003d str(val):  # Compare with \u0027ID\u0027 column\n\t\t        labelText \u003d row[\u0027Value\u0027]    # Fetch \u0027Value\u0027 as label\n\t\t        break\n\t\t\n\t\tself.custom.Machine_Name \u003d labelText"
                    }
                  }
                },
                "props": {
                  "dropdownOptionStyle": {
                    "borderBottomLeftRadius": 15,
                    "borderBottomRightRadius": 15,
                    "borderStyle": "groove",
                    "borderTopLeftRadius": 15,
                    "borderTopRightRadius": 15,
                    "color": "#000000",
                    "fontFamily": "Arial",
                    "fontSize": "0.6dvw",
                    "fontWeight": "bolder",
                    "marginBottom": 1.6,
                    "marginTop": 1.6,
                    "paddingLeft": 2,
                    "textAlign": "center"
                  },
                  "placeholder": {
                    "color": "#000000",
                    "icon": {
                      "color": "#FFFFFF"
                    }
                  },
                  "style": {
                    "borderBottomRightRadius": 15,
                    "borderStyle": "groove",
                    "borderTopRightRadius": 15,
                    "color": "#000000",
                    "fontFamily": "Arial",
                    "fontSize": "0.8dvw",
                    "fontWeight": "bolder",
                    "marginBottom": 1.6,
                    "marginLeft": 1,
                    "marginRight": 5,
                    "marginTop": 1.6,
                    "textAlign": "center"
                  }
                },
                "type": "ia.input.dropdown"
              }
            ],
            "meta": {
              "name": "MachineContainer"
            },
            "position": {
              "basis": "20%"
            },
            "props": {
              "style": {
                "marginBottom": 10,
                "marginLeft": 2.5,
                "marginRight": 2.5
              }
            },
            "type": "ia.container.flex"
          },
          {
            "children": [
              {
                "meta": {
                  "name": "Date_Label"
                },
                "position": {
                  "basis": "50%",
                  "grow": 1
                },
                "props": {
                  "style": {
                    "backgroundColor": "#000080",
                    "borderBottomLeftRadius": 15,
                    "borderStyle": "groove",
                    "borderTopLeftRadius": 15,
                    "color": "#FFFFFF",
                    "fontFamily": "Arial",
                    "fontSize": "0.7dvw",
                    "fontWeight": "bolder",
                    "marginRight": 1,
                    "textAlign": "center"
                  },
                  "text": "Start Date"
                },
                "type": "ia.display.label"
              },
              {
                "meta": {
                  "name": "DateTimeInput"
                },
                "position": {
                  "basis": "50%",
                  "grow": 1
                },
                "propConfig": {
                  "props.minDate": {
                    "binding": {
                      "config": {
                        "expression": "dateArithmetic({.../Date_Container_0/DateTimeInput.props.maxDate},-92,\"days\")"
                      },
                      "type": "expr"
                    }
                  },
                  "props.value": {
                    "binding": {
                      "config": {
                        "expression": "dateArithmetic({.../Date_Container_0/DateTimeInput.props.value},-5,\"days\")"
                      },
                      "type": "expr"
                    }
                  }
                },
                "props": {
                  "format": "yyyy-MM-DD",
                  "formattedValue": "2025-09-10",
                  "inputProps": {
                    "style": {
                      "borderBottomRightRadius": 25,
                      "borderStyle": "groove",
                      "borderTopRightRadius": 25,
                      "color": "#000000",
                      "fontFamily": "Arial",
                      "fontSize": "0.8dvw",
                      "fontWeight": "bolder",
                      "marginBottom": 1,
                      "marginLeft": 1,
                      "marginRight": 5,
                      "marginTop": 1,
                      "textAlign": "center"
                    }
                  },
                  "maxDate": {
                    "$": [
                      "ts",
                      192,
                      1757595419625
                    ],
                    "$ts": 1757595419623
                  },
                  "pickerType": "date",
                  "style": {
                    "fontFamily": "Arial",
                    "fontSize": "1dvw",
                    "fontWeight": "bold",
                    "marginBottom": 3,
                    "marginTop": 0.3,
                    "textAlign": "center"
                  }
                },
                "type": "ia.input.date-time-input"
              }
            ],
            "meta": {
              "name": "Date_Container"
            },
            "position": {
              "basis": "16.5%"
            },
            "props": {
              "style": {
                "marginBottom": 10,
                "marginLeft": 2.5,
                "marginRight": 2.5
              }
            },
            "type": "ia.container.flex"
          },
          {
            "children": [
              {
                "meta": {
                  "name": "Date_Label"
                },
                "position": {
                  "basis": "50%",
                  "grow": 1
                },
                "props": {
                  "style": {
                    "backgroundColor": "#000080",
                    "borderBottomLeftRadius": 15,
                    "borderStyle": "groove",
                    "borderTopLeftRadius": 15,
                    "color": "#FFFFFF",
                    "fontFamily": "Arial",
                    "fontSize": "0.7dvw",
                    "fontWeight": "bolder",
                    "marginRight": 1,
                    "textAlign": "center"
                  },
                  "text": "End Date"
                },
                "type": "ia.display.label"
              },
              {
                "meta": {
                  "name": "DateTimeInput"
                },
                "position": {
                  "basis": "50%",
                  "grow": 1
                },
                "propConfig": {
                  "props.maxDate": {
                    "binding": {
                      "config": {
                        "expression": "toDate(\r\n  min(\r\n    dateArithmetic({.../Date_Container/DateTimeInput.props.value}, 7, \"days\"),\r\n    {[default]EMS/EMS/PresentDay}\r\n  )\r\n)\r\n"
                      },
                      "type": "expr"
                    }
                  },
                  "props.minDate": {
                    "binding": {
                      "config": {
                        "expression": "{.../Date_Container/DateTimeInput.props.value}"
                      },
                      "type": "expr"
                    }
                  },
                  "props.value": {
                    "binding": {
                      "config": {
                        "fallbackDelay": 2.5,
                        "mode": "direct",
                        "tagPath": "[default]EMS/EMS/PresentDay"
                      },
                      "type": "tag"
                    }
                  }
                },
                "props": {
                  "format": "yyyy-MM-DD",
                  "formattedValue": "2025-09-15",
                  "inputProps": {
                    "style": {
                      "borderBottomRightRadius": 25,
                      "borderStyle": "groove",
                      "borderTopRightRadius": 25,
                      "color": "#000000",
                      "fontFamily": "Arial",
                      "fontSize": "0.8dvw",
                      "fontWeight": "bolder",
                      "marginBottom": 1,
                      "marginLeft": 1,
                      "marginRight": 5,
                      "marginTop": 1,
                      "textAlign": "center"
                    }
                  },
                  "pickerType": "date",
                  "style": {
                    "fontFamily": "Arial",
                    "fontSize": "1dvw",
                    "fontWeight": "bold",
                    "marginBottom": 3,
                    "marginTop": 0.3,
                    "textAlign": "center"
                  }
                },
                "type": "ia.input.date-time-input"
              }
            ],
            "meta": {
              "name": "Date_Container_0"
            },
            "position": {
              "basis": "16.7%"
            },
            "props": {
              "style": {
                "marginBottom": 10,
                "marginLeft": 2.5,
                "marginRight": 2.5
              }
            },
            "type": "ia.container.flex"
          },
          {
            "events": {
              "component": {
                "onActionPerformed": {
                  "config": {
                    "script": "\tself.runDataLoad() "
                  },
                  "scope": "G",
                  "type": "script"
                }
              }
            },
            "meta": {
              "name": "Checkbox"
            },
            "position": {
              "basis": "2%",
              "grow": 1
            },
            "propConfig": {
              "props.selected": {
                "onChange": {
                  "enabled": null,
                  "script": "\tif currentValue.value \u003d\u003d bool(1):\n\t\tself.parent.getChild(\"BusinessContainer\").getChild(\"Business_Dropdown\").props.enabled\u003d bool(0)\n\t\tself.parent.getChild(\"PlantContainer\").getChild(\"Line_Dropdown\").props.enabled\u003d bool(0)\n\t\tself.parent.getChild(\"LineContainer\").getChild(\"Line_Dropdown_1\").props.enabled \u003d bool(0)\n\t\tself.parent.getChild(\"MachineContainer\").getChild(\"Machine_Dropdown\").props.enabled\u003d bool(0)\n\t\tself.parent.getChild(\"Date_Container\").getChild(\"DateTimeInput\").props.enabled\u003d bool(0)\n\t\tself.parent.getChild(\"Date_Container_0\").getChild(\"DateTimeInput\").props.enabled\u003d bool(0)\n\telse:\n\t\tself.parent.getChild(\"BusinessContainer\").getChild(\"Business_Dropdown\").props.enabled\u003d bool(1)\n\t\tself.parent.getChild(\"PlantContainer\").getChild(\"Line_Dropdown\").props.enabled\u003d bool(1)\n\t\tself.parent.getChild(\"LineContainer\").getChild(\"Line_Dropdown_1\").props.enabled \u003d bool(1)\n\t\tself.parent.getChild(\"MachineContainer\").getChild(\"Machine_Dropdown\").props.enabled\u003d bool(1)\n\t\tself.parent.getChild(\"Date_Container\").getChild(\"DateTimeInput\").props.enabled\u003d bool(1)\n\t\tself.parent.getChild(\"Date_Container_0\").getChild(\"DateTimeInput\").props.enabled\u003d bool(1)"
                }
              }
            },
            "props": {
              "checkedIcon": {
                "color": {
                  "enabled": "#FF0000"
                },
                "path": "material/lock",
                "style": {
                  "fontFamily": "Arial",
                  "fontSize": "1dvw",
                  "fontWeight": "bold"
                }
              },
              "indeterminateIcon": {
                "style": {
                  "fontFamily": "Arial",
                  "fontSize": "1dvw",
                  "fontWeight": "bold"
                }
              },
              "style": {
                "fontFamily": "Arial",
                "fontSize": "1dvw",
                "fontWeight": "bolder"
              },
              "text": "",
              "uncheckedIcon": {
                "color": {
                  "enabled": "#00FF00"
                },
                "path": "material/lock_open",
                "style": {
                  "fontFamily": "Arial",
                  "fontSize": "1dvw",
                  "fontWeight": "bold"
                }
              }
            },
            "scripts": {
              "customMethods": [
                {
                  "name": "runDataLoad",
                  "params": [],
                  "script": "\tbusiness \u003dself.parent.getChild(\"BusinessContainer\").getChild(\"Business_Dropdown\").props.value\n\tplant \u003dself.parent.getChild(\"PlantContainer\").getChild(\"Line_Dropdown\").props.value\n\tline \u003dself.parent.getChild(\"LineContainer\").getChild(\"Line_Dropdown_1\").props.value\n\tmachine \u003d self.parent.getChild(\"MachineContainer\").getChild(\"Machine_Dropdown\").props.value\n\tstart_date \u003dself.parent.getChild(\"Date_Container\").getChild(\"DateTimeInput\").props.formattedValue\n\tend_date \u003d self.parent.getChild(\"Date_Container_0\").getChild(\"DateTimeInput\").props.formattedValue\n\t\n\t# 💡 Prevent running if values are not yet ready\n\tif business is None or plant is None or line is None or machine is None or start_date is None or end_date is None:\n\t\treturn\n\t\n\t# Assign to custom\n\tself.view.custom.selectedBusiness\u003d business\n\tself.view.custom.selectedPlant \u003d plant\n\tself.view.custom.selectedArea \u003d line\n\tself.view.custom.selectedEM \u003d machine\n\tself.view.custom.selectedDate \u003d start_date\n\tself.view.custom.selectedEndDate \u003d end_date\n\t\n\t# Mark done\n\tself.view.getChild(\"root\").custom.isFirstLoad \u003d False"
                }
              ],
              "extensionFunctions": null,
              "messageHandlers": []
            },
            "type": "ia.input.checkbox"
          }
        ],
        "meta": {
          "name": "FlexContainer"
        },
        "type": "ia.container.flex"
      },
      {
        "children": [
          {
            "children": [
              {
                "meta": {
                  "name": "ReportViewer"
                },
                "position": {
                  "basis": "100%"
                },
                "propConfig": {
                  "props.params.Machine_Name": {
                    "binding": {
                      "config": {
                        "path": "..../FlexContainer/MachineContainer/Machine_Dropdown.custom.Machine_Name"
                      },
                      "type": "property"
                    }
                  },
                  "props.params.bg": {
                    "binding": {
                      "config": {
                        "path": "view.custom.selectedBusiness"
                      },
                      "type": "property"
                    }
                  },
                  "props.params.business_name": {
                    "binding": {
                      "config": {
                        "path": "..../FlexContainer/BusinessContainer/Business_Dropdown.custom.Business_name"
                      },
                      "type": "property"
                    }
                  },
                  "props.params.dd": {
                    "binding": {
                      "config": {
                        "path": "view.custom.selectedDate"
                      },
                      "type": "property"
                    }
                  },
                  "props.params.dd1": {
                    "binding": {
                      "config": {
                        "path": "view.custom.selectedEndDate"
                      },
                      "type": "property"
                    }
                  },
                  "props.params.line_name": {
                    "binding": {
                      "config": {
                        "path": "..../FlexContainer/LineContainer/Line_Dropdown_1.custom.line_name"
                      },
                      "type": "property"
                    }
                  },
                  "props.params.ll": {
                    "binding": {
                      "config": {
                        "path": "view.custom.selectedArea"
                      },
                      "type": "property"
                    }
                  },
                  "props.params.ma": {
                    "binding": {
                      "config": {
                        "path": "view.custom.selectedEM"
                      },
                      "type": "property"
                    }
                  },
                  "props.params.pl": {
                    "binding": {
                      "config": {
                        "path": "view.custom.selectedPlant"
                      },
                      "type": "property"
                    }
                  },
                  "props.params.plant_name": {
                    "binding": {
                      "config": {
                        "path": "..../FlexContainer/PlantContainer.custom.plant_name"
                      },
                      "type": "property"
                    }
                  }
                },
                "props": {
                  "page": 1,
                  "pageCount": 1,
                  "source": "EMS/Voltage_Trend",
                  "zoomLevel": 75
                },
                "type": "ia.reporting.report-viewer"
              }
            ],
            "meta": {
              "name": "FlexContainer"
            },
            "props": {
              "direction": "column",
              "justify": "space-between"
            },
            "type": "ia.container.flex"
          },
          {
            "children": [
              {
                "meta": {
                  "name": "ReportViewer"
                },
                "position": {
                  "basis": "100%"
                },
                "propConfig": {
                  "props.params.Machine_Name": {
                    "binding": {
                      "config": {
                        "path": "..../FlexContainer/MachineContainer/Machine_Dropdown.custom.Machine_Name"
                      },
                      "type": "property"
                    }
                  },
                  "props.params.bg": {
                    "binding": {
                      "config": {
                        "path": "view.custom.selectedBusiness"
                      },
                      "type": "property"
                    }
                  },
                  "props.params.business_name": {
                    "binding": {
                      "config": {
                        "path": "..../FlexContainer/BusinessContainer/Business_Dropdown.custom.Business_name"
                      },
                      "type": "property"
                    }
                  },
                  "props.params.dd": {
                    "binding": {
                      "config": {
                        "path": "view.custom.selectedDate"
                      },
                      "type": "property"
                    }
                  },
                  "props.params.dd1": {
                    "binding": {
                      "config": {
                        "path": "view.custom.selectedEndDate"
                      },
                      "type": "property"
                    }
                  },
                  "props.params.line_name": {
                    "binding": {
                      "config": {
                        "path": "..../FlexContainer/LineContainer/Line_Dropdown_1.custom.line_name"
                      },
                      "type": "property"
                    }
                  },
                  "props.params.ll": {
                    "binding": {
                      "config": {
                        "path": "view.custom.selectedArea"
                      },
                      "type": "property"
                    }
                  },
                  "props.params.ma": {
                    "binding": {
                      "config": {
                        "path": "view.custom.selectedEM"
                      },
                      "type": "property"
                    }
                  },
                  "props.params.pl": {
                    "binding": {
                      "config": {
                        "path": "view.custom.selectedPlant"
                      },
                      "type": "property"
                    }
                  },
                  "props.params.plant_name": {
                    "binding": {
                      "config": {
                        "path": "..../FlexContainer/PlantContainer.custom.plant_name"
                      },
                      "type": "property"
                    }
                  }
                },
                "props": {
                  "page": 1,
                  "pageCount": 1,
                  "source": "EMS/Current_trend",
                  "zoomLevel": 75
                },
                "type": "ia.reporting.report-viewer"
              }
            ],
            "meta": {
              "name": "FlexContainer_0"
            },
            "position": {
              "tabIndex": 1
            },
            "props": {
              "direction": "column",
              "justify": "center"
            },
            "type": "ia.container.flex"
          },
          {
            "children": [
              {
                "meta": {
                  "name": "ReportViewer"
                },
                "position": {
                  "basis": "832.6px"
                },
                "propConfig": {
                  "props.params.Machine_Name": {
                    "binding": {
                      "config": {
                        "path": "..../FlexContainer/MachineContainer/Machine_Dropdown.custom.Machine_Name"
                      },
                      "type": "property"
                    }
                  },
                  "props.params.bg": {
                    "binding": {
                      "config": {
                        "path": "view.custom.selectedBusiness"
                      },
                      "type": "property"
                    }
                  },
                  "props.params.business_name": {
                    "binding": {
                      "config": {
                        "path": "..../FlexContainer/BusinessContainer/Business_Dropdown.custom.Business_name"
                      },
                      "type": "property"
                    }
                  },
                  "props.params.dd": {
                    "binding": {
                      "config": {
                        "path": "view.custom.selectedDate"
                      },
                      "type": "property"
                    }
                  },
                  "props.params.dd1": {
                    "binding": {
                      "config": {
                        "path": "view.custom.selectedEndDate"
                      },
                      "type": "property"
                    }
                  },
                  "props.params.line_name": {
                    "binding": {
                      "config": {
                        "path": "..../FlexContainer/LineContainer/Line_Dropdown_1.custom.line_name"
                      },
                      "type": "property"
                    }
                  },
                  "props.params.ll": {
                    "binding": {
                      "config": {
                        "path": "view.custom.selectedArea"
                      },
                      "type": "property"
                    }
                  },
                  "props.params.ma": {
                    "binding": {
                      "config": {
                        "path": "view.custom.selectedEM"
                      },
                      "type": "property"
                    }
                  },
                  "props.params.pl": {
                    "binding": {
                      "config": {
                        "path": "view.custom.selectedPlant"
                      },
                      "type": "property"
                    }
                  },
                  "props.params.plant_name": {
                    "binding": {
                      "config": {
                        "path": "..../FlexContainer/PlantContainer.custom.plant_name"
                      },
                      "type": "property"
                    }
                  }
                },
                "props": {
                  "page": 1,
                  "pageCount": 1,
                  "source": "EMS/PF_trend (1)",
                  "zoomLevel": 75
                },
                "type": "ia.reporting.report-viewer"
              }
            ],
            "meta": {
              "name": "FlexContainer_1"
            },
            "position": {
              "tabIndex": 2
            },
            "props": {
              "direction": "column",
              "justify": "space-between"
            },
            "type": "ia.container.flex"
          },
          {
            "children": [
              {
                "meta": {
                  "name": "ReportViewer"
                },
                "position": {
                  "basis": "826px"
                },
                "propConfig": {
                  "props.params.Machine_Name": {
                    "binding": {
                      "config": {
                        "path": "..../FlexContainer/MachineContainer/Machine_Dropdown.custom.Machine_Name"
                      },
                      "type": "property"
                    }
                  },
                  "props.params.bg": {
                    "binding": {
                      "config": {
                        "path": "view.custom.selectedBusiness"
                      },
                      "type": "property"
                    }
                  },
                  "props.params.business_name": {
                    "binding": {
                      "config": {
                        "path": "..../FlexContainer/BusinessContainer/Business_Dropdown.custom.Business_name"
                      },
                      "type": "property"
                    }
                  },
                  "props.params.dd": {
                    "binding": {
                      "config": {
                        "path": "view.custom.selectedDate"
                      },
                      "type": "property"
                    }
                  },
                  "props.params.dd1": {
                    "binding": {
                      "config": {
                        "path": "view.custom.selectedEndDate"
                      },
                      "type": "property"
                    }
                  },
                  "props.params.line_name": {
                    "binding": {
                      "config": {
                        "path": "..../FlexContainer/LineContainer/Line_Dropdown_1.custom.line_name"
                      },
                      "type": "property"
                    }
                  },
                  "props.params.ll": {
                    "binding": {
                      "config": {
                        "path": "view.custom.selectedArea"
                      },
                      "type": "property"
                    }
                  },
                  "props.params.ma": {
                    "binding": {
                      "config": {
                        "path": "view.custom.selectedEM"
                      },
                      "type": "property"
                    }
                  },
                  "props.params.pl": {
                    "binding": {
                      "config": {
                        "path": "view.custom.selectedPlant"
                      },
                      "type": "property"
                    }
                  },
                  "props.params.plant_name": {
                    "binding": {
                      "config": {
                        "path": "..../FlexContainer/PlantContainer.custom.plant_name"
                      },
                      "type": "property"
                    }
                  }
                },
                "props": {
                  "page": 1,
                  "pageCount": 1,
                  "source": "EMS/shift_kWh",
                  "zoomLevel": 75
                },
                "type": "ia.reporting.report-viewer"
              }
            ],
            "meta": {
              "name": "FlexContainer_2"
            },
            "position": {
              "tabIndex": 3
            },
            "props": {
              "direction": "column"
            },
            "type": "ia.container.flex"
          },
          {
            "children": [
              {
                "meta": {
                  "name": "ReportViewer"
                },
                "position": {
                  "basis": "99.5%"
                },
                "propConfig": {
                  "props.params.Machine_Name": {
                    "binding": {
                      "config": {
                        "path": "..../FlexContainer/MachineContainer/Machine_Dropdown.custom.Machine_Name"
                      },
                      "type": "property"
                    }
                  },
                  "props.params.bg": {
                    "binding": {
                      "config": {
                        "path": "view.custom.selectedBusiness"
                      },
                      "type": "property"
                    }
                  },
                  "props.params.business_name": {
                    "binding": {
                      "config": {
                        "path": "..../FlexContainer/BusinessContainer/Business_Dropdown.custom.Business_name"
                      },
                      "type": "property"
                    }
                  },
                  "props.params.dd": {
                    "binding": {
                      "config": {
                        "path": "view.custom.selectedDate"
                      },
                      "type": "property"
                    }
                  },
                  "props.params.dd1": {
                    "binding": {
                      "config": {
                        "path": "view.custom.selectedEndDate"
                      },
                      "type": "property"
                    }
                  },
                  "props.params.line_name": {
                    "binding": {
                      "config": {
                        "path": "..../FlexContainer/LineContainer/Line_Dropdown_1.custom.line_name"
                      },
                      "type": "property"
                    }
                  },
                  "props.params.ll": {
                    "binding": {
                      "config": {
                        "path": "view.custom.selectedArea"
                      },
                      "type": "property"
                    }
                  },
                  "props.params.ma": {
                    "binding": {
                      "config": {
                        "path": "view.custom.selectedEM"
                      },
                      "type": "property"
                    }
                  },
                  "props.params.pl": {
                    "binding": {
                      "config": {
                        "path": "view.custom.selectedPlant"
                      },
                      "type": "property"
                    }
                  },
                  "props.params.plant_name": {
                    "binding": {
                      "config": {
                        "path": "..../FlexContainer/PlantContainer.custom.plant_name"
                      },
                      "type": "property"
                    }
                  }
                },
                "props": {
                  "page": 1,
                  "pageCount": 1,
                  "source": "EMS/Day_kwh",
                  "zoomLevel": 75
                },
                "type": "ia.reporting.report-viewer"
              }
            ],
            "meta": {
              "name": "FlexContainer_3"
            },
            "position": {
              "tabIndex": 4
            },
            "props": {
              "direction": "column"
            },
            "type": "ia.container.flex"
          },
          {
            "children": [
              {
                "meta": {
                  "name": "ReportViewer"
                },
                "position": {
                  "basis": "100%"
                },
                "propConfig": {
                  "props.params.Machine_Name": {
                    "binding": {
                      "config": {
                        "path": "..../FlexContainer/MachineContainer/Machine_Dropdown.custom.Machine_Name"
                      },
                      "type": "property"
                    }
                  },
                  "props.params.bg": {
                    "binding": {
                      "config": {
                        "path": "view.custom.selectedBusiness"
                      },
                      "type": "property"
                    }
                  },
                  "props.params.business_name": {
                    "binding": {
                      "config": {
                        "path": "..../FlexContainer/BusinessContainer/Business_Dropdown.custom.Business_name"
                      },
                      "type": "property"
                    }
                  },
                  "props.params.dd": {
                    "binding": {
                      "config": {
                        "path": "view.custom.selectedDate"
                      },
                      "type": "property"
                    }
                  },
                  "props.params.dd1": {
                    "binding": {
                      "config": {
                        "path": "view.custom.selectedEndDate"
                      },
                      "type": "property"
                    }
                  },
                  "props.params.line_name": {
                    "binding": {
                      "config": {
                        "path": "..../FlexContainer/LineContainer/Line_Dropdown_1.custom.line_name"
                      },
                      "type": "property"
                    }
                  },
                  "props.params.ll": {
                    "binding": {
                      "config": {
                        "path": "view.custom.selectedArea"
                      },
                      "type": "property"
                    }
                  },
                  "props.params.ma": {
                    "binding": {
                      "config": {
                        "path": "view.custom.selectedEM"
                      },
                      "type": "property"
                    }
                  },
                  "props.params.pl": {
                    "binding": {
                      "config": {
                        "path": "view.custom.selectedPlant"
                      },
                      "type": "property"
                    }
                  },
                  "props.params.plant_name": {
                    "binding": {
                      "config": {
                        "path": "..../FlexContainer/PlantContainer.custom.plant_name"
                      },
                      "type": "property"
                    }
                  }
                },
                "props": {
                  "page": 1,
                  "pageCount": 6,
                  "source": "EMS/Overall table",
                  "zoomLevel": 75
                },
                "type": "ia.reporting.report-viewer"
              }
            ],
            "meta": {
              "name": "FlexContainer_4"
            },
            "position": {
              "tabIndex": 5
            },
            "props": {
              "direction": "column"
            },
            "type": "ia.container.flex"
          }
        ],
        "meta": {
          "name": "TabContainer"
        },
        "position": {
          "basis": "100%"
        },
        "props": {
          "style": {
            "backgroundColor": "#D5D5D5"
          },
          "tabSize": {
            "width": 1200
          },
          "tabStyle": {
            "active": {
              "backgroundColor": "#000080",
              "color": "#FFFFFF",
              "fontFamily": "Arial",
              "fontWeight": "bold",
              "textAlign": "center"
            },
            "inactive": {
              "backgroundColor": "#000080",
              "color": "#D5D5D5"
            }
          },
          "tabs": [
            "Voltage",
            "Current",
            "Powerfactor",
            "Shift Energy",
            "Day Energy",
            "Overall"
          ]
        },
        "type": "ia.container.tab"
      }
    ],
    "custom": {
      "isFirstLoad": true
    },
    "meta": {
      "name": "root"
    },
    "props": {
      "direction": "column"
    },
    "type": "ia.container.flex"
  }
}