{
  "custom": {
    "Selected_business": 3000
  },
  "params": {
    "Business": 2000
  },
  "propConfig": {
    "custom.Selected_business": {
      "persistent": true
    },
    "params.Business": {
      "onChange": {
        "enabled": null,
        "script": "\tif currentValue.value !\u003d \"\":\n\t\tself.getChild(\"root\").getChild(\"HeaderContainer\").getChild(\"Dropdown\").props.value\u003d currentValue.value"
      },
      "paramDirection": "input",
      "persistent": true
    }
  },
  "props": {
    "defaultSize": {
      "width": 1694
    }
  },
  "root": {
    "children": [
      {
        "children": [
          {
            "meta": {
              "name": "Title"
            },
            "position": {
              "basis": "20%"
            },
            "props": {
              "style": {
                "backgroundColor": "#555555",
                "borderStyle": "solid",
                "color": "#FFFFFF",
                "fontFamily": "Arial",
                "fontSize": "1dvw",
                "fontWeight": "bolder",
                "textAlign": "center"
              },
              "text": "PLANT OVERVIEW"
            },
            "type": "ia.display.label"
          },
          {
            "meta": {
              "name": "Dropdown"
            },
            "position": {
              "basis": "10%"
            },
            "propConfig": {
              "props.options": {
                "binding": {
                  "config": {
                    "path": "session.custom.CP_User_Management.BG_DD_DS"
                  },
                  "type": "property"
                }
              },
              "props.value": {
                "binding": {
                  "config": {
                    "expression": "if(\r\n  len({this.props.options}) \u003e 0,\r\n  {this.props.options[0].value},\r\n  coalesce(\r\n    {view.params.Business}\r\n    \r\n  )\r\n)"
                  },
                  "type": "expr"
                }
              }
            },
            "props": {
              "style": {
                "borderBottomRightRadius": 15,
                "borderColor": "#000000",
                "borderStyle": "groove",
                "borderTopRightRadius": 15,
                "color": "#000000",
                "fontFamily": "Arial",
                "fontSize": "1dvw",
                "fontWeight": "bold",
                "marginBottom": 1.6,
                "marginLeft": 1,
                "marginRight": 5,
                "marginTop": 1.6,
                "textAlign": "center"
              }
            },
            "type": "ia.input.dropdown"
          }
        ],
        "meta": {
          "name": "HeaderContainer"
        },
        "position": {
          "basis": "10%",
          "shrink": 0
        },
        "props": {
          "style": {
            "fontFamily": "Arial",
            "fontSize": "0.8dvw",
            "fontWeight": "bolder",
            "gap": 8
          }
        },
        "type": "ia.container.flex"
      },
      {
        "children": [
          {
            "meta": {
              "name": "FlexRepeater"
            },
            "position": {
              "basis": "100%",
              "shrink": 0
            },
            "propConfig": {
              "props.instances": {
                "binding": {
                  "config": {
                    "path": ".../HeaderContainer/Dropdown.props.value"
                  },
                  "transforms": [
                    {
                      "code": "\t# Step 1: Get selected Business_ID (e.g., 3000, 2000, 5000, 1000)\n\tdropdown_value \u003d str(value).strip()\n\tfull_data \u003d self.parent.custom.allPlantdata\n\t\n\t# Step 2: Convert to iterable\n\tpy_ds \u003d system.dataset.toPyDataSet(full_data)\n\t\n\t# Step 3: Filter data by selected Business_ID\n\tfiltered \u003d []\n\tfor row in py_ds:\n\t    if str(row[\"Business_ID\"]) \u003d\u003d dropdown_value:\n\t        filtered.append({\n\t            \"Plant_Name\": row[\"Plant_Name\"],\n\t            \"Plant_ID\": row[\"Plant_ID\"]\n\t        })\n\t\n\t# Step 4: Sort plants by their number (e.g., Plant-1, Plant-2, ...)\n\tdef extract_number(name):\n\t    try:\n\t        return int(str(name).split(\"-\")[1])\n\t    except:\n\t        return 999\n\t\n\tfiltered.sort(key\u003dlambda x: extract_number(x[\"Plant_Name\"]))\n\t\n\t# Step 5: Business-specific plant filtering (no padding)\n\tif dropdown_value in [\u00273000\u0027, \u00275000\u0027]:  # RML-BCD or RSSL\n\t    selected_plants \u003d filtered[0:4]  # Plant-1 to Plant-4\n\telif dropdown_value \u003d\u003d \u00272000\u0027:  # RML-ECD\n\t    selected_plants \u003d [p for p in filtered if extract_number(p[\"Plant_Name\"]) in [2, 3, 4, 5, 6]]\n\telif dropdown_value \u003d\u003d \u00271000\u0027:  # RML-SLD\n\t    selected_plants \u003d [p for p in filtered if extract_number(p[\"Plant_Name\"]) in [2, 3, 4, 5]]\n\telse:\n\t    selected_plants \u003d filtered[1:4]  # fallback\n\t\n\t# Step 6: Build flex repeater instances without padding\n\tinstances \u003d []\n\tfor i, plant in enumerate(selected_plants):\n\t    instances.append({\n\t        \"instanceId\": i,\n\t        \"Plant\": plant[\"Plant_Name\"],\n\t        \"Plant_id\": plant[\"Plant_ID\"],\n\t        \"Business\": dropdown_value\n\t    })\n\t\n\treturn instances",
                      "type": "script"
                    }
                  ],
                  "type": "property"
                }
              },
              "props.instances[5].Business": {
                "binding": {
                  "config": {
                    "path": ".../HeaderContainer/Dropdown.props.value"
                  },
                  "type": "property"
                }
              },
              "props.instances[5].Plant": {
                "binding": {
                  "config": {
                    "path": "parent.custom.Plant_name[5].label"
                  },
                  "type": "property"
                }
              }
            },
            "props": {
              "alignContent": "center",
              "alignItems": "center",
              "elementPosition": {
                "grow": 0,
                "shrink": 0
              },
              "justify": "center",
              "loading": {
                "order": "with-parent"
              },
              "path": "OEE/PlantOverview/PlantOverviewTemplate",
              "style": {
                "overflow": "hidden"
              }
            },
            "type": "ia.display.flex-repeater"
          }
        ],
        "meta": {
          "name": "FlexContainer"
        },
        "position": {
          "basis": "90%",
          "shrink": 0
        },
        "propConfig": {
          "custom.allPlantdata": {
            "binding": {
              "config": {
                "fallbackDelay": 2.5,
                "mode": "direct",
                "tagPath": "[default]Common_Portal/User_Managmet/Plant"
              },
              "type": "tag"
            }
          }
        },
        "props": {
          "alignContent": "space-between",
          "alignItems": "center",
          "justify": "center"
        },
        "type": "ia.container.flex"
      }
    ],
    "meta": {
      "name": "root"
    },
    "props": {
      "direction": "column",
      "justify": "center",
      "style": {
        "BackgroundColor": ""
      }
    },
    "type": "ia.container.flex"
  }
}