{
  "custom": {
    "CurrentIndex": 1,
    "Params": [
      null,
      null,
      null,
      null
    ]
  },
  "params": {
    "Business": "value",
    "Current": "value",
    "Energy": "value",
    "Line": "value",
    "Machine": "value",
    "PF": "value",
    "Plant": "value",
    "Voltage": "value"
  },
  "propConfig": {
    "custom.CurrentIndex": {
      "binding": {
        "config": {
          "expression": "floor((getSecond(now())/ 5) % len({view.custom.Params}))"
        },
        "type": "expr"
      },
      "persistent": true
    },
    "custom.Params": {
      "persistent": true
    },
    "custom.Params[0]": {
      "binding": {
        "config": {
          "path": "view.params.Voltage"
        },
        "type": "property"
      }
    },
    "custom.Params[1]": {
      "binding": {
        "config": {
          "path": "view.params.Current"
        },
        "type": "property"
      }
    },
    "custom.Params[2]": {
      "binding": {
        "config": {
          "path": "view.params.PF"
        },
        "type": "property"
      }
    },
    "custom.Params[3]": {
      "binding": {
        "config": {
          "path": "view.params.Energy"
        },
        "type": "property"
      }
    },
    "params.Business": {
      "paramDirection": "input",
      "persistent": true
    },
    "params.Current": {
      "paramDirection": "input",
      "persistent": true
    },
    "params.Energy": {
      "paramDirection": "input",
      "persistent": true
    },
    "params.Line": {
      "paramDirection": "input",
      "persistent": true
    },
    "params.Machine": {
      "paramDirection": "input",
      "persistent": true
    },
    "params.PF": {
      "paramDirection": "input",
      "persistent": true
    },
    "params.Plant": {
      "paramDirection": "input",
      "persistent": true
    },
    "params.Voltage": {
      "paramDirection": "input",
      "persistent": true
    }
  },
  "props": {
    "defaultSize": {
      "height": 77,
      "width": 205
    }
  },
  "root": {
    "children": [
      {
        "children": [
          {
            "meta": {
              "name": "Label"
            },
            "position": {
              "height": 24,
              "rotate": {
                "anchor": "-216% -16%"
              },
              "width": 176,
              "x": 5.5
            },
            "propConfig": {
              "props.text": {
                "binding": {
                  "config": {
                    "path": "view.params.Machine"
                  },
                  "transforms": [
                    {
                      "expression": "if({view.params.Machine} \u003d 1, \u0027Main_Incomer\u0027,\u0027default\u0027)",
                      "type": "expression"
                    }
                  ],
                  "type": "property"
                }
              }
            },
            "props": {
              "textStyle": {
                "borderStyle": "none",
                "color": "#FFFFFF",
                "fontFamily": "Arial",
                "fontSize": "1dvw",
                "fontWeight": "bolder",
                "textAlign": "center"
              }
            },
            "type": "ia.display.label"
          },
          {
            "meta": {
              "name": "Label_0"
            },
            "position": {
              "height": 32,
              "rotate": {
                "anchor": "-216% -16%"
              },
              "width": 154,
              "x": 20,
              "y": 24
            },
            "propConfig": {
              "props.text": {
                "binding": {
                  "config": {
                    "expression": "if({view.custom.CurrentIndex} \u003d 0, \"Voltage: \" + {view.params.Voltage},\r\nif({view.custom.CurrentIndex} \u003d 1, \"Current: \" + {view.params.Current},\r\nif({view.custom.CurrentIndex} \u003d 2, \"Power Factor: \" + {view.params.PF},\r\n\"Energy: \" + {view.params.Energy})))"
                  },
                  "type": "expr"
                }
              }
            },
            "props": {
              "textStyle": {
                "borderStyle": "none",
                "color": "#FFFFFF",
                "fontFamily": "Arial",
                "fontSize": "1dvw",
                "fontWeight": "bolder",
                "textAlign": "center"
              }
            },
            "type": "ia.display.label"
          }
        ],
        "events": {
          "dom": {
            "onClick": {
              "config": {
                "script": "\t\t\t\t# Access the current instance\u0027s data\n\tline \u003d self.view.params.Line # Replace \u0027Line\u0027 with the actual param name\n\tmachine \u003d self.view.params.Machine\n\tbusiness \u003d self.view.params.Business\n\tPlant \u003d self.view.params.Plant# Replace \u0027Machine\u0027 with the actual param name\n\t\n\t# Navigate to the target view and pass the parameters\n\tsystem.perspective.navigate(view\u003d\u0027EMS/Overview/EMS_Overview_SGD\u0027, params\u003d{\u0027ll\u0027: line, \u0027mm\u0027: machine,\u0027business\u0027 : Business, \u0027Plant\u0027: Plant})"
              },
              "scope": "G",
              "type": "script"
            }
          }
        },
        "meta": {
          "name": "CoordinateContainer"
        },
        "position": {
          "height": 1,
          "width": 0.983
        },
        "props": {
          "style": {
            "backgroundColor": "#800000",
            "borderColor": "#335475",
            "borderStyle": "ridge",
            "borderWidth": 8
          }
        },
        "type": "ia.container.coord"
      }
    ],
    "meta": {
      "name": "root"
    },
    "props": {
      "mode": "percent"
    },
    "type": "ia.container.coord"
  }
}