{
  "custom": {},
  "params": {
    "BG_COLOUR": "#FFFFFF",
    "CHECKLIST_UNIQUE_ID": "BYVEAA1E10001959",
    "DS_DONE": "",
    "MACHINE_1": "value",
    "PARAMS": {
      "BG": "ZRAI-SGD",
      "BG_ID": 4,
      "DEPT": "value",
      "DEPT_ID": 0,
      "LINE": "value",
      "LINE_ID": 0,
      "MACHINE": "value",
      "MACHINE_CODE": 0,
      "MACHINE_ID": 0,
      "MACHINE_TYPE": "value",
      "MODULE": "value",
      "MODULE_ID": 0,
      "PLANT": "value",
      "PLANT_ID": 0,
      "SUB_MODULE": "value",
      "SUB_MODULE_ID": 0
    },
    "PLANT": "value",
    "STATUS": "PENDING",
    "SUB_MODULE": "value"
  },
  "propConfig": {
    "params.BG_COLOUR": {
      "paramDirection": "input",
      "persistent": true
    },
    "params.CHECKLIST_UNIQUE_ID": {
      "paramDirection": "input",
      "persistent": true
    },
    "params.DS_DONE": {
      "binding": {
        "config": {
          "path": "session.custom.PMC[0]"
        },
        "type": "property"
      },
      "onChange": {
        "enabled": null,
        "script": "\tself.getChild(\"root\").getChild(\"Fail_Reason_Table\").props.data \u003d self.session.custom.PMC[0]"
      },
      "paramDirection": "inout",
      "persistent": true
    },
    "params.MACHINE_1": {
      "paramDirection": "input",
      "persistent": true
    },
    "params.PARAMS": {
      "paramDirection": "input",
      "persistent": true
    },
    "params.PLANT": {
      "paramDirection": "input",
      "persistent": true
    },
    "params.STATUS": {
      "paramDirection": "inout",
      "persistent": true
    },
    "params.SUB_MODULE": {
      "paramDirection": "inout",
      "persistent": true
    }
  },
  "props": {
    "defaultSize": {
      "height": 550
    }
  },
  "root": {
    "children": [
      {
        "meta": {
          "name": "Label"
        },
        "position": {
          "shrink": 0
        },
        "props": {
          "style": {
            "backgroundColor": "#808080",
            "borderBottomLeftRadius": 15,
            "borderBottomRightRadius": 15,
            "borderStyle": "groove",
            "borderTopLeftRadius": 15,
            "borderTopRightRadius": 15,
            "color": "#FFFFFF",
            "fontFamily": "serif",
            "fontSize": "3dvw",
            "fontWeight": "bolder",
            "marginBottom": 5,
            "overflow": "auto",
            "paddingBottom": 10,
            "paddingTop": 10,
            "textAlign": "center"
          },
          "text": "FAIL PARAMETERS"
        },
        "type": "ia.display.label"
      },
      {
        "children": [
          {
            "children": [
              {
                "meta": {
                  "name": "Gen_id_Label"
                },
                "position": {
                  "grow": 1
                },
                "props": {
                  "style": {
                    "color": "#FFFFFF",
                    "fontFamily": "serif",
                    "fontSize": "0.8dvw",
                    "fontWeight": "bolder",
                    "paddingBottom": 5,
                    "paddingLeft": 2,
                    "paddingRight": 2,
                    "paddingTop": 5,
                    "textAlign": "center"
                  },
                  "text": "GEN ID"
                },
                "type": "ia.display.label"
              },
              {
                "meta": {
                  "name": "GEN_ID"
                },
                "position": {
                  "grow": 1
                },
                "props": {
                  "placeholder": "Enter your Gen ID.....",
                  "style": {
                    "color": "#000000",
                    "fontFamily": "serif",
                    "fontSize": "0.8dvw",
                    "fontWeight": "bold",
                    "paddingBottom": 5,
                    "paddingLeft": 2,
                    "paddingRight": 2,
                    "paddingTop": 5,
                    "textAlign": "center"
                  }
                },
                "type": "ia.input.text-field"
              }
            ],
            "meta": {
              "name": "Genid"
            },
            "position": {
              "basis": "30%"
            },
            "props": {
              "style": {
                "backgroundColor": "#808080",
                "borderBottomLeftRadius": 5,
                "borderBottomRightRadius": 5,
                "borderStyle": "groove",
                "borderTopLeftRadius": 5,
                "borderTopRightRadius": 5
              }
            },
            "type": "ia.container.flex"
          },
          {
            "children": [
              {
                "meta": {
                  "name": "Name_Label"
                },
                "position": {
                  "grow": 1
                },
                "props": {
                  "style": {
                    "color": "#FFFFFF",
                    "fontFamily": "serif",
                    "fontSize": "0.8dvw",
                    "fontWeight": "bolder",
                    "paddingBottom": 5,
                    "paddingLeft": 2,
                    "paddingRight": 2,
                    "paddingTop": 5,
                    "textAlign": "center"
                  },
                  "text": "NAME"
                },
                "type": "ia.display.label"
              },
              {
                "meta": {
                  "name": "NAME"
                },
                "position": {
                  "grow": 1
                },
                "props": {
                  "placeholder": "Enter your Name....",
                  "style": {
                    "color": "#000000",
                    "fontFamily": "serif",
                    "fontSize": "0.8dvw",
                    "fontWeight": "bold",
                    "paddingBottom": 5,
                    "paddingLeft": 2,
                    "paddingRight": 2,
                    "paddingTop": 5,
                    "textAlign": "center"
                  }
                },
                "type": "ia.input.text-field"
              }
            ],
            "meta": {
              "name": "Name"
            },
            "position": {
              "basis": "30%"
            },
            "props": {
              "style": {
                "backgroundColor": "#808080",
                "borderBottomLeftRadius": 5,
                "borderBottomRightRadius": 5,
                "borderStyle": "groove",
                "borderTopLeftRadius": 5,
                "borderTopRightRadius": 5
              }
            },
            "type": "ia.container.flex"
          }
        ],
        "meta": {
          "name": "Person"
        },
        "position": {
          "shrink": 0
        },
        "propConfig": {
          "position.display": {
            "binding": {
              "config": {
                "expression": "if({../Fail_Reason_Table.custom.STATUS_COUNT}\u003d0,false,true)"
              },
              "type": "expr"
            }
          }
        },
        "props": {
          "justify": "space-between",
          "style": {
            "borderBottomLeftRadius": 5,
            "borderBottomRightRadius": 5,
            "borderColor": "#AAAAAA",
            "borderStyle": "groove",
            "borderTopLeftRadius": 5,
            "borderTopRightRadius": 5,
            "borderWidth": 5,
            "marginBottom": 5,
            "paddingBottom": 2,
            "paddingLeft": 2,
            "paddingRight": 2,
            "paddingTop": 2
          }
        },
        "type": "ia.container.flex"
      },
      {
        "custom": {
          "Dataset_New": {
            "$": [
              "ds",
              192,
              1746190053387
            ],
            "$columns": [
              {
                "data": [
                  "2 . COOLANT UNIT",
                  "2 . COOLANT UNIT",
                  "2 . COOLANT UNIT",
                  "3 . HYDRAULIC TANK",
                  "6 . SPINDLE UNIT",
                  "15 . AIR LINE",
                  "15 . AIR LINE",
                  "17 . "
                ],
                "name": "HEADER_NEW",
                "type": "String"
              },
              {
                "data": [
                  "1 . ELECTRICAL",
                  "1 . ELECTRICAL",
                  "2 . MECHANICAL",
                  "1 . ELECTRICAL",
                  "2 . MECHANICAL",
                  "1 . ",
                  "1 . ",
                  "1 . "
                ],
                "name": "SUB_HEADER_NEW",
                "type": "String"
              },
              {
                "data": [
                  "4 . spindle coolant motor current",
                  "5 . Transformer coolant motor current",
                  "3 . clean coolant filter mesh",
                  "3 . motor max current",
                  "1 . check belt tension",
                  "3 . check air pressure",
                  "6 . check spindle air cleaning",
                  "1 . check electrical hose termination tightness"
                ],
                "name": "PARAMETER_NEW",
                "type": "String"
              },
              {
                "data": [
                  "2.1 - 2.1 Amps",
                  "2.1 - 2.1 Amps",
                  " -  ",
                  "11 - 11 Amps",
                  " -  ",
                  "4.5 - 6 Kg/cm2",
                  " -  ",
                  " -  "
                ],
                "name": "UNIT_NEW",
                "type": "String"
              },
              {
                "data": [
                  0,
                  0,
                  0,
                  0,
                  0,
                  0,
                  0,
                  0
                ],
                "name": "VALUE",
                "type": "Double"
              },
              {
                "data": [
                  "testing",
                  "testing",
                  "testing",
                  "testing",
                  "testing",
                  "testing",
                  "testing",
                  "testing"
                ],
                "name": "FAIL_REASON",
                "type": "String"
              },
              {
                "data": [
                  null,
                  null,
                  null,
                  null,
                  null,
                  null,
                  null,
                  null
                ],
                "name": "FAIL_MEASURES",
                "type": "String"
              },
              {
                "data": [
                  3650,
                  3651,
                  3654,
                  3658,
                  3683,
                  3760,
                  3763,
                  3766
                ],
                "name": "ID",
                "type": "Integer"
              },
              {
                "data": [
                  null,
                  null,
                  null,
                  null,
                  null,
                  null,
                  null,
                  null
                ],
                "name": "FAIL_UPDATE_DATE",
                "type": "Date"
              },
              {
                "data": [
                  "COMPLETED",
                  "COMPLETED",
                  "COMPLETED",
                  "COMPLETED",
                  "COMPLETED",
                  "COMPLETED",
                  "COMPLETED",
                  "COMPLETED"
                ],
                "name": "STATUS",
                "type": "String"
              }
            ]
          },
          "a": 8
        },
        "events": {
          "component": {
            "onRowClick": {
              "config": {
                "script": "\t#if self.props.selection.selectedColumn\u003d\u003d\u0027FAIL_MEASURES\u0027:\n\tif self.getSibling(\"Button\").custom.Update_count \u003d\u003d 0:\n\t#if self.props.selection.data[0].FAIL_MEASURES \u003d\u003d None:\n\t\tsystem.perspective.openPopup(\"myPopupId123\",\u0027PMC/Popup/Fail_Parameter_PMC\u0027, params \u003d {\u0027DS\u0027:self.props.data, \u0027COLUMN\u0027:\u0027FAIL_MEASURES\u0027 , \u0027ROW\u0027:self.props.selection.selectedRow}, showCloseIcon \u003d False, resizable \u003d True, modal \u003d True)\n\t\t\n\telse:\n\t\tif self.props.selection.data[0].FAIL_MEASURES \u003d\u003d None:\n\t\t\tsystem.perspective.openPopup(\"myPopupId123\",\u0027PMC/Popup/Fail_Parameter_PMC\u0027, params \u003d {\u0027DS\u0027:self.props.data, \u0027COLUMN\u0027:\u0027FAIL_MEASURES\u0027 , \u0027ROW\u0027:self.props.selection.selectedRow}, showCloseIcon \u003d False, resizable \u003d True, modal \u003d True)"
              },
              "scope": "G",
              "type": "script"
            }
          }
        },
        "meta": {
          "name": "Fail_Reason_Table"
        },
        "position": {
          "grow": 1
        },
        "propConfig": {
          "custom.Dataset_New": {
            "onChange": {
              "enabled": null,
              "script": "\tself.props.data \u003d currentValue.value"
            }
          },
          "custom.ROW_COUNT": {
            "binding": {
              "config": {
                "path": "this.props.data"
              },
              "transforms": [
                {
                  "code": "\treturn value.getRowCount()",
                  "type": "script"
                }
              ],
              "type": "property"
            }
          },
          "custom.STATUS_COUNT": {
            "binding": {
              "config": {
                "expression": "len(view(\"Select STATUS Where STATUS !\u003d args[0]\", {this.props.data},(\u0027COMPLETED\u0027)))"
              },
              "type": "expr"
            }
          },
          "custom.dataset": {
            "binding": {
              "config": {
                "parameters": {
                  "column": "\" CONCAT(HEADER_ID,\u0027 . \u0027,HEADER) AS HEADER_NEW, CONCAT(SUB_HEADER_ID,\u0027 . \u0027,SUB_HEADER) AS SUB_HEADER_NEW, CONCAT(PARAMETER_ID,\u0027 . \u0027,PARAMETER) AS PARAMETER_NEW, CONCAT(LL, \u0027 - \u0027, UL, \u0027 \u0027,UNIT) AS UNIT_NEW, VALUE, FAIL_REASON, FAIL_MEASURES, ID, FAIL_UPDATE_DATE, STATUS\"",
                  "condition": "\"\"",
                  "table": "\"PMC_UPDATE_VALUE\"",
                  "where": "\"CHECKLIST_UNIQUE_ID \u003d \u0027\"+{view.params.CHECKLIST_UNIQUE_ID}+\"\u0027 and Result \u003d \u0027Fail\u0027\""
                },
                "queryPath": "PMC/NEW_TEST/ACTIONS/SELECT _WITHOUT_STATUS"
              },
              "type": "query"
            },
            "onChange": {
              "enabled": null,
              "script": "\tif currentValue.value is not None and currentValue.quality.isGood():\n\t\tself.props.data \u003d currentValue.value\n\t\tself.custom.Dataset_New \u003d currentValue.value"
            }
          }
        },
        "props": {
          "cells": {
            "style": {
              "borderBottomLeftRadius": 10,
              "borderBottomRightRadius": 10,
              "borderStyle": "groove",
              "borderTopLeftRadius": 10,
              "borderTopRightRadius": 10,
              "fontFamily": "serif",
              "textAlign": "center"
            }
          },
          "columns": [
            {
              "align": "center",
              "boolean": "checkbox",
              "dateFormat": "MM/DD/YYYY",
              "editable": false,
              "field": "HEADER_NEW",
              "filter": {
                "boolean": {
                  "condition": ""
                },
                "date": {
                  "condition": "",
                  "value": ""
                },
                "enabled": false,
                "number": {
                  "condition": "",
                  "value": ""
                },
                "string": {
                  "condition": "",
                  "value": ""
                },
                "visible": "on-hover"
              },
              "footer": {
                "align": "center",
                "justify": "left",
                "style": {
                  "classes": ""
                },
                "title": ""
              },
              "header": {
                "align": "center",
                "justify": "center",
                "style": {
                  "backgroundColor": "#D97700",
                  "borderBottomLeftRadius": 10,
                  "borderBottomRightRadius": 10,
                  "borderStyle": "ridge",
                  "borderTopLeftRadius": 10,
                  "borderTopRightRadius": 10,
                  "borderWidth": 3,
                  "classes": "",
                  "color": "#FFFFFF",
                  "fontSize": "1dvw",
                  "fontWeight": "bolder"
                },
                "title": "HEADER"
              },
              "justify": "center",
              "nullFormat": {
                "includeNullStrings": false,
                "nullFormatValue": "",
                "strict": false
              },
              "number": "value",
              "numberFormat": "0,0.##",
              "progressBar": {
                "bar": {
                  "color": "",
                  "style": {
                    "classes": ""
                  }
                },
                "max": 100,
                "min": 0,
                "track": {
                  "color": "",
                  "style": {
                    "classes": ""
                  }
                },
                "value": {
                  "enabled": true,
                  "format": "0,0.##",
                  "justify": "center",
                  "style": {
                    "classes": ""
                  }
                }
              },
              "render": "auto",
              "resizable": true,
              "sort": "none",
              "sortable": true,
              "strictWidth": true,
              "style": {
                "classes": "",
                "fontFamily": "serif",
                "fontSize": "0.8dvw",
                "textAlign": "center"
              },
              "toggleSwitch": {
                "color": {
                  "selected": "",
                  "unselected": ""
                }
              },
              "viewParams": {},
              "viewPath": "",
              "visible": true,
              "width": ""
            },
            {
              "align": "center",
              "boolean": "checkbox",
              "dateFormat": "MM/DD/YYYY",
              "editable": false,
              "field": "SUB_HEADER_NEW",
              "filter": {
                "boolean": {
                  "condition": ""
                },
                "date": {
                  "condition": "",
                  "value": ""
                },
                "enabled": false,
                "number": {
                  "condition": "",
                  "value": ""
                },
                "string": {
                  "condition": "",
                  "value": ""
                },
                "visible": "on-hover"
              },
              "footer": {
                "align": "center",
                "justify": "left",
                "style": {
                  "classes": ""
                },
                "title": ""
              },
              "header": {
                "align": "center",
                "justify": "center",
                "style": {
                  "backgroundColor": "#D97700",
                  "borderBottomLeftRadius": 10,
                  "borderBottomRightRadius": 10,
                  "borderStyle": "ridge",
                  "borderTopLeftRadius": 10,
                  "borderTopRightRadius": 10,
                  "borderWidth": 3,
                  "classes": "",
                  "color": "#FFFFFF",
                  "fontSize": "1dvw",
                  "fontWeight": "bolder"
                },
                "title": "SUB HEADER"
              },
              "justify": "center",
              "nullFormat": {
                "includeNullStrings": false,
                "nullFormatValue": "",
                "strict": false
              },
              "number": "value",
              "numberFormat": "0,0.##",
              "progressBar": {
                "bar": {
                  "color": "",
                  "style": {
                    "classes": ""
                  }
                },
                "max": 100,
                "min": 0,
                "track": {
                  "color": "",
                  "style": {
                    "classes": ""
                  }
                },
                "value": {
                  "enabled": true,
                  "format": "0,0.##",
                  "justify": "center",
                  "style": {
                    "classes": ""
                  }
                }
              },
              "render": "auto",
              "resizable": true,
              "sort": "none",
              "sortable": true,
              "strictWidth": false,
              "style": {
                "classes": "",
                "fontFamily": "serif",
                "fontSize": "0.8dvw",
                "textAlign": "center"
              },
              "toggleSwitch": {
                "color": {
                  "selected": "",
                  "unselected": ""
                }
              },
              "viewParams": {},
              "viewPath": "",
              "visible": true,
              "width": ""
            },
            {
              "align": "center",
              "boolean": "checkbox",
              "dateFormat": "MM/DD/YYYY",
              "editable": false,
              "field": "PARAMETER_NEW",
              "filter": {
                "boolean": {
                  "condition": ""
                },
                "date": {
                  "condition": "",
                  "value": ""
                },
                "enabled": false,
                "number": {
                  "condition": "",
                  "value": ""
                },
                "string": {
                  "condition": "",
                  "value": ""
                },
                "visible": "on-hover"
              },
              "footer": {
                "align": "center",
                "justify": "left",
                "style": {
                  "classes": ""
                },
                "title": ""
              },
              "header": {
                "align": "center",
                "justify": "center",
                "style": {
                  "backgroundColor": "#D97700",
                  "borderBottomLeftRadius": 10,
                  "borderBottomRightRadius": 10,
                  "borderStyle": "ridge",
                  "borderTopLeftRadius": 10,
                  "borderTopRightRadius": 10,
                  "borderWidth": 3,
                  "classes": "",
                  "color": "#FFFFFF",
                  "fontFamily": "serif",
                  "fontSize": "1dvw",
                  "fontWeight": "bolder"
                },
                "title": "PARAMETER"
              },
              "justify": "center",
              "nullFormat": {
                "includeNullStrings": false,
                "nullFormatValue": "",
                "strict": false
              },
              "number": "value",
              "numberFormat": "0,0.##",
              "progressBar": {
                "bar": {
                  "color": "",
                  "style": {
                    "classes": ""
                  }
                },
                "max": 100,
                "min": 0,
                "track": {
                  "color": "",
                  "style": {
                    "classes": ""
                  }
                },
                "value": {
                  "enabled": true,
                  "format": "0,0.##",
                  "justify": "center",
                  "style": {
                    "classes": ""
                  }
                }
              },
              "render": "auto",
              "resizable": true,
              "sort": "none",
              "sortable": false,
              "strictWidth": false,
              "style": {
                "classes": "",
                "fontFamily": "serif",
                "fontSize": "0.8dvw",
                "textAlign": "center"
              },
              "toggleSwitch": {
                "color": {
                  "selected": "",
                  "unselected": ""
                }
              },
              "viewParams": {},
              "viewPath": "",
              "visible": true,
              "width": ""
            },
            {
              "align": "center",
              "boolean": "checkbox",
              "dateFormat": "MM/DD/YYYY",
              "editable": false,
              "field": "UNIT_NEW",
              "filter": {
                "boolean": {
                  "condition": ""
                },
                "date": {
                  "condition": "",
                  "value": ""
                },
                "enabled": false,
                "number": {
                  "condition": "",
                  "value": ""
                },
                "string": {
                  "condition": "",
                  "value": ""
                },
                "visible": "on-hover"
              },
              "footer": {
                "align": "center",
                "justify": "left",
                "style": {
                  "classes": ""
                },
                "title": ""
              },
              "header": {
                "align": "center",
                "justify": "center",
                "style": {
                  "backgroundColor": "#D97700",
                  "borderBottomLeftRadius": 10,
                  "borderBottomRightRadius": 10,
                  "borderStyle": "ridge",
                  "borderTopLeftRadius": 10,
                  "borderTopRightRadius": 10,
                  "borderWidth": 3,
                  "classes": "",
                  "color": "#FFFFFF",
                  "fontSize": "1dvw",
                  "fontWeight": "bolder"
                },
                "title": "UNIT"
              },
              "justify": "center",
              "nullFormat": {
                "includeNullStrings": false,
                "nullFormatValue": "",
                "strict": false
              },
              "number": "value",
              "numberFormat": "0,0.##",
              "progressBar": {
                "bar": {
                  "color": "",
                  "style": {
                    "classes": ""
                  }
                },
                "max": 100,
                "min": 0,
                "track": {
                  "color": "",
                  "style": {
                    "classes": ""
                  }
                },
                "value": {
                  "enabled": true,
                  "format": "0,0.##",
                  "justify": "center",
                  "style": {
                    "classes": ""
                  }
                }
              },
              "render": "auto",
              "resizable": true,
              "sort": "none",
              "sortable": false,
              "strictWidth": false,
              "style": {
                "classes": "",
                "fontFamily": "serif",
                "fontSize": "0.8dvw",
                "textAlign": "center"
              },
              "toggleSwitch": {
                "color": {
                  "selected": "",
                  "unselected": ""
                }
              },
              "viewParams": {},
              "viewPath": "",
              "visible": true,
              "width": ""
            },
            {
              "align": "center",
              "boolean": "checkbox",
              "dateFormat": "MM/DD/YYYY",
              "editable": false,
              "field": "VALUE",
              "filter": {
                "boolean": {
                  "condition": ""
                },
                "date": {
                  "condition": "",
                  "value": ""
                },
                "enabled": false,
                "number": {
                  "condition": "",
                  "value": ""
                },
                "string": {
                  "condition": "",
                  "value": ""
                },
                "visible": "on-hover"
              },
              "footer": {
                "align": "center",
                "justify": "left",
                "style": {
                  "classes": ""
                },
                "title": ""
              },
              "header": {
                "align": "center",
                "justify": "center",
                "style": {
                  "backgroundColor": "#D97700",
                  "borderBottomLeftRadius": 10,
                  "borderBottomRightRadius": 10,
                  "borderStyle": "ridge",
                  "borderTopLeftRadius": 10,
                  "borderTopRightRadius": 10,
                  "borderWidth": 3,
                  "classes": "",
                  "color": "#FFFFFF",
                  "fontSize": "1dvw",
                  "fontWeight": "bolder"
                },
                "title": "VALUE"
              },
              "justify": "center",
              "nullFormat": {
                "includeNullStrings": false,
                "nullFormatValue": "",
                "strict": false
              },
              "number": "value",
              "numberFormat": "0,0.##",
              "progressBar": {
                "bar": {
                  "color": "",
                  "style": {
                    "classes": ""
                  }
                },
                "max": 100,
                "min": 0,
                "track": {
                  "color": "",
                  "style": {
                    "classes": ""
                  }
                },
                "value": {
                  "enabled": true,
                  "format": "0,0.##",
                  "justify": "center",
                  "style": {
                    "classes": ""
                  }
                }
              },
              "render": "auto",
              "resizable": true,
              "sort": "none",
              "sortable": false,
              "strictWidth": false,
              "style": {
                "classes": "",
                "fontFamily": "serif",
                "fontSize": "0.8dvw",
                "textAlign": "center"
              },
              "toggleSwitch": {
                "color": {
                  "selected": "",
                  "unselected": ""
                }
              },
              "viewParams": {},
              "viewPath": "",
              "visible": true,
              "width": ""
            },
            {
              "align": "center",
              "boolean": "checkbox",
              "dateFormat": "MM/DD/YYYY",
              "editable": false,
              "field": "FAIL_REASON",
              "filter": {
                "boolean": {
                  "condition": ""
                },
                "date": {
                  "condition": "",
                  "value": ""
                },
                "enabled": false,
                "number": {
                  "condition": "",
                  "value": ""
                },
                "string": {
                  "condition": "",
                  "value": ""
                },
                "visible": "on-hover"
              },
              "footer": {
                "align": "center",
                "justify": "left",
                "style": {
                  "classes": ""
                },
                "title": ""
              },
              "header": {
                "align": "center",
                "justify": "center",
                "style": {
                  "backgroundColor": "#D97700",
                  "borderBottomLeftRadius": 10,
                  "borderBottomRightRadius": 10,
                  "borderStyle": "ridge",
                  "borderTopLeftRadius": 10,
                  "borderTopRightRadius": 10,
                  "borderWidth": 3,
                  "classes": "",
                  "color": "#FFFFFF",
                  "fontSize": "1dvw",
                  "fontWeight": "bolder"
                },
                "title": "FAIL REASON"
              },
              "justify": "center",
              "nullFormat": {
                "includeNullStrings": false,
                "nullFormatValue": "",
                "strict": false
              },
              "number": "value",
              "numberFormat": "0,0.##",
              "progressBar": {
                "bar": {
                  "color": "",
                  "style": {
                    "classes": ""
                  }
                },
                "max": 100,
                "min": 0,
                "track": {
                  "color": "",
                  "style": {
                    "classes": ""
                  }
                },
                "value": {
                  "enabled": true,
                  "format": "0,0.##",
                  "justify": "center",
                  "style": {
                    "classes": ""
                  }
                }
              },
              "render": "auto",
              "resizable": true,
              "sort": "none",
              "sortable": false,
              "strictWidth": false,
              "style": {
                "classes": "",
                "fontFamily": "serif",
                "fontSize": "0.8dvw",
                "textAlign": "center"
              },
              "toggleSwitch": {
                "color": {
                  "selected": "",
                  "unselected": ""
                }
              },
              "viewParams": {},
              "viewPath": "",
              "visible": true,
              "width": ""
            },
            {
              "align": "center",
              "boolean": "checkbox",
              "dateFormat": "MM/DD/YYYY",
              "editable": false,
              "field": "FAIL_MEASURES",
              "filter": {
                "boolean": {
                  "condition": ""
                },
                "date": {
                  "condition": "",
                  "value": ""
                },
                "enabled": false,
                "number": {
                  "condition": "",
                  "value": ""
                },
                "string": {
                  "condition": "",
                  "value": ""
                },
                "visible": "on-hover"
              },
              "footer": {
                "align": "center",
                "justify": "left",
                "style": {
                  "classes": ""
                },
                "title": ""
              },
              "header": {
                "align": "center",
                "justify": "center",
                "style": {
                  "backgroundColor": "#D97700",
                  "borderBottomLeftRadius": 10,
                  "borderBottomRightRadius": 10,
                  "borderStyle": "ridge",
                  "borderTopLeftRadius": 10,
                  "borderTopRightRadius": 10,
                  "borderWidth": 3,
                  "classes": "",
                  "color": "#FFFFFF",
                  "fontSize": "1dvw",
                  "fontWeight": "bolder"
                },
                "title": "FAIL MEASURES"
              },
              "justify": "center",
              "nullFormat": {
                "includeNullStrings": true,
                "nullFormatValue": "",
                "strict": false
              },
              "number": "value",
              "numberFormat": "0,0.##",
              "progressBar": {
                "bar": {
                  "color": "",
                  "style": {
                    "classes": ""
                  }
                },
                "max": 100,
                "min": 0,
                "track": {
                  "color": "",
                  "style": {
                    "classes": ""
                  }
                },
                "value": {
                  "enabled": true,
                  "format": "0,0.##",
                  "justify": "center",
                  "style": {
                    "classes": ""
                  }
                }
              },
              "render": "auto",
              "resizable": true,
              "sort": "none",
              "sortable": true,
              "strictWidth": false,
              "style": {
                "classes": "",
                "fontFamily": "serif",
                "fontSize": "0.8dvw",
                "textAlign": "center"
              },
              "toggleSwitch": {
                "color": {
                  "selected": "",
                  "unselected": ""
                }
              },
              "viewParams": {},
              "viewPath": "",
              "visible": true,
              "width": ""
            },
            {
              "align": "center",
              "boolean": "checkbox",
              "dateFormat": "MM/DD/YYYY",
              "editable": false,
              "field": "ID",
              "filter": {
                "boolean": {
                  "condition": ""
                },
                "date": {
                  "condition": "",
                  "value": ""
                },
                "enabled": false,
                "number": {
                  "condition": "",
                  "value": ""
                },
                "string": {
                  "condition": "",
                  "value": ""
                },
                "visible": "on-hover"
              },
              "footer": {
                "align": "center",
                "justify": "left",
                "style": {
                  "classes": ""
                },
                "title": ""
              },
              "header": {
                "align": "center",
                "justify": "left",
                "style": {
                  "classes": ""
                },
                "title": ""
              },
              "justify": "center",
              "nullFormat": {
                "includeNullStrings": false,
                "nullFormatValue": "",
                "strict": false
              },
              "number": "value",
              "numberFormat": "0,0.##",
              "progressBar": {
                "bar": {
                  "color": "",
                  "style": {
                    "classes": ""
                  }
                },
                "max": 100,
                "min": 0,
                "track": {
                  "color": "",
                  "style": {
                    "classes": ""
                  }
                },
                "value": {
                  "enabled": true,
                  "format": "0,0.##",
                  "justify": "center",
                  "style": {
                    "classes": ""
                  }
                }
              },
              "render": "auto",
              "resizable": true,
              "sort": "none",
              "sortable": true,
              "strictWidth": false,
              "style": {
                "classes": "",
                "fontFamily": "serif",
                "textAlign": "center"
              },
              "toggleSwitch": {
                "color": {
                  "selected": "",
                  "unselected": ""
                }
              },
              "viewParams": {},
              "viewPath": "",
              "visible": false,
              "width": ""
            }
          ],
          "data": {
            "$": [
              "ds",
              192,
              1746190053387
            ],
            "$columns": [
              {
                "data": [
                  "2 . COOLANT UNIT",
                  "2 . COOLANT UNIT",
                  "2 . COOLANT UNIT",
                  "3 . HYDRAULIC TANK",
                  "6 . SPINDLE UNIT",
                  "15 . AIR LINE",
                  "15 . AIR LINE",
                  "17 . "
                ],
                "name": "HEADER_NEW",
                "type": "String"
              },
              {
                "data": [
                  "1 . ELECTRICAL",
                  "1 . ELECTRICAL",
                  "2 . MECHANICAL",
                  "1 . ELECTRICAL",
                  "2 . MECHANICAL",
                  "1 . ",
                  "1 . ",
                  "1 . "
                ],
                "name": "SUB_HEADER_NEW",
                "type": "String"
              },
              {
                "data": [
                  "4 . spindle coolant motor current",
                  "5 . Transformer coolant motor current",
                  "3 . clean coolant filter mesh",
                  "3 . motor max current",
                  "1 . check belt tension",
                  "3 . check air pressure",
                  "6 . check spindle air cleaning",
                  "1 . check electrical hose termination tightness"
                ],
                "name": "PARAMETER_NEW",
                "type": "String"
              },
              {
                "data": [
                  "2.1 - 2.1 Amps",
                  "2.1 - 2.1 Amps",
                  " -  ",
                  "11 - 11 Amps",
                  " -  ",
                  "4.5 - 6 Kg/cm2",
                  " -  ",
                  " -  "
                ],
                "name": "UNIT_NEW",
                "type": "String"
              },
              {
                "data": [
                  0,
                  0,
                  0,
                  0,
                  0,
                  0,
                  0,
                  0
                ],
                "name": "VALUE",
                "type": "Double"
              },
              {
                "data": [
                  "testing",
                  "testing",
                  "testing",
                  "testing",
                  "testing",
                  "testing",
                  "testing",
                  "testing"
                ],
                "name": "FAIL_REASON",
                "type": "String"
              },
              {
                "data": [
                  null,
                  null,
                  null,
                  null,
                  null,
                  null,
                  null,
                  null
                ],
                "name": "FAIL_MEASURES",
                "type": "String"
              },
              {
                "data": [
                  3650,
                  3651,
                  3654,
                  3658,
                  3683,
                  3760,
                  3763,
                  3766
                ],
                "name": "ID",
                "type": "Integer"
              },
              {
                "data": [
                  null,
                  null,
                  null,
                  null,
                  null,
                  null,
                  null,
                  null
                ],
                "name": "FAIL_UPDATE_DATE",
                "type": "Date"
              },
              {
                "data": [
                  "COMPLETED",
                  "COMPLETED",
                  "COMPLETED",
                  "COMPLETED",
                  "COMPLETED",
                  "COMPLETED",
                  "COMPLETED",
                  "COMPLETED"
                ],
                "name": "STATUS",
                "type": "String"
              }
            ]
          },
          "pager": {
            "bottom": false,
            "initialOption": 10000
          },
          "rows": {
            "highlight": {
              "color": "#FFAC47"
            },
            "striped": {
              "color": {
                "even": "#FFFF8A",
                "odd": "#D5D5D5"
              }
            }
          },
          "style": {
            "borderBottomLeftRadius": 10,
            "borderBottomRightRadius": 10,
            "borderColor": "#AAAAAA",
            "borderStyle": "groove",
            "borderTopLeftRadius": 10,
            "borderTopRightRadius": 10,
            "borderWidth": 5,
            "classes": "centerAlignColumns",
            "marginBottom": 5
          }
        },
        "type": "ia.display.table"
      },
      {
        "custom": {
          "Update_count": 0
        },
        "events": {
          "dom": {
            "onClick": {
              "config": {
                "script": "\timport time\n\t#To block the update in the fail parameter sheet\n\tb \u003d self.custom.Update_count\n\tDB \u003d system.tag.read(\"[default]PMC/DB\").value\n\tdataset \u003d self.getSibling(\"Fail_Reason_Table\").props.data\n\tcolumn_name \u003d \"FAIL_MEASURES\"\n\tdate \u003d system.date.format(system.date.now(), \"yyyy-MM-dd HH:mm:ss\")\n\tName \u003d self.parent.getChild(\"Person\").getChild(\"Name\").getChild(\"NAME\").props.text\n\tGen_id \u003d self.parent.getChild(\"Person\").getChild(\"Genid\").getChild(\"GEN_ID\").props.text\n\tcl_unique_id \u003d self.view.params.CHECKLIST_UNIQUE_ID\n\tSUB_MODULE \u003d self.view.params.SUB_MODULE\n\tMACHINE_1 \u003d self.view.params.MACHINE_1\n\tSTATUS \u003d \u0027COMPLETED\u0027\n\tif Name \u003d\u003d \u0027\u0027 or Gen_id \u003d\u003d \u0027\u0027:\n\t\tsystem.perspective.openPopup(\"myPopupId\",\u0027PMC/Popup/Notification_Popup\u0027, params \u003d {\u0027module\u0027:\u0027PREVENTIVE MAINTANCE CHECKLIST\u0027, \u0027to\u0027:\u0027Dear Sir/Madam :\u0027,\u0027message\u0027:\u0027Please enter your Gen ID and Name\u0027, \u0027header_colour\u0027:\u0027#D97700\u0027})\n\telse:\n\t\ta \u003d 0\n\t\tfor i in range(dataset.getRowCount()):\n\t\t\tID \u003d dataset.getValueAt(i, \"ID\")\n\t\t\tMEASURES \u003d dataset.getValueAt(i,column_name)\n\t\t\tDATE \u003d dataset.getValueAt(i,\"FAIL_UPDATE_DATE\")\n\t\t\t#if MEASURES !\u003d None:\n\t\t\tif MEASURES !\u003d None and DATE \u003d\u003d None:\n\t\t\t\ta \u003d a+1\n\t\t\t\tsystem.db.runPrepUpdate(\u0027UPDATE PMC_UPDATE_VALUE SET FAIL_UPDATE_DATE \u003d ?, FAIL_MEASURES \u003d ?, FAIL_UPDATE_PERSON_NAME \u003d ?, FAIL_UPDATE_PERSON_GENID \u003d ?, STATUS \u003d ?  WHERE ID \u003d ?\u0027,[date, MEASURES, Name, int(Gen_id), STATUS, ID],DB)\n\t\tself.view.params.CHECKLIST_UNIQUE_ID \u003d \u0027\u0027\n\t\tself.view.params.CHECKLIST_UNIQUE_ID \u003d cl_unique_id\n\t\tsystem.perspective.openPopup(\"myPopupId0\",\u0027PMC/Popup/Notification_Popup\u0027, params \u003d {\u0027module\u0027:\u0027PREVENTIVE MAINTANCE CHECKLIST\u0027, \u0027to\u0027:\u0027Dear \u0027+Name+\u0027 :\u0027,\u0027message\u0027:\u0027Please Wait for few Secounds\u0027, \u0027header_colour\u0027:\u0027#00AC00\u0027}, showCloseIcon \u003d False, resizable \u003d True, modal \u003d True)\n\t\ttime.sleep(2)\n\t\tsystem.perspective.closePopup(\u0027myPopupId0\u0027)\n\t\tS_count \u003d self.getSibling(\"Fail_Reason_Table\").custom.STATUS_COUNT\n\t\tif S_count \u003d\u003d 0:\n\t\t\tsystem.db.runPrepUpdate(\u0027UPDATE CHECKLIST_DATA_UPDATE SET FAIL_UPDATE_PERSON_NAME \u003d ?, FAIL_UPDATE_DATE \u003d ?, FAIL_UPDATE_PERSON_GEN_ID \u003d ?, STATUS \u003d ?  WHERE CHECKLIST_UNIQUE_ID \u003d ?\u0027,[Name, date, int(Gen_id), \u0027COMPLETED\u0027, cl_unique_id],DB)\n\t\t\tsystem.perspective.openPopup(\"SHEDLE_POPUP\",\u0027PMC/Popup/Next_Shedule_Date_Popup\u0027, params \u003d {\u0027NAME\u0027:Name, \u0027GEN_ID\u0027:Gen_id, \u0027CHECKLIST_UNIQUE_ID\u0027:cl_unique_id, \u0027PARAMS\u0027:self.view.params.PARAMS, \u0027STATUS\u0027:\"PENDING\"}, showCloseIcon \u003d False, resizable \u003d True, modal \u003d True)\n\t\t#else:\n\t\t\t#Project_Name \u003d system.tag.read(\"[default]PMC/Project Name\").value\n\t\t\t#To \u003d [\"b.mohamedshifan@ranegroup.com\", \"ar.ramya@ranegroup.com\", \"m.sudhanthiralakshmi@ranegroup.com\", \"n.vinodhini@ranegroup.com\"]\n\t\t\t#CC \u003d [\"k.muralikanthan@ranegroup.com\", \"u.rajasekar@ranegroup.com\"]\n\t\t\t#From \u003d \"info@ranegroup.com\"\n\t\t\t#Subject \u003d \"{} {} CHECKLIST (CHECKLIST ID : {})\".format(MACHINE_1, SUB_MODULE, cl_unique_id)\n\t\t\t#at_name  \u003d \"{} Failed Prameter List.pdf\".format(MACHINE_1)\n\t\t\t#Parameters \u003d {\"CHECKLIST_UNIQUE_CODE\": cl_unique_id, \"bg\": self.session.custom.BG_NAME, \"plant\": self.view.params.PLANT, \"line\": \"\", \"machine\": MACHINE_1, \"Checklist Type\": SUB_MODULE, \"Status\": \"PENDING\"}\n\t\t\t#Body \u003d \"\u003cHTML\u003e\u003ch4\u003eDear Team\u003c/h4\u003e\u003cp\u003e\t\t \"+str(int(a)-int(S_count))+\" parameters are rectified out of \"+str(a)+\" Parameters. Please review and update the remaining parameters. The details are as follows:\u003cbr\u003e\u003cbr\u003e\u003cb\u003eCHECKLIST ID :\u003c/b\u003e \"+str(cl_unique_id)+\"\u003cbr\u003e\u003cb\u003eSTATUS : \u003cfont color\u003d\u0027orange\u0027\u003e PENDING \u003c/b\u003e\u003cbr\u003e\u003cbr\u003e\u003c/p\u003e\u003cp1\u003e\u003cfont color\u003d\u0027red\u0027\u003e\u003cb\u003e NOTE: This is an automatically generated email - please do not reply to it.\u003c/b\u003e\u003cp1\u003e\u003c/HTML\u003e\"\n\t\t\t#system.report.executeAndDistribute(path\u003d\"Fail_Parameters\", project\u003dProject_Name, parameters \u003d Parameters, action\u003d \"email\", actionSettings \u003d {\"to\":To, \"cc\":CC, \"smtpServerName\":\"RANE_MAIL\", \"from\":From, \"subject\":Subject, \"body\":Body, \"attachmentName\":at_name})\n\t\tif a!\u003d0:\n\t\t\tsystem.perspective.openPopup(\"myPopupId2\",\u0027PMC/Popup/Notification_Popup\u0027, params \u003d {\u0027module\u0027:\u0027PREVENTIVE MAINTANCE CHECKLIST\u0027, \u0027to\u0027:\u0027Dear \u0027+Name+\u0027 :\u0027,\u0027message\u0027:\u0027Checklist Updated Sucessfully. Thankyou for the Update.\u0027, \u0027header_colour\u0027:\u0027#00AC00\u0027},showCloseIcon \u003d False, resizable \u003d True, modal \u003d True)\n\t\t\ttime.sleep(1.5)\n\t\t\tsystem.perspective.closePopup(\u0027myPopupId2\u0027)\n\t\t\tb \u003d b+1\n\t\t\tself.custom.Update_count \u003d b\n\t\telse:\n\t\t\tsystem.perspective.openPopup(\"myPopupId3\",\u0027PMC/Popup/Notification_Popup\u0027, params \u003d {\u0027module\u0027:\u0027PREVENTIVE MAINTANCE CHECKLIST\u0027, \u0027to\u0027:\u0027Dear \u0027+Name+\u0027 :\u0027,\u0027message\u0027:\u0027No update found !!!!....\u0027, \u0027header_colour\u0027:\u0027#D90000\u0027}, resizable \u003d True, modal \u003d True)"
              },
              "scope": "G",
              "type": "script"
            }
          }
        },
        "meta": {
          "name": "Button"
        },
        "position": {
          "basis": "34px"
        },
        "propConfig": {
          "position.display": {
            "binding": {
              "config": {
                "expression": "if({../Fail_Reason_Table.custom.STATUS_COUNT}\u003d0,false,true)"
              },
              "type": "expr"
            }
          }
        },
        "props": {
          "style": {
            "backgroundColor": "#008000",
            "marginLeft": "25%",
            "marginRight": "25%"
          },
          "text": "UPDATE"
        },
        "type": "ia.input.button"
      }
    ],
    "custom": {
      "DATE": "2025-05-02"
    },
    "meta": {
      "name": "root"
    },
    "propConfig": {
      "custom.Date": {
        "binding": {
          "config": {
            "expression": "dateformat(now(),\"yyyy-MM-dd\")"
          },
          "type": "expr"
        },
        "onChange": {
          "enabled": null,
          "script": "\tself.custom.DATE \u003d currentValue.value"
        }
      },
      "props.style.backgroundColor": {
        "binding": {
          "config": {
            "path": "view.params.BG_COLOUR"
          },
          "type": "property"
        }
      }
    },
    "props": {
      "direction": "column",
      "style": {
        "paddingBottom": 10,
        "paddingLeft": 10,
        "paddingRight": 10,
        "paddingTop": 10
      }
    },
    "type": "ia.container.flex"
  }
}