{
  "custom": {},
  "params": {},
  "props": {
    "defaultSize": {
      "height": 1036,
      "width": 2152
    }
  },
  "root": {
    "children": [
      {
        "meta": {
          "name": "Label"
        },
        "position": {
          "height": 0.2577,
          "width": 0.1552,
          "x": 0.0831,
          "y": 0.0129
        },
        "props": {
          "style": {
            "borderColor": "#1C0C0C",
            "borderStyle": "double",
            "textAlign": "center"
          },
          "text": "CPU"
        },
        "type": "ia.display.label"
      },
      {
        "meta": {
          "name": "Label_0"
        },
        "position": {
          "height": 0.2442,
          "width": 0.1389,
          "x": 0.2477,
          "y": 0.019
        },
        "propConfig": {
          "props.text": {
            "binding": {
              "config": {
                "fallbackDelay": 2.5,
                "mode": "direct",
                "tagPath": "[default]Exchange/System Monitor/Server PC/CPU"
              },
              "type": "tag"
            }
          }
        },
        "props": {
          "style": {
            "borderColor": "#1C0C0C",
            "borderStyle": "double",
            "fontSize": 20,
            "fontWeight": "bold",
            "textAlign": "center"
          }
        },
        "type": "ia.display.label"
      },
      {
        "meta": {
          "name": "Label_1"
        },
        "position": {
          "height": 0.3,
          "width": 0.1571,
          "x": 0.083,
          "y": 0.3055
        },
        "props": {
          "style": {
            "borderColor": "#1C0C0C",
            "borderStyle": "double",
            "textAlign": "center"
          },
          "text": "Memory"
        },
        "type": "ia.display.label"
      },
      {
        "meta": {
          "name": "Label_2"
        },
        "position": {
          "height": 0.2992,
          "width": 0.1371,
          "x": 0.2467,
          "y": 0.3084
        },
        "propConfig": {
          "props.text": {
            "binding": {
              "config": {
                "fallbackDelay": 2.5,
                "mode": "direct",
                "tagPath": "[default]Exchange/System Monitor/Server PC/In Use Memory.value"
              },
              "transforms": [
                {
                  "expression": "{value} + \"/\" + {[default]Exchange/System Monitor/Server PC/Total Memory.value}",
                  "type": "expression"
                }
              ],
              "type": "tag"
            }
          }
        },
        "props": {
          "style": {
            "borderColor": "#1C0C0C",
            "borderStyle": "double",
            "fontSize": 20,
            "fontWeight": "bold",
            "textAlign": "center"
          }
        },
        "type": "ia.display.label"
      },
      {
        "meta": {
          "name": "Label_3"
        },
        "position": {
          "height": 0.3378,
          "rotate": {
            "anchor": "25% 411%"
          },
          "width": 0.1608,
          "x": 0.0817,
          "y": 0.6212
        },
        "props": {
          "style": {
            "borderColor": "#1C0C0C",
            "borderStyle": "double",
            "textAlign": "center"
          },
          "text": "Uptime"
        },
        "type": "ia.display.label"
      },
      {
        "meta": {
          "name": "Label_4"
        },
        "position": {
          "height": 0.332,
          "rotate": {
            "anchor": "50% 258%"
          },
          "width": 0.1362,
          "x": 0.2489,
          "y": 0.628
        },
        "propConfig": {
          "props.text": {
            "binding": {
              "config": {
                "fallbackDelay": 2.5,
                "mode": "direct",
                "tagPath": "[default]Exchange/System Monitor/Server PC/Uptime.value"
              },
              "type": "tag"
            }
          }
        },
        "props": {
          "style": {
            "borderColor": "#1C0C0C",
            "borderStyle": "double",
            "fontSize": 20,
            "fontWeight": "bold",
            "textAlign": "center"
          }
        },
        "type": "ia.display.label"
      }
    ],
    "meta": {
      "name": "root"
    },
    "props": {
      "mode": "percent"
    },
    "type": "ia.container.coord"
  }
}