{
  "custom": {},
  "params": {
    "Module": ""
  },
  "propConfig": {
    "params.Module": {
      "paramDirection": "output",
      "persistent": true
    }
  },
  "props": {},
  "root": {
    "children": [
      {
        "custom": {
          "Module": "value"
        },
        "events": {
          "dom": {
            "onClick": {
              "config": {
                "script": "\t# Get the selected path (could be an index or unique key depending on the structure)\n\tselected_path \u003d self.props.selectedPath  # This gives you the path of the selected item\n\n# If selected_path is not empty, find the corresponding item\nif selected_path:\n    # Assuming the items are stored in \u0027self.props.items\u0027 and have \u0027path\u0027 as a key\n    selected_item \u003d None\n    for item in self.props.items:\n        if item.path \u003d\u003d selected_path:\n            selected_item \u003d item\n            break\n\n    # Now set the page header to the selected item\u0027s label text\n    if selected_item:\n        self.session.custom.CurrentPageHeader \u003d selected_item.label.text\n        self.view.params.Module \u003d selected_item.label.text\n  "
              },
              "enabled": false,
              "scope": "G",
              "type": "script"
            }
          }
        },
        "meta": {
          "name": "MenuTree"
        },
        "position": {
          "basis": "200px"
        },
        "propConfig": {
          "custom.key": {
            "binding": {
              "config": {
                "path": "session.props.auth.user.firstName"
              },
              "type": "property"
            }
          },
          "custom.visibility": {
            "binding": {
              "config": {
                "path": "session.props.auth.user.userName"
              },
              "transforms": [
                {
                  "expression": "if({value} !\u003d \u002716057\u0027\u0026\u0026\u002715665\u0027, false, true)",
                  "type": "expression"
                }
              ],
              "type": "property"
            }
          },
          "props.items[1].visible": {
            "binding": {
              "config": {
                "path": "this.custom.visibility"
              },
              "type": "property"
            }
          }
        },
        "props": {
          "headerStyle": {
            "color": "#000000"
          },
          "itemStyle": {
            "borderStyle": "none",
            "color": "#000000",
            "fontSize": "2.3vmin",
            "fontWeight": "bold",
            "marginBottom": 20,
            "paddingLeft": 2,
            "paddingRight": 4,
            "paddingTop": 20
          },
          "items": [
            {
              "backActionText": "",
              "enabled": true,
              "items": [],
              "label": {
                "icon": {
                  "color": "",
                  "path": "material/home"
                },
                "text": "Home",
                "value": 0
              },
              "navIcon": {
                "path": "material/chevron_right"
              },
              "resetOnClick": false,
              "showHeader": true,
              "style": {
                "classes": ""
              },
              "target": "/",
              "visible": true
            },
            {
              "backActionText": "",
              "enabled": true,
              "items": [
                {
                  "backActionText": "",
                  "enabled": true,
                  "items": [],
                  "label": {
                    "icon": {
                      "path": "material/business"
                    },
                    "text": "Group Overview"
                  },
                  "navIcon": {
                    "path": ""
                  },
                  "resetOnClick": false,
                  "showHeader": true,
                  "style": {
                    "classes": ""
                  },
                  "target": "/OEE/GroupOverview",
                  "visible": true
                },
                {
                  "backActionText": "",
                  "enabled": true,
                  "items": [],
                  "label": {
                    "icon": {
                      "path": "material/assessment"
                    },
                    "text": "Business Overview"
                  },
                  "navIcon": {
                    "path": ""
                  },
                  "resetOnClick": false,
                  "showHeader": true,
                  "style": {
                    "classes": ""
                  },
                  "target": "/OEE/Overview/BusinessOverview",
                  "visible": true
                },
                {
                  "backActionText": "",
                  "enabled": true,
                  "items": [],
                  "label": {
                    "icon": {
                      "path": "material/groups"
                    },
                    "text": "Plant Overview"
                  },
                  "navIcon": {
                    "path": ""
                  },
                  "resetOnClick": false,
                  "showHeader": true,
                  "style": {
                    "classes": ""
                  },
                  "target": "/OEE/PlantOverview",
                  "visible": true
                },
                {
                  "backActionText": "",
                  "enabled": true,
                  "items": [],
                  "label": {
                    "icon": {
                      "path": "material/dvr"
                    },
                    "text": "Live Dashboard"
                  },
                  "navIcon": {
                    "path": ""
                  },
                  "resetOnClick": false,
                  "showHeader": true,
                  "style": {
                    "classes": ""
                  },
                  "target": "/OEE",
                  "visible": true
                },
                {
                  "backActionText": "",
                  "enabled": true,
                  "items": [],
                  "label": {
                    "icon": {
                      "path": "material/note_add"
                    },
                    "text": "Reports"
                  },
                  "navIcon": {
                    "path": ""
                  },
                  "resetOnClick": false,
                  "showHeader": true,
                  "style": {
                    "classes": ""
                  },
                  "target": "",
                  "visible": true
                },
                {
                  "backActionText": "",
                  "enabled": true,
                  "items": [],
                  "label": {
                    "icon": {
                      "path": "material/engineering"
                    },
                    "text": "Production Scheduler"
                  },
                  "navIcon": {
                    "path": ""
                  },
                  "resetOnClick": false,
                  "showHeader": true,
                  "style": {
                    "classes": ""
                  },
                  "target": "/OEE/ProductionOFFScheduler",
                  "visible": true
                }
              ],
              "label": {
                "icon": {
                  "path": "material/tv",
                  "style": {
                    "color": "#FFFFFF"
                  }
                },
                "text": "OEE"
              },
              "navIcon": {
                "path": "material/chevron_right",
                "style": {}
              },
              "resetOnClick": false,
              "showHeader": true,
              "style": {
                "classes": ""
              },
              "target": "/OEE/Overview/BusinessOverview"
            },
            {
              "backActionText": "",
              "enabled": true,
              "items": [
                {
                  "backActionText": "",
                  "enabled": true,
                  "items": [],
                  "label": {
                    "icon": {
                      "path": "material/view_sidebar"
                    },
                    "text": "Layout"
                  },
                  "navIcon": {
                    "path": ""
                  },
                  "resetOnClick": false,
                  "showHeader": true,
                  "style": {
                    "classes": ""
                  },
                  "target": "/EMS/Layout",
                  "visible": true
                },
                {
                  "backActionText": "",
                  "enabled": true,
                  "items": [],
                  "label": {
                    "icon": {
                      "path": "material/leaderboard"
                    },
                    "text": "Overview"
                  },
                  "navIcon": {
                    "path": ""
                  },
                  "resetOnClick": false,
                  "showHeader": true,
                  "style": {
                    "classes": ""
                  },
                  "target": "",
                  "visible": true
                },
                {
                  "backActionText": "",
                  "enabled": true,
                  "items": [],
                  "label": {
                    "icon": {
                      "path": "material/show_chart"
                    },
                    "text": "Consumption"
                  },
                  "navIcon": {
                    "path": ""
                  },
                  "resetOnClick": false,
                  "showHeader": true,
                  "style": {
                    "classes": ""
                  },
                  "target": "",
                  "visible": true
                },
                {
                  "backActionText": "",
                  "enabled": true,
                  "items": [],
                  "label": {
                    "icon": {
                      "path": "material/compare_arrows"
                    },
                    "text": "Correlation"
                  },
                  "navIcon": {
                    "path": ""
                  },
                  "resetOnClick": false,
                  "showHeader": true,
                  "style": {
                    "classes": ""
                  },
                  "target": "",
                  "visible": true
                },
                {
                  "backActionText": "",
                  "enabled": true,
                  "items": [],
                  "label": {
                    "icon": {
                      "path": "material/note_add"
                    },
                    "text": "Reports"
                  },
                  "navIcon": {
                    "path": ""
                  },
                  "resetOnClick": false,
                  "showHeader": true,
                  "style": {
                    "classes": ""
                  },
                  "target": "",
                  "visible": true
                }
              ],
              "label": {
                "icon": {
                  "path": "material/electrical_services"
                },
                "text": "EMS"
              },
              "navIcon": {
                "path": "material/chevron_right"
              },
              "resetOnClick": false,
              "showHeader": true,
              "style": {
                "classes": ""
              },
              "target": "/EMS/Layout",
              "visible": true
            },
            {
              "backActionText": "",
              "enabled": true,
              "items": [
                {
                  "backActionText": "",
                  "enabled": true,
                  "items": [],
                  "label": {
                    "icon": {
                      "color": "#FFFFFF",
                      "path": "material/assessment"
                    },
                    "text": "Status"
                  },
                  "navIcon": {
                    "path": ""
                  },
                  "resetOnClick": false,
                  "showHeader": true,
                  "style": {
                    "classes": ""
                  },
                  "target": "",
                  "visible": true
                },
                {
                  "backActionText": "",
                  "enabled": true,
                  "items": [],
                  "label": {
                    "icon": {
                      "color": "#FFFFFF",
                      "path": "material/sticky_note_2"
                    },
                    "text": "Common Fail Parameter Sheet"
                  },
                  "navIcon": {
                    "path": ""
                  },
                  "resetOnClick": false,
                  "showHeader": true,
                  "style": {
                    "classes": ""
                  },
                  "target": "",
                  "visible": true
                },
                {
                  "backActionText": "",
                  "enabled": true,
                  "items": [],
                  "label": {
                    "icon": {
                      "color": "#FFFFFF",
                      "path": "material/fact_check"
                    },
                    "text": "Checklist"
                  },
                  "navIcon": {
                    "path": ""
                  },
                  "resetOnClick": false,
                  "showHeader": true,
                  "style": {
                    "classes": ""
                  },
                  "target": "",
                  "visible": true
                },
                {
                  "backActionText": "",
                  "enabled": true,
                  "items": [],
                  "label": {
                    "icon": {
                      "color": "#FFFFFF",
                      "path": "material/how_to_reg"
                    },
                    "text": "Master"
                  },
                  "navIcon": {
                    "path": ""
                  },
                  "resetOnClick": false,
                  "showHeader": true,
                  "style": {
                    "classes": ""
                  },
                  "target": "",
                  "visible": true
                }
              ],
              "label": {
                "icon": {
                  "path": "material/insert_drive_file"
                },
                "text": "PMC"
              },
              "navIcon": {
                "path": "material/chevron_right"
              },
              "resetOnClick": false,
              "showHeader": true,
              "style": {
                "classes": ""
              },
              "target": "",
              "visible": true
            },
            {
              "backActionText": "",
              "enabled": true,
              "items": [],
              "label": {
                "icon": {
                  "path": "material/how_to_reg"
                },
                "text": "Master Data"
              },
              "navIcon": {
                "path": "material/chevron_right"
              },
              "resetOnClick": false,
              "showHeader": true,
              "style": {
                "classes": ""
              },
              "target": "",
              "visible": true
            }
          ],
          "style": {
            "backgroundColor": "#FFFFFF"
          }
        },
        "type": "ia.navigation.menutree"
      }
    ],
    "meta": {
      "name": "root"
    },
    "propConfig": {
      "meta.visible": {
        "binding": {
          "config": {
            "path": "session.props.auth.authenticated"
          },
          "type": "property"
        }
      }
    },
    "type": "ia.container.flex"
  }
}