{
  "custom": {},
  "params": {
    "BG_Name": "",
    "BG_No": "",
    "Module_Name": "",
    "Module_No": "",
    "Shift": "",
    "Sub_Module_Name": "",
    "Sub_Module_No": ""
  },
  "propConfig": {
    "params.BG_Name": {
      "binding": {
        "config": {
          "expression": "{session.custom.CP_User_Management.BG_Name}"
        },
        "type": "expr"
      },
      "paramDirection": "inout",
      "persistent": true
    },
    "params.BG_No": {
      "binding": {
        "config": {
          "expression": "{session.custom.CP_User_Management.BG_ID}"
        },
        "type": "expr"
      },
      "paramDirection": "inout",
      "persistent": true
    },
    "params.Module_Name": {
      "paramDirection": "inout"
    },
    "params.Module_No": {
      "paramDirection": "inout"
    },
    "params.Shift": {
      "paramDirection": "inout",
      "persistent": true
    },
    "params.Sub_Module_Name": {
      "paramDirection": "inout"
    },
    "params.Sub_Module_No": {
      "paramDirection": "inout"
    }
  },
  "props": {
    "defaultSize": {
      "width": 1200
    }
  },
  "root": {
    "children": [
      {
        "meta": {
          "name": "EmbeddedView"
        },
        "position": {
          "basis": "7%",
          "display": false,
          "shrink": 0
        },
        "propConfig": {
          "props.params.Module_Name": {
            "binding": {
              "config": {
                "path": "session.custom.Params.MODULE"
              },
              "type": "property"
            }
          }
        },
        "props": {
          "path": "PMC/Header/header"
        },
        "type": "ia.display.view"
      },
      {
        "children": [
          {
            "children": [
              {
                "custom": {
                  "M_No": 1
                },
                "events": {
                  "dom": {
                    "onClick": {
                      "config": {
                        "script": "\tNo\u003dself.custom.M_No\n\tName\u003dself.props.text\n\tself.session.custom.Params.MODULE \u003d Name\n\tself.session.custom.Params.MODULE_ID \u003d No"
                      },
                      "scope": "G",
                      "type": "script"
                    }
                  }
                },
                "meta": {
                  "name": "Module_1"
                },
                "position": {
                  "basis": "20%"
                },
                "propConfig": {
                  "position.display": {
                    "binding": {
                      "config": {
                        "expression": "if(isNull({this.props.text}), false, true)"
                      },
                      "type": "expr"
                    }
                  },
                  "props.style.backgroundColor": {
                    "binding": {
                      "config": {
                        "expression": "if({session.custom.Params.MODULE_ID} \u003d {this.custom.M_No},\u0027#4468AA\u0027,\u0027#585858\u0027)"
                      },
                      "type": "expr"
                    }
                  },
                  "props.text": {
                    "binding": {
                      "config": {
                        "parameters": {
                          "column": "\u0027MODULE\u0027",
                          "table": "\u0027MODULE\u0027",
                          "where": "\"BG \u003d \u0027\"+{session.custom.CP_User_Management.BG_Name}+\"\u0027 AND \"+\r \"BG_ID \u003d \"+{session.custom.CP_User_Management.BG_ID}+\" AND \"+\r \"MODULE_ID \u003d \"+{this.custom.M_No}"
                        },
                        "queryPath": "PMC/NEW_TEST/ACTIONS/SELECT"
                      },
                      "transforms": [
                        {
                          "expression": "{value}[0,0]",
                          "type": "expression"
                        }
                      ],
                      "type": "query"
                    }
                  }
                },
                "props": {
                  "style": {
                    "borderBottomLeftRadius": 15,
                    "borderBottomRightRadius": 15,
                    "borderColor": "#989E9D",
                    "borderStyle": "groove",
                    "borderTopLeftRadius": 15,
                    "borderTopRightRadius": 15,
                    "borderWidth": 8,
                    "color": "#FFFFFF",
                    "fontFamily": "Arial",
                    "fontSize": "2.4vmin",
                    "fontWeight": "bolder"
                  }
                },
                "type": "ia.input.button"
              },
              {
                "custom": {
                  "M_No": 2
                },
                "events": {
                  "dom": {
                    "onClick": {
                      "config": {
                        "script": "\tNo\u003dself.custom.M_No\n\tName\u003dself.props.text\n\tself.session.custom.Params.MODULE \u003d Name\n\tself.session.custom.Params.MODULE_ID \u003d No"
                      },
                      "scope": "G",
                      "type": "script"
                    }
                  }
                },
                "meta": {
                  "name": "Module_2"
                },
                "position": {
                  "basis": "20%"
                },
                "propConfig": {
                  "position.display": {
                    "binding": {
                      "config": {
                        "expression": "if(isNull({this.props.text}), false, true)"
                      },
                      "type": "expr"
                    }
                  },
                  "props.style.backgroundColor": {
                    "binding": {
                      "config": {
                        "expression": "if({session.custom.Params.MODULE_ID} \u003d {this.custom.M_No},\u0027#4468AA\u0027,\u0027#585858\u0027)"
                      },
                      "type": "expr"
                    }
                  },
                  "props.text": {
                    "binding": {
                      "config": {
                        "parameters": {
                          "column": "\u0027MODULE\u0027",
                          "table": "\u0027MODULE\u0027",
                          "where": "\"BG \u003d \u0027\"+{session.custom.CP_User_Management.BG_Name}+\"\u0027 AND \"+\r \"BG_ID \u003d \"+{session.custom.CP_User_Management.BG_ID}+\" AND \"+\r \"MODULE_ID \u003d \"+{this.custom.M_No}"
                        },
                        "queryPath": "PMC/NEW_TEST/ACTIONS/SELECT"
                      },
                      "transforms": [
                        {
                          "expression": "{value}[0,0]",
                          "type": "expression"
                        }
                      ],
                      "type": "query"
                    }
                  }
                },
                "props": {
                  "style": {
                    "borderBottomLeftRadius": 15,
                    "borderBottomRightRadius": 15,
                    "borderColor": "#989E9D",
                    "borderStyle": "groove",
                    "borderTopLeftRadius": 15,
                    "borderTopRightRadius": 15,
                    "borderWidth": 8,
                    "color": "#FFFFFF",
                    "fontFamily": "Arial",
                    "fontSize": "2.4vmin",
                    "fontWeight": "bolder"
                  }
                },
                "type": "ia.input.button"
              },
              {
                "custom": {
                  "M_No": 3
                },
                "events": {
                  "dom": {
                    "onClick": {
                      "config": {
                        "script": "\tNo\u003dself.custom.M_No\n\tName\u003dself.props.text\n\tself.session.custom.Params.MODULE \u003d Name\n\tself.session.custom.Params.MODULE_ID \u003d No"
                      },
                      "scope": "G",
                      "type": "script"
                    }
                  }
                },
                "meta": {
                  "name": "Module_3"
                },
                "position": {
                  "basis": "20%"
                },
                "propConfig": {
                  "position.display": {
                    "binding": {
                      "config": {
                        "expression": "if(isNull({this.props.text}), false, true)"
                      },
                      "type": "expr"
                    }
                  },
                  "props.style.backgroundColor": {
                    "binding": {
                      "config": {
                        "expression": "if({session.custom.Params.MODULE_ID} \u003d {this.custom.M_No},\u0027#4468AA\u0027,\u0027#585858\u0027)"
                      },
                      "type": "expr"
                    }
                  },
                  "props.text": {
                    "binding": {
                      "config": {
                        "parameters": {
                          "column": "\u0027MODULE\u0027",
                          "table": "\u0027MODULE\u0027",
                          "where": "\"BG \u003d \u0027\"+{session.custom.CP_User_Management.BG_Name}+\"\u0027 AND \"+\r \"BG_ID \u003d \"+{session.custom.CP_User_Management.BG_ID}+\" AND \"+\r \"MODULE_ID \u003d \"+{this.custom.M_No}"
                        },
                        "queryPath": "PMC/NEW_TEST/ACTIONS/SELECT"
                      },
                      "transforms": [
                        {
                          "expression": "{value}[0,0]",
                          "type": "expression"
                        }
                      ],
                      "type": "query"
                    }
                  }
                },
                "props": {
                  "style": {
                    "borderBottomLeftRadius": 15,
                    "borderBottomRightRadius": 15,
                    "borderColor": "#989E9D",
                    "borderStyle": "groove",
                    "borderTopLeftRadius": 15,
                    "borderTopRightRadius": 15,
                    "borderWidth": 8,
                    "color": "#FFFFFF",
                    "fontFamily": "Arial",
                    "fontSize": "2.4vmin",
                    "fontWeight": "bolder"
                  }
                },
                "type": "ia.input.button"
              },
              {
                "custom": {
                  "M_No": 4
                },
                "events": {
                  "dom": {
                    "onClick": {
                      "config": {
                        "script": "\tNo\u003dself.custom.M_No\n\tName\u003dself.props.text\n\tself.session.custom.Params.MODULE \u003d Name\n\tself.session.custom.Params.MODULE_ID \u003d No"
                      },
                      "scope": "G",
                      "type": "script"
                    }
                  }
                },
                "meta": {
                  "name": "Module_4"
                },
                "position": {
                  "basis": "20%"
                },
                "propConfig": {
                  "position.display": {
                    "binding": {
                      "config": {
                        "expression": "if(isNull({this.props.text}), false, true)"
                      },
                      "type": "expr"
                    }
                  },
                  "props.style.backgroundColor": {
                    "binding": {
                      "config": {
                        "expression": "if({session.custom.Params.MODULE_ID} \u003d {this.custom.M_No},\u0027#4468AA\u0027,\u0027#585858\u0027)"
                      },
                      "type": "expr"
                    }
                  },
                  "props.text": {
                    "binding": {
                      "config": {
                        "parameters": {
                          "column": "\u0027MODULE\u0027",
                          "table": "\u0027MODULE\u0027",
                          "where": "\"BG \u003d \u0027\"+{session.custom.CP_User_Management.BG_Name}+\"\u0027 AND \"+\r \"BG_ID \u003d \"+{session.custom.CP_User_Management.BG_ID}+\" AND \"+\r \"MODULE_ID \u003d \"+{this.custom.M_No}"
                        },
                        "queryPath": "PMC/NEW_TEST/ACTIONS/SELECT"
                      },
                      "transforms": [
                        {
                          "expression": "{value}[0,0]",
                          "type": "expression"
                        }
                      ],
                      "type": "query"
                    }
                  }
                },
                "props": {
                  "style": {
                    "borderBottomLeftRadius": 15,
                    "borderBottomRightRadius": 15,
                    "borderColor": "#989E9D",
                    "borderStyle": "groove",
                    "borderTopLeftRadius": 15,
                    "borderTopRightRadius": 15,
                    "borderWidth": 8,
                    "color": "#FFFFFF",
                    "fontFamily": "Arial",
                    "fontSize": "2.4vmin",
                    "fontWeight": "bolder"
                  }
                },
                "type": "ia.input.button"
              },
              {
                "custom": {
                  "M_No": 5
                },
                "events": {
                  "dom": {
                    "onClick": {
                      "config": {
                        "script": "\tNo\u003dself.custom.M_No\n\tName\u003dself.props.text\n\tself.session.custom.Params.MODULE \u003d Name\n\tself.session.custom.Params.MODULE_ID \u003d No"
                      },
                      "scope": "G",
                      "type": "script"
                    }
                  }
                },
                "meta": {
                  "name": "Module_5"
                },
                "position": {
                  "basis": "20%"
                },
                "propConfig": {
                  "position.display": {
                    "binding": {
                      "config": {
                        "expression": "if(isNull({this.props.text}), false, true)"
                      },
                      "type": "expr"
                    }
                  },
                  "props.style.backgroundColor": {
                    "binding": {
                      "config": {
                        "expression": "if({session.custom.Params.MODULE_ID} \u003d {this.custom.M_No},\u0027#4468AA\u0027,\u0027#585858\u0027)"
                      },
                      "type": "expr"
                    }
                  },
                  "props.text": {
                    "binding": {
                      "config": {
                        "parameters": {
                          "column": "\u0027MODULE\u0027",
                          "table": "\u0027MODULE\u0027",
                          "where": "\"BG \u003d \u0027\"+{session.custom.CP_User_Management.BG_Name}+\"\u0027 AND \"+\r \"BG_ID \u003d \"+{session.custom.CP_User_Management.BG_ID}+\" AND \"+\r \"MODULE_ID \u003d \"+{this.custom.M_No}"
                        },
                        "queryPath": "PMC/NEW_TEST/ACTIONS/SELECT"
                      },
                      "transforms": [
                        {
                          "expression": "{value}[0,0]",
                          "type": "expression"
                        }
                      ],
                      "type": "query"
                    }
                  }
                },
                "props": {
                  "style": {
                    "borderBottomLeftRadius": 15,
                    "borderBottomRightRadius": 15,
                    "borderColor": "#989E9D",
                    "borderStyle": "groove",
                    "borderTopLeftRadius": 15,
                    "borderTopRightRadius": 15,
                    "borderWidth": 8,
                    "color": "#FFFFFF",
                    "fontFamily": "Arial",
                    "fontSize": "2.4vmin",
                    "fontWeight": "bolder"
                  }
                },
                "type": "ia.input.button"
              },
              {
                "custom": {
                  "M_No": 6
                },
                "events": {
                  "dom": {
                    "onClick": {
                      "config": {
                        "script": "\tNo\u003dself.custom.M_No\n\tName\u003dself.props.text\n\tself.session.custom.Params.MODULE \u003d Name\n\tself.session.custom.Params.MODULE_ID \u003d No"
                      },
                      "scope": "G",
                      "type": "script"
                    }
                  }
                },
                "meta": {
                  "name": "Module_6"
                },
                "position": {
                  "basis": "20%"
                },
                "propConfig": {
                  "position.display": {
                    "binding": {
                      "config": {
                        "expression": "if(isNull({this.props.text}), false, true)"
                      },
                      "type": "expr"
                    }
                  },
                  "props.style.backgroundColor": {
                    "binding": {
                      "config": {
                        "expression": "if({session.custom.Params.MODULE_ID} \u003d {this.custom.M_No},\u0027#4468AA\u0027,\u0027#585858\u0027)"
                      },
                      "type": "expr"
                    }
                  },
                  "props.text": {
                    "binding": {
                      "config": {
                        "parameters": {
                          "column": "\u0027MODULE\u0027",
                          "table": "\u0027MODULE\u0027",
                          "where": "\"BG \u003d \u0027\"+{session.custom.CP_User_Management.BG_Name}+\"\u0027 AND \"+\r \"BG_ID \u003d \"+{session.custom.CP_User_Management.BG_ID}+\" AND \"+\r \"MODULE_ID \u003d \"+{this.custom.M_No}"
                        },
                        "queryPath": "PMC/NEW_TEST/ACTIONS/SELECT"
                      },
                      "transforms": [
                        {
                          "expression": "{value}[0,0]",
                          "type": "expression"
                        }
                      ],
                      "type": "query"
                    }
                  }
                },
                "props": {
                  "style": {
                    "borderBottomLeftRadius": 15,
                    "borderBottomRightRadius": 15,
                    "borderColor": "#989E9D",
                    "borderStyle": "groove",
                    "borderTopLeftRadius": 15,
                    "borderTopRightRadius": 15,
                    "borderWidth": 8,
                    "color": "#FFFFFF",
                    "fontFamily": "Arial",
                    "fontSize": "2.4vmin",
                    "fontWeight": "bolder"
                  }
                },
                "type": "ia.input.button"
              },
              {
                "custom": {
                  "M_No": 7
                },
                "events": {
                  "dom": {
                    "onClick": {
                      "config": {
                        "script": "\tNo\u003dself.custom.M_No\n\tName\u003dself.props.text\n\tself.session.custom.Params.MODULE \u003d Name\n\tself.session.custom.Params.MODULE_ID \u003d No"
                      },
                      "scope": "G",
                      "type": "script"
                    }
                  }
                },
                "meta": {
                  "name": "Module_7"
                },
                "position": {
                  "basis": "20%"
                },
                "propConfig": {
                  "position.display": {
                    "binding": {
                      "config": {
                        "expression": "if(isNull({this.props.text}), false, true)"
                      },
                      "type": "expr"
                    }
                  },
                  "props.style.backgroundColor": {
                    "binding": {
                      "config": {
                        "expression": "if({session.custom.Params.MODULE_ID} \u003d {this.custom.M_No},\u0027#4468AA\u0027,\u0027#585858\u0027)"
                      },
                      "type": "expr"
                    }
                  },
                  "props.text": {
                    "binding": {
                      "config": {
                        "parameters": {
                          "column": "\u0027MODULE\u0027",
                          "table": "\u0027MODULE\u0027",
                          "where": "\"BG \u003d \u0027\"+{session.custom.CP_User_Management.BG_Name}+\"\u0027 AND \"+\r \"BG_ID \u003d \"+{session.custom.CP_User_Management.BG_ID}+\" AND \"+\r \"MODULE_ID \u003d \"+{this.custom.M_No}"
                        },
                        "queryPath": "PMC/NEW_TEST/ACTIONS/SELECT"
                      },
                      "transforms": [
                        {
                          "expression": "{value}[0,0]",
                          "type": "expression"
                        }
                      ],
                      "type": "query"
                    }
                  }
                },
                "props": {
                  "style": {
                    "borderBottomLeftRadius": 15,
                    "borderBottomRightRadius": 15,
                    "borderColor": "#989E9D",
                    "borderStyle": "groove",
                    "borderTopLeftRadius": 15,
                    "borderTopRightRadius": 15,
                    "borderWidth": 8,
                    "color": "#FFFFFF",
                    "fontFamily": "Arial",
                    "fontSize": "2.4vmin",
                    "fontWeight": "bolder"
                  }
                },
                "type": "ia.input.button"
              },
              {
                "custom": {
                  "M_No": 8
                },
                "events": {
                  "dom": {
                    "onClick": {
                      "config": {
                        "script": "\tNo\u003dself.custom.M_No\n\tName\u003dself.props.text\n\tself.session.custom.Params.MODULE \u003d Name\n\tself.session.custom.Params.MODULE_ID \u003d No"
                      },
                      "scope": "G",
                      "type": "script"
                    }
                  }
                },
                "meta": {
                  "name": "Module_8"
                },
                "position": {
                  "basis": "20%"
                },
                "propConfig": {
                  "position.display": {
                    "binding": {
                      "config": {
                        "expression": "if(isNull({this.props.text}), false, true)"
                      },
                      "type": "expr"
                    }
                  },
                  "props.style.backgroundColor": {
                    "binding": {
                      "config": {
                        "expression": "if({session.custom.Params.MODULE_ID} \u003d {this.custom.M_No},\u0027#4468AA\u0027,\u0027#585858\u0027)"
                      },
                      "type": "expr"
                    }
                  },
                  "props.text": {
                    "binding": {
                      "config": {
                        "parameters": {
                          "column": "\u0027MODULE\u0027",
                          "table": "\u0027MODULE\u0027",
                          "where": "\"BG \u003d \u0027\"+{session.custom.CP_User_Management.BG_Name}+\"\u0027 AND \"+\r \"BG_ID \u003d \"+{session.custom.CP_User_Management.BG_ID}+\" AND \"+\r \"MODULE_ID \u003d \"+{this.custom.M_No}"
                        },
                        "queryPath": "PMC/NEW_TEST/ACTIONS/SELECT"
                      },
                      "transforms": [
                        {
                          "expression": "{value}[0,0]",
                          "type": "expression"
                        }
                      ],
                      "type": "query"
                    }
                  }
                },
                "props": {
                  "style": {
                    "borderBottomLeftRadius": 15,
                    "borderBottomRightRadius": 15,
                    "borderColor": "#989E9D",
                    "borderStyle": "groove",
                    "borderTopLeftRadius": 15,
                    "borderTopRightRadius": 15,
                    "borderWidth": 8,
                    "color": "#FFFFFF",
                    "fontFamily": "Arial",
                    "fontSize": "2.4vmin",
                    "fontWeight": "bolder"
                  }
                },
                "type": "ia.input.button"
              },
              {
                "custom": {
                  "M_No": 9
                },
                "events": {
                  "dom": {
                    "onClick": {
                      "config": {
                        "script": "\tNo\u003dself.custom.M_No\n\tName\u003dself.props.text\n\tself.session.custom.Params.MODULE \u003d Name\n\tself.session.custom.Params.MODULE_ID \u003d No"
                      },
                      "scope": "G",
                      "type": "script"
                    }
                  }
                },
                "meta": {
                  "name": "Module_9"
                },
                "position": {
                  "basis": "20%"
                },
                "propConfig": {
                  "position.display": {
                    "binding": {
                      "config": {
                        "expression": "if(isNull({this.props.text}), false, true)"
                      },
                      "type": "expr"
                    }
                  },
                  "props.style.backgroundColor": {
                    "binding": {
                      "config": {
                        "expression": "if({session.custom.Params.MODULE_ID} \u003d {this.custom.M_No},\u0027#4468AA\u0027,\u0027#585858\u0027)"
                      },
                      "type": "expr"
                    }
                  },
                  "props.text": {
                    "binding": {
                      "config": {
                        "parameters": {
                          "column": "\u0027MODULE\u0027",
                          "table": "\u0027MODULE\u0027",
                          "where": "\"BG \u003d \u0027\"+{session.custom.CP_User_Management.BG_Name}+\"\u0027 AND \"+\r \"BG_ID \u003d \"+{session.custom.CP_User_Management.BG_ID}+\" AND \"+\r \"MODULE_ID \u003d \"+{this.custom.M_No}"
                        },
                        "queryPath": "PMC/NEW_TEST/ACTIONS/SELECT"
                      },
                      "transforms": [
                        {
                          "expression": "{value}[0,0]",
                          "type": "expression"
                        }
                      ],
                      "type": "query"
                    }
                  }
                },
                "props": {
                  "style": {
                    "borderBottomLeftRadius": 15,
                    "borderBottomRightRadius": 15,
                    "borderColor": "#989E9D",
                    "borderStyle": "groove",
                    "borderTopLeftRadius": 15,
                    "borderTopRightRadius": 15,
                    "borderWidth": 8,
                    "color": "#FFFFFF",
                    "fontFamily": "Arial",
                    "fontSize": "2.4vmin",
                    "fontWeight": "bolder"
                  }
                },
                "type": "ia.input.button"
              },
              {
                "custom": {
                  "M_No": 10
                },
                "events": {
                  "dom": {
                    "onClick": {
                      "config": {
                        "script": "\tNo\u003dself.custom.M_No\n\tName\u003dself.props.text\n\tself.session.custom.Params.MODULE \u003d Name\n\tself.session.custom.Params.MODULE_ID \u003d No"
                      },
                      "scope": "G",
                      "type": "script"
                    }
                  }
                },
                "meta": {
                  "name": "Module_10"
                },
                "position": {
                  "basis": "20%"
                },
                "propConfig": {
                  "position.display": {
                    "binding": {
                      "config": {
                        "expression": "if(isNull({this.props.text}), false, true)"
                      },
                      "type": "expr"
                    }
                  },
                  "props.style.backgroundColor": {
                    "binding": {
                      "config": {
                        "expression": "if({session.custom.Params.MODULE_ID} \u003d {this.custom.M_No},\u0027#4468AA\u0027,\u0027#585858\u0027)"
                      },
                      "type": "expr"
                    }
                  },
                  "props.text": {
                    "binding": {
                      "config": {
                        "parameters": {
                          "column": "\u0027MODULE\u0027",
                          "table": "\u0027MODULE\u0027",
                          "where": "\"BG \u003d \u0027\"+{session.custom.CP_User_Management.BG_Name}+\"\u0027 AND \"+\r \"BG_ID \u003d \"+{session.custom.CP_User_Management.BG_ID}+\" AND \"+\r \"MODULE_ID \u003d \"+{this.custom.M_No}"
                        },
                        "queryPath": "PMC/NEW_TEST/ACTIONS/SELECT"
                      },
                      "transforms": [
                        {
                          "expression": "{value}[0,0]",
                          "type": "expression"
                        }
                      ],
                      "type": "query"
                    }
                  }
                },
                "props": {
                  "style": {
                    "borderBottomLeftRadius": 15,
                    "borderBottomRightRadius": 15,
                    "borderColor": "#989E9D",
                    "borderStyle": "groove",
                    "borderTopLeftRadius": 15,
                    "borderTopRightRadius": 15,
                    "borderWidth": 8,
                    "color": "#FFFFFF",
                    "fontFamily": "Arial",
                    "fontSize": "2.4vmin",
                    "fontWeight": "bolder"
                  }
                },
                "type": "ia.input.button"
              }
            ],
            "meta": {
              "name": "MODULE"
            },
            "position": {
              "basis": "20%",
              "shrink": 0
            },
            "props": {
              "direction": "column",
              "style": {
                "backgroundColor": "",
                "borderBottomLeftRadius": 15,
                "borderBottomRightRadius": 0,
                "borderColor": "#4468AA",
                "borderStyle": "double",
                "borderTopLeftRadius": 0,
                "borderTopRightRadius": 0,
                "borderWidth": 3
              }
            },
            "type": "ia.container.flex"
          },
          {
            "children": [
              {
                "events": {
                  "dom": {
                    "onClick": {
                      "config": {
                        "params": {},
                        "view": "PMC/Create_Delete_Checklist/CREATE_CHECKLIST"
                      },
                      "scope": "C",
                      "type": "nav"
                    }
                  }
                },
                "meta": {
                  "name": "Button"
                },
                "position": {
                  "height": 0.0867,
                  "width": 0.503,
                  "x": 0.2364,
                  "y": 0.5633
                },
                "propConfig": {
                  "meta.visible": {
                    "binding": {
                      "config": {
                        "expression": "if({session.custom.Params.MODULE}!\u003d\u0027\u0027,true,false)"
                      },
                      "type": "expr"
                    }
                  },
                  "props.enabled": {
                    "binding": {
                      "config": {
                        "expression": "indexOf({session.props.auth.user.roles}, \"RDC Admin\") \u003e\u003d 0 ||\r\nindexOf({session.props.auth.user.roles}, \"Administrator\") \u003e\u003d 0"
                      },
                      "type": "expr"
                    }
                  }
                },
                "props": {
                  "style": {
                    "backgroundColor": "#3C598E",
                    "borderBottomLeftRadius": 0,
                    "borderBottomRightRadius": 0,
                    "borderTopLeftRadius": 30,
                    "borderTopRightRadius": 30,
                    "color": "#FFFFFF",
                    "fontFamily": "Arial",
                    "fontSize": "2.4vmin",
                    "fontWeight": "bolder"
                  },
                  "text": "Create Checklist"
                },
                "type": "ia.input.button"
              },
              {
                "meta": {
                  "name": "Button_0"
                },
                "position": {
                  "height": 0.0867,
                  "width": 0.503,
                  "x": 0.2364,
                  "y": 0.6586
                },
                "propConfig": {
                  "meta.visible": {
                    "binding": {
                      "config": {
                        "expression": "if({session.custom.Params.MODULE}!\u003d\u0027\u0027,true,false)"
                      },
                      "type": "expr"
                    }
                  }
                },
                "props": {
                  "style": {
                    "backgroundColor": "#3C598E",
                    "borderBottomLeftRadius": 5,
                    "borderBottomRightRadius": 5,
                    "borderTopLeftRadius": 5,
                    "borderTopRightRadius": 5,
                    "color": "#FFFFFF",
                    "fontFamily": "Arial",
                    "fontSize": "2.4vmin",
                    "fontWeight": "bolder"
                  },
                  "text": "Delete Checklist"
                },
                "type": "ia.input.button"
              },
              {
                "events": {
                  "dom": {
                    "onClick": {
                      "config": {
                        "params": {
                          "BG": "{session.custom.CP_User_Management.BG_Name}",
                          "BG_ID": "{session.custom.CP_User_Management.BG_ID}",
                          "MODULE": "{session.custom.Params.MODULE}",
                          "MODULE_ID": "{session.custom.Params.MODULE_ID}"
                        },
                        "view": "PMC/Interface/Next_Shedule"
                      },
                      "scope": "C",
                      "type": "nav"
                    }
                  }
                },
                "meta": {
                  "name": "Button_1"
                },
                "position": {
                  "height": 0.0867,
                  "width": 0.503,
                  "x": 0.2364,
                  "y": 0.7539
                },
                "propConfig": {
                  "meta.visible": {
                    "binding": {
                      "config": {
                        "expression": "if({session.custom.Params.MODULE}!\u003d\u0027\u0027,true,false)"
                      },
                      "type": "expr"
                    }
                  }
                },
                "props": {
                  "style": {
                    "backgroundColor": "#3C598E",
                    "borderBottomLeftRadius": 5,
                    "borderBottomRightRadius": 5,
                    "borderTopLeftRadius": 5,
                    "borderTopRightRadius": 5,
                    "color": "#FFFFFF",
                    "fontFamily": "Arial",
                    "fontSize": "2.4vmin",
                    "fontWeight": "bolder"
                  },
                  "text": "Next Shedule"
                },
                "type": "ia.input.button"
              },
              {
                "events": {
                  "dom": {
                    "onClick": {
                      "config": {
                        "params": {},
                        "view": "PMC/Masters/MasterPage"
                      },
                      "scope": "C",
                      "type": "nav"
                    }
                  }
                },
                "meta": {
                  "name": "Button_2"
                },
                "position": {
                  "height": 0.0867,
                  "width": 0.503,
                  "x": 0.2364,
                  "y": 0.8492
                },
                "propConfig": {
                  "meta.visible": {
                    "binding": {
                      "config": {
                        "expression": "if({session.custom.Params.MODULE}!\u003d\u0027\u0027,true,false)"
                      },
                      "type": "expr"
                    }
                  },
                  "props.enabled": {
                    "binding": {
                      "config": {
                        "expression": "indexOf({session.props.auth.user.roles}, \"RDC Admin\") \u003e\u003d 0 ||\r\nindexOf({session.props.auth.user.roles}, \"Administrator\") \u003e\u003d 0"
                      },
                      "type": "expr"
                    }
                  }
                },
                "props": {
                  "style": {
                    "backgroundColor": "#3C598E",
                    "borderBottomLeftRadius": 30,
                    "borderBottomRightRadius": 30,
                    "borderTopLeftRadius": 0,
                    "borderTopRightRadius": 0,
                    "color": "#FFFFFF",
                    "fontFamily": "Arial",
                    "fontSize": "2.4vmin",
                    "fontWeight": "bolder"
                  },
                  "text": "Master"
                },
                "type": "ia.input.button"
              },
              {
                "children": [
                  {
                    "meta": {
                      "name": "Label"
                    },
                    "position": {
                      "basis": "50%"
                    },
                    "props": {
                      "style": {
                        "color": "#000000",
                        "fontFamily": "Arial",
                        "fontSize": "2.4vmin",
                        "fontWeight": "bolder",
                        "textAlign": "center"
                      },
                      "text": "Business: "
                    },
                    "type": "ia.display.label"
                  },
                  {
                    "meta": {
                      "name": "Label_0"
                    },
                    "position": {
                      "basis": "50%"
                    },
                    "propConfig": {
                      "position.display": {
                        "binding": {
                          "config": {
                            "expression": "if({session.custom.CP_User_Management.BG_State},false,true)"
                          },
                          "type": "expr"
                        }
                      },
                      "props.text": {
                        "binding": {
                          "config": {
                            "path": "view.params.BG_Name"
                          },
                          "type": "property"
                        }
                      }
                    },
                    "props": {
                      "style": {
                        "backgroundColor": "#4468AA",
                        "borderBottomLeftRadius": 13,
                        "borderBottomRightRadius": 13,
                        "borderTopLeftRadius": 13,
                        "borderTopRightRadius": 13,
                        "color": "#FFFFFF",
                        "fontFamily": "Arial",
                        "fontSize": "2.4vmin",
                        "fontWeight": "bolder",
                        "textAlign": "center"
                      }
                    },
                    "type": "ia.display.label"
                  },
                  {
                    "custom": {
                      "BG_ID": ""
                    },
                    "meta": {
                      "name": "Dropdown"
                    },
                    "position": {
                      "basis": "50%"
                    },
                    "propConfig": {
                      "position.display": {
                        "binding": {
                          "config": {
                            "expression": "{session.custom.CP_User_Management.BG_State}"
                          },
                          "type": "expr"
                        }
                      },
                      "props.options": {
                        "binding": {
                          "config": {
                            "expression": "{session.custom.CP_User_Management.BG_DD}"
                          },
                          "type": "expr"
                        }
                      },
                      "props.value": {
                        "onChange": {
                          "enabled": null,
                          "script": "\toptions \u003d self.props.options\n\tselected_value \u003d currentValue.value\n\tselected_id \u003d next((item[\"ID\"] for item in options if item[\"value\"] \u003d\u003d selected_value), None)\n\tself.session.custom.CP_User_Management.BG_Name \u003d currentValue.value\n\tself.session.custom.CP_User_Management.BG_ID \u003d \u0027\u0027 if selected_id is None else selected_id\n\tself.custom.BG_ID \u003d \u0027\u0027 if selected_id is None else selected_id\n\t#self.session.custom.PMC_Master.BG \u003d currentValue.value\n\t#self.session.custom.PMC_Master.BG_ID \u003d \u0027\u0027 if selected_id is None else selected_id\n\tself.session.custom.CP_User_Management.BG_Name \u003d currentValue.value\n\tself.session.custom.CP_User_Management.BG_ID \u003d \u0027\u0027 if selected_id is None else selected_id"
                        }
                      }
                    },
                    "props": {
                      "dropdownOptionStyle": {
                        "backgroundColor": "#4468AA",
                        "borderBottomLeftRadius": 13,
                        "borderBottomRightRadius": 13,
                        "borderTopLeftRadius": 13,
                        "borderTopRightRadius": 13,
                        "color": "#FFFFFF",
                        "fontFamily": "Arial",
                        "fontSize": "2.4vmin",
                        "fontWeight": "bolder",
                        "textAlign": "center"
                      },
                      "placeholder": {
                        "color": "#FFFFFF"
                      },
                      "style": {
                        "backgroundColor": "#4468AA",
                        "borderBottomLeftRadius": 13,
                        "borderBottomRightRadius": 13,
                        "borderTopLeftRadius": 13,
                        "borderTopRightRadius": 13,
                        "color": "#FFFFFF",
                        "fontFamily": "Arial",
                        "fontSize": "2.4vmin",
                        "fontWeight": "bolder",
                        "textAlign": "center"
                      }
                    },
                    "type": "ia.input.dropdown"
                  }
                ],
                "meta": {
                  "name": "FlexContainer_1"
                },
                "position": {
                  "height": 0.0693,
                  "rotate": {
                    "anchor": "100%"
                  },
                  "width": 0.2515,
                  "x": 0.3773,
                  "y": 0.0173
                },
                "props": {
                  "justify": "space-around",
                  "style": {
                    "borderBottomLeftRadius": 15,
                    "borderBottomRightRadius": 15,
                    "borderColor": "#4468AA",
                    "borderStyle": "double",
                    "borderTopLeftRadius": 15,
                    "borderTopRightRadius": 15,
                    "borderWidth": 3
                  }
                },
                "type": "ia.container.flex"
              },
              {
                "children": [
                  {
                    "children": [
                      {
                        "custom": {
                          "SUB_MOD_NO": 1
                        },
                        "events": {
                          "dom": {
                            "onClick": {
                              "config": {
                                "script": "\tNo \u003d self.custom.SUB_MOD_NO\n\tName \u003d self.props.text\n\tself.session.custom.Params.SUB_MODULE \u003d Name\n\tself.session.custom.Params.SUB_MODULE_ID \u003d No\n\tsystem.perspective.navigate(view \u003d \u0027PMC/Interface/Plant_and_DEPT_Page\u0027)\n"
                              },
                              "scope": "G",
                              "type": "script"
                            },
                            "onMouseEnter": {
                              "config": {
                                "script": "\tself.props.style.backgroundColor \u003d \u0027#4468AA\u0027"
                              },
                              "scope": "G",
                              "type": "script"
                            },
                            "onMouseLeave": {
                              "config": {
                                "script": "\tself.props.style.backgroundColor \u003d \u0027#585858\u0027"
                              },
                              "scope": "G",
                              "type": "script"
                            }
                          }
                        },
                        "meta": {
                          "name": "SUB_MODULE_1"
                        },
                        "position": {
                          "basis": "18%"
                        },
                        "propConfig": {
                          "position.display": {
                            "binding": {
                              "config": {
                                "expression": "if(isNull({this.props.text}), false, true)"
                              },
                              "type": "expr"
                            }
                          },
                          "props.text": {
                            "binding": {
                              "config": {
                                "parameters": {
                                  "column": "\u0027SUB_MODULE\u0027",
                                  "table": "\u0027SUB_MODULE\u0027",
                                  "where": "\"BG \u003d \u0027\"+{session.custom.CP_User_Management.BG_Name}+\"\u0027 AND \"+\r \"BG_ID \u003d \"+{session.custom.CP_User_Management.BG_ID}+\" AND \"+\r \"MODULE_ID \u003d \"+{session.custom.Params.MODULE_ID}+\" AND \"+\r \"MODULE \u003d \u0027\"+{session.custom.Params.MODULE}+\"\u0027 AND \"+\r \"SUB_MODULE_ID \u003d \"+{this.custom.SUB_MOD_NO}"
                                },
                                "queryPath": "PMC/NEW_TEST/ACTIONS/SELECT"
                              },
                              "transforms": [
                                {
                                  "expression": "{value}[0,0]",
                                  "type": "expression"
                                }
                              ],
                              "type": "query"
                            }
                          }
                        },
                        "props": {
                          "style": {
                            "backgroundColor": "#585858",
                            "borderBottomLeftRadius": 0,
                            "borderBottomRightRadius": 0,
                            "borderColor": "#989E9D",
                            "borderStyle": "groove",
                            "borderTopLeftRadius": 0,
                            "borderTopRightRadius": 0,
                            "borderWidth": 8,
                            "color": "#FFFFFF",
                            "fontFamily": "Arial",
                            "fontSize": "2.4vmin",
                            "fontWeight": "bolder"
                          }
                        },
                        "type": "ia.input.button"
                      },
                      {
                        "custom": {
                          "SUB_MOD_NO": 2
                        },
                        "events": {
                          "dom": {
                            "onClick": {
                              "config": {
                                "script": "\tNo\u003dself.custom.SUB_MOD_NO\n\tName\u003dself.props.text\n\tself.session.custom.Params.SUB_MODULE \u003d Name\n\tself.session.custom.Params.SUB_MODULE_ID \u003d No\n\tsystem.perspective.navigate(view \u003d \u0027PMC/Interface/Plant_and_DEPT_Page\u0027)"
                              },
                              "scope": "G",
                              "type": "script"
                            },
                            "onMouseEnter": {
                              "config": {
                                "script": "\tself.props.style.backgroundColor \u003d \u0027#4468AA\u0027"
                              },
                              "scope": "G",
                              "type": "script"
                            },
                            "onMouseLeave": {
                              "config": {
                                "script": "\tself.props.style.backgroundColor \u003d \u0027#585858\u0027"
                              },
                              "scope": "G",
                              "type": "script"
                            }
                          }
                        },
                        "meta": {
                          "name": "SUB_MODULE_2"
                        },
                        "position": {
                          "basis": "18%"
                        },
                        "propConfig": {
                          "position.display": {
                            "binding": {
                              "config": {
                                "expression": "if(isNull({this.props.text}), false, true)"
                              },
                              "type": "expr"
                            }
                          },
                          "props.text": {
                            "binding": {
                              "config": {
                                "parameters": {
                                  "column": "\u0027SUB_MODULE\u0027",
                                  "table": "\u0027SUB_MODULE\u0027",
                                  "where": "\"BG \u003d \u0027\"+{session.custom.CP_User_Management.BG_Name}+\"\u0027 AND \"+\r \"BG_ID \u003d \"+{session.custom.CP_User_Management.BG_ID}+\" AND \"+\r \"MODULE_ID \u003d \"+{session.custom.Params.MODULE_ID}+\" AND \"+\r \"MODULE \u003d \u0027\"+{session.custom.Params.MODULE}+\"\u0027 AND \"+\r \"SUB_MODULE_ID \u003d \"+{this.custom.SUB_MOD_NO}"
                                },
                                "queryPath": "PMC/NEW_TEST/ACTIONS/SELECT"
                              },
                              "transforms": [
                                {
                                  "expression": "{value}[0,0]",
                                  "type": "expression"
                                }
                              ],
                              "type": "query"
                            }
                          }
                        },
                        "props": {
                          "style": {
                            "backgroundColor": "#585858",
                            "borderBottomLeftRadius": 0,
                            "borderBottomRightRadius": 0,
                            "borderColor": "#989E9D",
                            "borderStyle": "groove",
                            "borderTopLeftRadius": 0,
                            "borderTopRightRadius": 0,
                            "borderWidth": 8,
                            "color": "#FFFFFF",
                            "fontFamily": "Arial",
                            "fontSize": "2.4vmin",
                            "fontWeight": "bolder"
                          }
                        },
                        "type": "ia.input.button"
                      },
                      {
                        "custom": {
                          "SUB_MOD_NO": 3
                        },
                        "events": {
                          "dom": {
                            "onClick": {
                              "config": {
                                "script": "\tNo\u003dself.custom.SUB_MOD_NO\n\tName\u003dself.props.text\n\tself.session.custom.Params.SUB_MODULE \u003d Name\n\tself.session.custom.Params.SUB_MODULE_ID \u003d No\n\tsystem.perspective.navigate(view \u003d \u0027PMC/Interface/Plant_and_DEPT_Page\u0027)"
                              },
                              "scope": "G",
                              "type": "script"
                            },
                            "onMouseEnter": {
                              "config": {
                                "script": "\tself.props.style.backgroundColor \u003d \u0027#4468AA\u0027"
                              },
                              "scope": "G",
                              "type": "script"
                            },
                            "onMouseLeave": {
                              "config": {
                                "script": "\tself.props.style.backgroundColor \u003d \u0027#585858\u0027"
                              },
                              "scope": "G",
                              "type": "script"
                            }
                          }
                        },
                        "meta": {
                          "name": "SUB_MODULE_3"
                        },
                        "position": {
                          "basis": "18%"
                        },
                        "propConfig": {
                          "position.display": {
                            "binding": {
                              "config": {
                                "expression": "if(isNull({this.props.text}), false, true)"
                              },
                              "type": "expr"
                            }
                          },
                          "props.text": {
                            "binding": {
                              "config": {
                                "parameters": {
                                  "column": "\u0027SUB_MODULE\u0027",
                                  "table": "\u0027SUB_MODULE\u0027",
                                  "where": "\"BG \u003d \u0027\"+{session.custom.CP_User_Management.BG_Name}+\"\u0027 AND \"+\r \"BG_ID \u003d \"+{session.custom.CP_User_Management.BG_ID}+\" AND \"+\r \"MODULE_ID \u003d \"+{session.custom.Params.MODULE_ID}+\" AND \"+\r \"MODULE \u003d \u0027\"+{session.custom.Params.MODULE}+\"\u0027 AND \"+\r \"SUB_MODULE_ID \u003d \"+{this.custom.SUB_MOD_NO}"
                                },
                                "queryPath": "PMC/NEW_TEST/ACTIONS/SELECT"
                              },
                              "transforms": [
                                {
                                  "expression": "{value}[0,0]",
                                  "type": "expression"
                                }
                              ],
                              "type": "query"
                            }
                          }
                        },
                        "props": {
                          "style": {
                            "backgroundColor": "#585858",
                            "borderBottomLeftRadius": 0,
                            "borderBottomRightRadius": 0,
                            "borderColor": "#989E9D",
                            "borderStyle": "groove",
                            "borderTopLeftRadius": 0,
                            "borderTopRightRadius": 0,
                            "borderWidth": 8,
                            "color": "#FFFFFF",
                            "fontFamily": "Arial",
                            "fontSize": "2.4vmin",
                            "fontWeight": "bolder"
                          }
                        },
                        "type": "ia.input.button"
                      },
                      {
                        "custom": {
                          "SUB_MOD_NO": 4
                        },
                        "events": {
                          "dom": {
                            "onClick": {
                              "config": {
                                "script": "\tNo\u003dself.custom.SUB_MOD_NO\n\tName\u003dself.props.text\n\tself.session.custom.Params.SUB_MODULE \u003d Name\n\tself.session.custom.Params.SUB_MODULE_ID \u003d No\n\tsystem.perspective.navigate(view \u003d \u0027PMC/Interface/Plant_and_DEPT_Page\u0027)\n"
                              },
                              "scope": "G",
                              "type": "script"
                            },
                            "onMouseEnter": {
                              "config": {
                                "script": "\tself.props.style.backgroundColor \u003d \u0027#4468AA\u0027"
                              },
                              "scope": "G",
                              "type": "script"
                            },
                            "onMouseLeave": {
                              "config": {
                                "script": "\tself.props.style.backgroundColor \u003d \u0027#585858\u0027"
                              },
                              "scope": "G",
                              "type": "script"
                            }
                          }
                        },
                        "meta": {
                          "name": "SUB_MODULE_4"
                        },
                        "position": {
                          "basis": "18%"
                        },
                        "propConfig": {
                          "position.display": {
                            "binding": {
                              "config": {
                                "expression": "if(isNull({this.props.text}), false, true)"
                              },
                              "type": "expr"
                            }
                          },
                          "props.text": {
                            "binding": {
                              "config": {
                                "parameters": {
                                  "column": "\u0027SUB_MODULE\u0027",
                                  "table": "\u0027SUB_MODULE\u0027",
                                  "where": "\"BG \u003d \u0027\"+{session.custom.CP_User_Management.BG_Name}+\"\u0027 AND \"+\r \"BG_ID \u003d \"+{session.custom.CP_User_Management.BG_ID}+\" AND \"+\r \"MODULE_ID \u003d \"+{session.custom.Params.MODULE_ID}+\" AND \"+\r \"MODULE \u003d \u0027\"+{session.custom.Params.MODULE}+\"\u0027 AND \"+\r \"SUB_MODULE_ID \u003d \"+{this.custom.SUB_MOD_NO}"
                                },
                                "queryPath": "PMC/NEW_TEST/ACTIONS/SELECT"
                              },
                              "transforms": [
                                {
                                  "expression": "{value}[0,0]",
                                  "type": "expression"
                                }
                              ],
                              "type": "query"
                            }
                          }
                        },
                        "props": {
                          "style": {
                            "backgroundColor": "#585858",
                            "borderBottomLeftRadius": 0,
                            "borderBottomRightRadius": 0,
                            "borderColor": "#989E9D",
                            "borderStyle": "groove",
                            "borderTopLeftRadius": 0,
                            "borderTopRightRadius": 0,
                            "borderWidth": 8,
                            "color": "#FFFFFF",
                            "fontFamily": "Arial",
                            "fontSize": "2.4vmin",
                            "fontWeight": "bolder"
                          }
                        },
                        "type": "ia.input.button"
                      },
                      {
                        "custom": {
                          "SUB_MOD_NO": 5
                        },
                        "events": {
                          "dom": {
                            "onClick": [
                              {
                                "config": {
                                  "script": "\tNo\u003dself.custom.SUB_MOD_NO\n\tName\u003dself.props.text\n\tself.session.custom.Params.SUB_MODULE \u003d Name\n\tself.session.custom.Params.SUB_MODULE_ID \u003d No\n\tsystem.perspective.navigate(view \u003d \u0027PMC/Interface/Plant_and_DEPT_Page\u0027)"
                                },
                                "scope": "G",
                                "type": "script"
                              },
                              {
                                "config": {
                                  "params": {},
                                  "view": "PMC/Interface/Plant and Line"
                                },
                                "enabled": false,
                                "scope": "C",
                                "type": "nav"
                              }
                            ],
                            "onMouseEnter": {
                              "config": {
                                "script": "\tself.props.style.backgroundColor \u003d \u0027#4468AA\u0027"
                              },
                              "scope": "G",
                              "type": "script"
                            },
                            "onMouseLeave": {
                              "config": {
                                "script": "\tself.props.style.backgroundColor \u003d \u0027#585858\u0027"
                              },
                              "scope": "G",
                              "type": "script"
                            }
                          }
                        },
                        "meta": {
                          "name": "SUB_MODULE_5"
                        },
                        "position": {
                          "basis": "18%"
                        },
                        "propConfig": {
                          "position.display": {
                            "binding": {
                              "config": {
                                "expression": "if(isNull({this.props.text}), false, true)"
                              },
                              "type": "expr"
                            }
                          },
                          "props.text": {
                            "binding": {
                              "config": {
                                "parameters": {
                                  "column": "\u0027SUB_MODULE\u0027",
                                  "table": "\u0027SUB_MODULE\u0027",
                                  "where": "\"BG \u003d \u0027\"+{session.custom.CP_User_Management.BG_Name}+\"\u0027 AND \"+\r \"BG_ID \u003d \"+{session.custom.CP_User_Management.BG_ID}+\" AND \"+\r \"MODULE_ID \u003d \"+{session.custom.Params.MODULE_ID}+\" AND \"+\r \"MODULE \u003d \u0027\"+{session.custom.Params.MODULE}+\"\u0027 AND \"+\r \"SUB_MODULE_ID \u003d \"+{this.custom.SUB_MOD_NO}"
                                },
                                "queryPath": "PMC/NEW_TEST/ACTIONS/SELECT"
                              },
                              "transforms": [
                                {
                                  "expression": "{value}[0,0]",
                                  "type": "expression"
                                }
                              ],
                              "type": "query"
                            }
                          }
                        },
                        "props": {
                          "style": {
                            "backgroundColor": "#585858",
                            "borderBottomLeftRadius": 0,
                            "borderBottomRightRadius": 0,
                            "borderColor": "#989E9D",
                            "borderStyle": "groove",
                            "borderTopLeftRadius": 0,
                            "borderTopRightRadius": 0,
                            "borderWidth": 8,
                            "color": "#FFFFFF",
                            "fontFamily": "Arial",
                            "fontSize": "2.4vmin",
                            "fontWeight": "bolder"
                          }
                        },
                        "type": "ia.input.button"
                      }
                    ],
                    "meta": {
                      "name": "SUB_MOD_ROW1"
                    },
                    "position": {
                      "basis": "50%"
                    },
                    "props": {
                      "justify": "space-between"
                    },
                    "type": "ia.container.flex"
                  },
                  {
                    "children": [
                      {
                        "custom": {
                          "SUB_MOD_NO": 6
                        },
                        "events": {
                          "dom": {
                            "onClick": {
                              "config": {
                                "script": "\tNo \u003d self.custom.SUB_MOD_NO\n\tName \u003d self.props.text\n\tself.session.custom.Params.SUB_MODULE \u003d Name\n\tself.session.custom.Params.SUB_MODULE_ID \u003d No\n\tsystem.perspective.navigate(view \u003d \u0027PMC/Interface/Plant_and_DEPT_Page\u0027)\n"
                              },
                              "scope": "G",
                              "type": "script"
                            },
                            "onMouseEnter": {
                              "config": {
                                "script": "\tself.props.style.backgroundColor \u003d \u0027#4468AA\u0027"
                              },
                              "scope": "G",
                              "type": "script"
                            },
                            "onMouseLeave": {
                              "config": {
                                "script": "\tself.props.style.backgroundColor \u003d \u0027#585858\u0027"
                              },
                              "scope": "G",
                              "type": "script"
                            }
                          }
                        },
                        "meta": {
                          "name": "SUB_MODULE_6"
                        },
                        "position": {
                          "basis": "18%"
                        },
                        "propConfig": {
                          "position.display": {
                            "binding": {
                              "config": {
                                "expression": "if(isNull({this.props.text}), false, true)"
                              },
                              "type": "expr"
                            }
                          },
                          "props.text": {
                            "binding": {
                              "config": {
                                "parameters": {
                                  "column": "\u0027SUB_MODULE\u0027",
                                  "table": "\u0027SUB_MODULE\u0027",
                                  "where": "\"BG \u003d \u0027\"+{session.custom.CP_User_Management.BG_Name}+\"\u0027 AND \"+\r \"BG_ID \u003d \"+{session.custom.CP_User_Management.BG_ID}+\" AND \"+\r \"MODULE_ID \u003d \"+{session.custom.Params.MODULE_ID}+\" AND \"+\r \"MODULE \u003d \u0027\"+{session.custom.Params.MODULE}+\"\u0027 AND \"+\r \"SUB_MODULE_ID \u003d \"+{this.custom.SUB_MOD_NO}"
                                },
                                "queryPath": "PMC/NEW_TEST/ACTIONS/SELECT"
                              },
                              "transforms": [
                                {
                                  "expression": "{value}[0,0]",
                                  "type": "expression"
                                }
                              ],
                              "type": "query"
                            }
                          }
                        },
                        "props": {
                          "style": {
                            "backgroundColor": "#585858",
                            "borderBottomLeftRadius": 0,
                            "borderBottomRightRadius": 0,
                            "borderColor": "#989E9D",
                            "borderStyle": "groove",
                            "borderTopLeftRadius": 0,
                            "borderTopRightRadius": 0,
                            "borderWidth": 8,
                            "color": "#FFFFFF",
                            "fontFamily": "Arial",
                            "fontSize": "2.4vmin",
                            "fontWeight": "bolder"
                          }
                        },
                        "type": "ia.input.button"
                      },
                      {
                        "custom": {
                          "SUB_MOD_NO": 7
                        },
                        "events": {
                          "dom": {
                            "onClick": {
                              "config": {
                                "script": "\tNo\u003dself.custom.SUB_MOD_NO\n\tName\u003dself.props.text\n\tself.session.custom.Params.SUB_MODULE \u003d Name\n\tself.session.custom.Params.SUB_MODULE_ID \u003d No\n\tsystem.perspective.navigate(view \u003d \u0027PMC/Interface/Plant_and_DEPT_Page\u0027)"
                              },
                              "scope": "G",
                              "type": "script"
                            },
                            "onMouseEnter": {
                              "config": {
                                "script": "\tself.props.style.backgroundColor \u003d \u0027#4468AA\u0027"
                              },
                              "scope": "G",
                              "type": "script"
                            },
                            "onMouseLeave": {
                              "config": {
                                "script": "\tself.props.style.backgroundColor \u003d \u0027#585858\u0027"
                              },
                              "scope": "G",
                              "type": "script"
                            }
                          }
                        },
                        "meta": {
                          "name": "SUB_MODULE_7"
                        },
                        "position": {
                          "basis": "18%"
                        },
                        "propConfig": {
                          "position.display": {
                            "binding": {
                              "config": {
                                "expression": "if(isNull({this.props.text}), false, true)"
                              },
                              "type": "expr"
                            }
                          },
                          "props.text": {
                            "binding": {
                              "config": {
                                "parameters": {
                                  "column": "\u0027SUB_MODULE\u0027",
                                  "table": "\u0027SUB_MODULE\u0027",
                                  "where": "\"BG \u003d \u0027\"+{session.custom.CP_User_Management.BG_Name}+\"\u0027 AND \"+\r \"BG_ID \u003d \"+{session.custom.CP_User_Management.BG_ID}+\" AND \"+\r \"MODULE_ID \u003d \"+{session.custom.Params.MODULE_ID}+\" AND \"+\r \"MODULE \u003d \u0027\"+{session.custom.Params.MODULE}+\"\u0027 AND \"+\r \"SUB_MODULE_ID \u003d \"+{this.custom.SUB_MOD_NO}"
                                },
                                "queryPath": "PMC/NEW_TEST/ACTIONS/SELECT"
                              },
                              "transforms": [
                                {
                                  "expression": "{value}[0,0]",
                                  "type": "expression"
                                }
                              ],
                              "type": "query"
                            }
                          }
                        },
                        "props": {
                          "style": {
                            "backgroundColor": "#585858",
                            "borderBottomLeftRadius": 0,
                            "borderBottomRightRadius": 0,
                            "borderColor": "#989E9D",
                            "borderStyle": "groove",
                            "borderTopLeftRadius": 0,
                            "borderTopRightRadius": 0,
                            "borderWidth": 8,
                            "color": "#FFFFFF",
                            "fontFamily": "Arial",
                            "fontSize": "2.4vmin",
                            "fontWeight": "bolder"
                          }
                        },
                        "type": "ia.input.button"
                      },
                      {
                        "custom": {
                          "SUB_MOD_NO": 8
                        },
                        "events": {
                          "dom": {
                            "onClick": {
                              "config": {
                                "script": "\tNo\u003dself.custom.SUB_MOD_NO\n\tName\u003dself.props.text\n\tself.session.custom.Params.SUB_MODULE \u003d Name\n\tself.session.custom.Params.SUB_MODULE_ID \u003d No\n\tsystem.perspective.navigate(view \u003d \u0027PMC/Interface/Plant_and_DEPT_Page\u0027)"
                              },
                              "scope": "G",
                              "type": "script"
                            },
                            "onMouseEnter": {
                              "config": {
                                "script": "\tself.props.style.backgroundColor \u003d \u0027#4468AA\u0027"
                              },
                              "scope": "G",
                              "type": "script"
                            },
                            "onMouseLeave": {
                              "config": {
                                "script": "\tself.props.style.backgroundColor \u003d \u0027#585858\u0027"
                              },
                              "scope": "G",
                              "type": "script"
                            }
                          }
                        },
                        "meta": {
                          "name": "SUB_MODULE_8"
                        },
                        "position": {
                          "basis": "18%"
                        },
                        "propConfig": {
                          "position.display": {
                            "binding": {
                              "config": {
                                "expression": "if(isNull({this.props.text}), false, true)"
                              },
                              "type": "expr"
                            }
                          },
                          "props.text": {
                            "binding": {
                              "config": {
                                "parameters": {
                                  "column": "\u0027SUB_MODULE\u0027",
                                  "table": "\u0027SUB_MODULE\u0027",
                                  "where": "\"BG \u003d \u0027\"+{session.custom.CP_User_Management.BG_Name}+\"\u0027 AND \"+\r \"BG_ID \u003d \"+{session.custom.CP_User_Management.BG_ID}+\" AND \"+\r \"MODULE_ID \u003d \"+{session.custom.Params.MODULE_ID}+\" AND \"+\r \"MODULE \u003d \u0027\"+{session.custom.Params.MODULE}+\"\u0027 AND \"+\r \"SUB_MODULE_ID \u003d \"+{this.custom.SUB_MOD_NO}"
                                },
                                "queryPath": "PMC/NEW_TEST/ACTIONS/SELECT"
                              },
                              "transforms": [
                                {
                                  "expression": "{value}[0,0]",
                                  "type": "expression"
                                }
                              ],
                              "type": "query"
                            }
                          }
                        },
                        "props": {
                          "style": {
                            "backgroundColor": "#585858",
                            "borderBottomLeftRadius": 0,
                            "borderBottomRightRadius": 0,
                            "borderColor": "#989E9D",
                            "borderStyle": "groove",
                            "borderTopLeftRadius": 0,
                            "borderTopRightRadius": 0,
                            "borderWidth": 8,
                            "color": "#FFFFFF",
                            "fontFamily": "Arial",
                            "fontSize": "2.4vmin",
                            "fontWeight": "bolder"
                          }
                        },
                        "type": "ia.input.button"
                      },
                      {
                        "custom": {
                          "SUB_MOD_NO": 9
                        },
                        "events": {
                          "dom": {
                            "onClick": {
                              "config": {
                                "script": "\tNo\u003dself.custom.SUB_MOD_NO\n\tName\u003dself.props.text\n\tself.session.custom.Params.SUB_MODULE \u003d Name\n\tself.session.custom.Params.SUB_MODULE_ID \u003d No\n\tsystem.perspective.navigate(view \u003d \u0027PMC/Interface/Plant_and_DEPT_Page\u0027)"
                              },
                              "scope": "G",
                              "type": "script"
                            },
                            "onMouseEnter": {
                              "config": {
                                "script": "\tself.props.style.backgroundColor \u003d \u0027#4468AA\u0027"
                              },
                              "scope": "G",
                              "type": "script"
                            },
                            "onMouseLeave": {
                              "config": {
                                "script": "\tself.props.style.backgroundColor \u003d \u0027#585858\u0027"
                              },
                              "scope": "G",
                              "type": "script"
                            }
                          }
                        },
                        "meta": {
                          "name": "SUB_MODULE_9"
                        },
                        "position": {
                          "basis": "18%"
                        },
                        "propConfig": {
                          "position.display": {
                            "binding": {
                              "config": {
                                "expression": "if(isNull({this.props.text}), false, true)"
                              },
                              "type": "expr"
                            }
                          },
                          "props.text": {
                            "binding": {
                              "config": {
                                "parameters": {
                                  "column": "\u0027SUB_MODULE\u0027",
                                  "table": "\u0027SUB_MODULE\u0027",
                                  "where": "\"BG \u003d \u0027\"+{session.custom.CP_User_Management.BG_Name}+\"\u0027 AND \"+\r \"BG_ID \u003d \"+{session.custom.CP_User_Management.BG_ID}+\" AND \"+\r \"MODULE_ID \u003d \"+{session.custom.Params.MODULE_ID}+\" AND \"+\r \"MODULE \u003d \u0027\"+{session.custom.Params.MODULE}+\"\u0027 AND \"+\r \"SUB_MODULE_ID \u003d \"+{this.custom.SUB_MOD_NO}"
                                },
                                "queryPath": "PMC/NEW_TEST/ACTIONS/SELECT"
                              },
                              "transforms": [
                                {
                                  "expression": "{value}[0,0]",
                                  "type": "expression"
                                }
                              ],
                              "type": "query"
                            }
                          }
                        },
                        "props": {
                          "style": {
                            "backgroundColor": "#585858",
                            "borderBottomLeftRadius": 0,
                            "borderBottomRightRadius": 0,
                            "borderColor": "#989E9D",
                            "borderStyle": "groove",
                            "borderTopLeftRadius": 0,
                            "borderTopRightRadius": 0,
                            "borderWidth": 8,
                            "color": "#FFFFFF",
                            "fontFamily": "Arial",
                            "fontSize": "2.4vmin",
                            "fontWeight": "bolder"
                          }
                        },
                        "type": "ia.input.button"
                      },
                      {
                        "custom": {
                          "SUB_MOD_NO": 10
                        },
                        "events": {
                          "dom": {
                            "onClick": {
                              "config": {
                                "script": "\tNo\u003dself.custom.SUB_MOD_NO\n\tName\u003dself.props.text\n\tself.session.custom.Params.SUB_MODULE \u003d Name\n\tself.session.custom.Params.SUB_MODULE_ID \u003d No\n\tsystem.perspective.navigate(view \u003d \u0027PMC/Interface/Plant_and_DEPT_Page\u0027)"
                              },
                              "scope": "G",
                              "type": "script"
                            },
                            "onMouseEnter": {
                              "config": {
                                "script": "\tself.props.style.backgroundColor \u003d \u0027#4468AA\u0027"
                              },
                              "scope": "G",
                              "type": "script"
                            },
                            "onMouseLeave": {
                              "config": {
                                "script": "\tself.props.style.backgroundColor \u003d \u0027#585858\u0027"
                              },
                              "scope": "G",
                              "type": "script"
                            }
                          }
                        },
                        "meta": {
                          "name": "SUB_MODULE_10"
                        },
                        "position": {
                          "basis": "18%"
                        },
                        "propConfig": {
                          "position.display": {
                            "binding": {
                              "config": {
                                "expression": "if(isNull({this.props.text}), false, true)"
                              },
                              "type": "expr"
                            }
                          },
                          "props.text": {
                            "binding": {
                              "config": {
                                "parameters": {
                                  "column": "\u0027SUB_MODULE\u0027",
                                  "table": "\u0027SUB_MODULE\u0027",
                                  "where": "\"BG \u003d \u0027\"+{session.custom.CP_User_Management.BG_Name}+\"\u0027 AND \"+\r \"BG_ID \u003d \"+{session.custom.CP_User_Management.BG_ID}+\" AND \"+\r \"MODULE_ID \u003d \"+{session.custom.Params.MODULE_ID}+\" AND \"+\r \"MODULE \u003d \u0027\"+{session.custom.Params.MODULE}+\"\u0027 AND \"+\r \"SUB_MODULE_ID \u003d \"+{this.custom.SUB_MOD_NO}"
                                },
                                "queryPath": "PMC/NEW_TEST/ACTIONS/SELECT"
                              },
                              "transforms": [
                                {
                                  "expression": "{value}[0,0]",
                                  "type": "expression"
                                }
                              ],
                              "type": "query"
                            }
                          }
                        },
                        "props": {
                          "style": {
                            "backgroundColor": "#585858",
                            "borderBottomLeftRadius": 0,
                            "borderBottomRightRadius": 0,
                            "borderColor": "#989E9D",
                            "borderStyle": "groove",
                            "borderTopLeftRadius": 0,
                            "borderTopRightRadius": 0,
                            "borderWidth": 8,
                            "color": "#FFFFFF",
                            "fontFamily": "Arial",
                            "fontSize": "2.4vmin",
                            "fontWeight": "bolder"
                          }
                        },
                        "type": "ia.input.button"
                      }
                    ],
                    "meta": {
                      "name": "SUB_MOD_ROW2"
                    },
                    "position": {
                      "basis": "50%"
                    },
                    "props": {
                      "justify": "space-between"
                    },
                    "type": "ia.container.flex"
                  }
                ],
                "meta": {
                  "name": "SUBMODULES"
                },
                "position": {
                  "height": 0.3813,
                  "rotate": {
                    "anchor": "100%"
                  },
                  "width": 0.994,
                  "x": 0.0025,
                  "y": 0.13
                },
                "propConfig": {
                  "meta.visible": {
                    "binding": {
                      "config": {
                        "path": "session.custom.Params.MODULE"
                      },
                      "transforms": [
                        {
                          "fallback": "true",
                          "inputType": "scalar",
                          "mappings": [
                            {
                              "input": "",
                              "output": "false"
                            }
                          ],
                          "outputType": "expression",
                          "type": "map"
                        }
                      ],
                      "type": "property"
                    }
                  }
                },
                "props": {
                  "direction": "column",
                  "justify": "center"
                },
                "type": "ia.container.flex"
              }
            ],
            "custom": {
              "Module": 10,
              "Module_Name": 10
            },
            "meta": {
              "name": "SUBMODULE"
            },
            "position": {
              "basis": "80%",
              "shrink": 0
            },
            "props": {
              "mode": "percent",
              "style": {
                "backgroundColor": "#FFFFFF",
                "borderBottomLeftRadius": 0,
                "borderBottomRightRadius": 15,
                "borderColor": "#4468AA",
                "borderStyle": "double",
                "borderTopLeftRadius": 0,
                "borderTopRightRadius": 0,
                "borderWidth": 3
              }
            },
            "type": "ia.container.coord"
          }
        ],
        "meta": {
          "name": "FlexContainer"
        },
        "position": {
          "basis": "93%",
          "grow": 1
        },
        "type": "ia.container.flex"
      }
    ],
    "events": {
      "system": {
        "onStartup": {
          "config": {
            "script": "\tself.getChild(\"FlexContainer\").getChild(\"SUBMODULE\").getChild(\"FlexContainer_1\").getChild(\"Dropdown\").props.value \u003d self.session.custom.CP_User_Management.BG_Name\n\tself.getChild(\"FlexContainer\").getChild(\"SUBMODULE\").getChild(\"FlexContainer_1\").getChild(\"Label_0\").props.text \u003d self.session.custom.CP_User_Management.BG_Name"
          },
          "scope": "G",
          "type": "script"
        }
      }
    },
    "meta": {
      "name": "root"
    },
    "props": {
      "direction": "column"
    },
    "type": "ia.container.flex"
  }
}