{
  "custom": {},
  "params": {},
  "props": {
    "defaultSize": {
      "height": 80,
      "width": 1638
    }
  },
  "root": {
    "children": [
      {
        "meta": {
          "name": "EmbeddedView"
        },
        "position": {
          "basis": "50%",
          "shrink": 0
        },
        "props": {
          "path": "Common/Header",
          "style": {
            "overflow": "hidden"
          }
        },
        "type": "ia.display.view"
      },
      {
        "meta": {
          "name": "HorizontalMenu"
        },
        "position": {
          "basis": "50%",
          "shrink": 0
        },
        "propConfig": {
          "meta.visible": {
            "binding": {
              "config": {
                "path": "session.props.auth.authenticated"
              },
              "type": "property"
            }
          },
          "props.items[0].items[0].enabled": {
            "binding": {
              "config": {
                "expression": "indexOf({session.props.auth.user.roles}, \"RDC Admin\") \u003e\u003d 0 ||\r\nindexOf({session.props.auth.user.roles}, \"OEE\") \u003e\u003d 0 ||\r\nindexOf({session.props.auth.user.roles}, \"ALL PROJECT\") \u003e\u003d 0\r\n"
              },
              "type": "expr"
            }
          },
          "props.items[0].items[1].enabled": {
            "binding": {
              "config": {
                "expression": "indexOf({session.props.auth.user.roles}, \"RDC Admin\") \u003e\u003d 0 ||\r\nindexOf({session.props.auth.user.roles}, \"EMS\") \u003e\u003d 0 ||\r\nindexOf({session.props.auth.user.roles}, \"ALL PROJECT\") \u003e\u003d 0"
              },
              "type": "expr"
            }
          },
          "props.items[0].items[2].enabled": {
            "binding": {
              "config": {
                "expression": "indexOf({session.props.auth.user.roles}, \"RDC Admin\") \u003e\u003d 0 ||\r\nindexOf({session.props.auth.user.roles}, \"PMC\") \u003e\u003d 0 ||\r\nindexOf({session.props.auth.user.roles}, \"ALL PROJECT\") \u003e\u003d 0"
              },
              "type": "expr"
            }
          },
          "props.items[0].items[3].enabled": {
            "binding": {
              "config": {
                "expression": "indexOf({session.props.auth.user.roles}, \"Administrator\") \u003e\u003d 0 ||\r\nindexOf({session.props.auth.user.roles}, \"RDC Admin\") \u003e\u003d 0 ||\r\nindexOf({session.props.auth.user.roles}, \"ALL PROJECT\")"
              },
              "type": "expr"
            }
          },
          "props.items[0].items[4].enabled": {
            "binding": {
              "config": {
                "expression": "indexOf({session.props.auth.user.roles}, \"Administrator\") \u003e\u003d 0 ||\r\nindexOf({session.props.auth.user.roles}, \"RDC Admin\") \u003e\u003d 0 ||\r\nindexOf({session.props.auth.user.roles}, \"ALL PROJECT\")"
              },
              "type": "expr"
            }
          },
          "props.items[1].enabled": {
            "binding": {
              "config": {
                "expression": "indexOf({session.props.auth.user.roles}, \"RDC Admin\") \u003e\u003d 0 ||\r\nindexOf({session.props.auth.user.roles}, \"OEE\") \u003e\u003d 0 ||\r\nindexOf({session.props.auth.user.roles}, \"ALL PROJECT\") \u003e\u003d 0"
              },
              "type": "expr"
            }
          },
          "props.items[1].items[0].enabled": {
            "binding": {
              "config": {
                "expression": "indexOf({session.props.auth.user.roles}, \"RDC Admin\") \u003e\u003d 0 \r\n\r\n"
              },
              "type": "expr"
            }
          },
          "props.items[1].items[0].style.display": {
            "binding": {
              "config": {
                "expression": "if(\r\n  indexOf({session.props.auth.user.roles}, \"RDC Admin\") \u003e\u003d 0 || \r\n  \r\n  indexOf({session.props.auth.user.roles}, \"ALL PROJECT\") \u003e\u003d 0,\r\n  \"flex\",\r\n  \"none\"\r\n)\r\n"
              },
              "type": "expr"
            }
          },
          "props.items[1].items[5].items[0].enabled": {
            "binding": {
              "config": {
                "expression": "indexOf({session.props.auth.user.roles}, \"RDC Admin\") \u003e\u003d 0 ||\r\nindexOf({session.props.auth.user.roles}, \"ALL PROJECT\") \u003e\u003d 0 ||\r\nindexOf({session.props.auth.user.roles}, \"Administrator\") \u003e\u003d 0\r\n"
              },
              "type": "expr"
            }
          },
          "props.items[1].items[5].items[0].style.display": {
            "binding": {
              "config": {
                "expression": "if(\r\n  indexOf({session.props.auth.user.roles}, \"RDC Admin\") \u003e\u003d 0 || \r\n  indexOf({session.props.auth.user.roles}, \"Administrator\") \u003e\u003d 0 ||\r\n  \r\n  indexOf({session.props.auth.user.roles}, \"ALL PROJECT\") \u003e\u003d 0,\r\n  \"flex\",\r\n  \"none\"\r\n)\r\n"
              },
              "type": "expr"
            }
          },
          "props.items[2].enabled": {
            "binding": {
              "config": {
                "expression": "indexOf({session.props.auth.user.roles}, \"RDC Admin\") \u003e\u003d 0 ||\r\nindexOf({session.props.auth.user.roles}, \"EMS\") \u003e\u003d 0 ||\r\nindexOf({session.props.auth.user.roles}, \"ALL PROJECT\") \u003e\u003d 0"
              },
              "type": "expr"
            }
          },
          "props.items[3].enabled": {
            "binding": {
              "config": {
                "expression": "indexOf({session.props.auth.user.roles}, \"RDC Admin\") \u003e\u003d 0 ||\r\nindexOf({session.props.auth.user.roles}, \"PMC\") \u003e\u003d 0 ||\r\nindexOf({session.props.auth.user.roles}, \"ALL PROJECT\") \u003e\u003d 0"
              },
              "type": "expr"
            }
          },
          "props.items[3].items[3].enabled": {
            "binding": {
              "config": {
                "expression": "indexOf({session.props.auth.user.roles}, \"RDC Admin\") \u003e\u003d 0 ||\r\nindexOf({session.props.auth.user.roles}, \"Administrator\") \u003e\u003d 0"
              },
              "type": "expr"
            }
          }
        },
        "props": {
          "items": [
            {
              "enabled": true,
              "icon": {
                "path": "material/account_circle"
              },
              "items": [
                {
                  "icon": {
                    "path": ""
                  },
                  "items": [],
                  "label": "OEE",
                  "style": {
                    "classes": "OEE/dark-kpi/SideMenuButton OEE/dashboard/layout/config/configPage",
                    "color": "#FFFFFF"
                  },
                  "target": "/OEE/Common_master"
                },
                {
                  "icon": {
                    "path": ""
                  },
                  "items": [],
                  "label": "EMS",
                  "style": {
                    "classes": "OEE/dark-kpi/SideMenuButton OEE/dashboard/layout/config/configPage",
                    "color": "#FFFFFF"
                  },
                  "target": "/EMS/CommonMaster"
                },
                {
                  "icon": {
                    "path": ""
                  },
                  "items": [],
                  "label": "PMC",
                  "style": {
                    "classes": "OEE/dark-kpi/SideMenuButton OEE/dashboard/layout/config/configPage",
                    "color": "#FFFFFF"
                  },
                  "target": "/PMC/CommonMaster"
                },
                {
                  "icon": {
                    "path": ""
                  },
                  "items": [],
                  "label": "SHIFT",
                  "style": {
                    "classes": "OEE/dark-kpi/SideMenuButton OEE/dashboard/layout/config/configPage",
                    "color": "#FFFFFF"
                  },
                  "target": "/shift-master"
                },
                {
                  "icon": {
                    "path": ""
                  },
                  "items": [],
                  "label": "MAIL",
                  "style": {
                    "classes": "OEE/dark-kpi/SideMenuButton OEE/dashboard/layout/config/configPage",
                    "color": "#FFFFFF"
                  },
                  "target": "/mail"
                }
              ],
              "label": "Master",
              "style": {
                "backgroundColor": "#D5D5D5",
                "classes": "OEE/dark-kpi/menuButton",
                "color": "#000000"
              },
              "target": ""
            },
            {
              "icon": {
                "path": "material/live_tv"
              },
              "items": [
                {
                  "icon": {
                    "path": "material/business"
                  },
                  "items": [],
                  "label": "Group Overview",
                  "style": {
                    "classes": "OEE/dark-kpi/SideMenuButton OEE/dashboard/layout/config/configPage",
                    "color": "#FFFFFF",
                    "visibility": "Common_Portal"
                  },
                  "target": "/OEE/GroupOverview"
                },
                {
                  "enabled": true,
                  "icon": {
                    "path": "material/analytics"
                  },
                  "items": [],
                  "label": "Business Overview",
                  "style": {
                    "classes": "OEE/dark-kpi/SideMenuButton OEE/dashboard/layout/config/configPage",
                    "color": "#FFFFFF",
                    "display": "flex",
                    "visibility": "visible"
                  },
                  "target": "/OEE/BusinessOverview"
                },
                {
                  "enabled": true,
                  "icon": {
                    "path": "material/groups"
                  },
                  "items": [],
                  "label": "Plant Overview",
                  "style": {
                    "classes": "OEE/dark-kpi/SideMenuButton OEE/dashboard/layout/config/configPage\n",
                    "color": "#FFFFFF",
                    "display": "flex"
                  },
                  "target": "/OEE/PlantOverview"
                },
                {
                  "enabled": true,
                  "icon": {
                    "path": "material/dvr"
                  },
                  "items": [],
                  "label": "Live Dashboard",
                  "style": {
                    "classes": "OEE/dark-kpi/SideMenuButton OEE/dashboard/layout/config/configPage",
                    "color": "#FFFFFF",
                    "display": "flex"
                  },
                  "target": "/OEE/Machineoverview"
                },
                {
                  "enabled": true,
                  "icon": {
                    "path": "material/note_add"
                  },
                  "items": [],
                  "label": "Reports",
                  "style": {
                    "classes": "OEE/dashboard/layout/config/configPage OEE/Page/BusinessOverview",
                    "color": "#FFFFFF",
                    "display": "flex"
                  },
                  "target": "/OEE/Reports"
                },
                {
                  "enabled": true,
                  "icon": {
                    "path": "material/engineering"
                  },
                  "items": [
                    {
                      "icon": {
                        "path": "material/av_timer"
                      },
                      "items": [],
                      "label": "Production_Planning",
                      "style": {
                        "classes": "OEE/dark-kpi/SideMenuButton OEE/dashboard/layout/config/configPage",
                        "color": "#FFFFFF"
                      },
                      "target": "/Productionplanner"
                    },
                    {
                      "enabled": true,
                      "icon": {
                        "path": "material/view_module"
                      },
                      "items": [],
                      "label": "Production_View",
                      "style": {
                        "classes": "OEE/dark-kpi/SideMenuButton OEE/dashboard/layout/config/configPage",
                        "color": "#FFFFFF"
                      },
                      "target": "/production_viewer"
                    }
                  ],
                  "label": "Production_Scheduler",
                  "style": {
                    "classes": "OEE/dark-kpi/SideMenuButton OEE/dashboard/layout/config/configPage",
                    "color": "#FFFFFF",
                    "display": "flex",
                    "visibility": "Common_Portal"
                  },
                  "target": ""
                },
                {
                  "enabled": true,
                  "icon": {
                    "path": "material/build_circle"
                  },
                  "items": [],
                  "label": "Master",
                  "style": {
                    "classes": "OEE/dark-kpi/SideMenuButton OEE/dashboard/layout/config/configPage",
                    "color": "#FFFFFF",
                    "display": "flex"
                  },
                  "target": "/OEE/Master"
                }
              ],
              "label": "OEE",
              "style": {
                "backgroundColor": "#D5D5D5",
                "classes": "OEE/dark-kpi/menuButton",
                "color": "#000000"
              },
              "target": ""
            },
            {
              "icon": {
                "path": "material/explicit"
              },
              "items": [
                {
                  "enabled": true,
                  "icon": {
                    "path": "material/view_sidebar"
                  },
                  "items": [],
                  "label": "Business_Overview",
                  "style": {
                    "classes": "OEE/dark-kpi/SideMenuButton OEE/dashboard/layout/config/configPage",
                    "color": "#FFFFFF"
                  },
                  "target": "/EMS/Business_Overview"
                },
                {
                  "enabled": true,
                  "icon": {
                    "path": "material/device_hub"
                  },
                  "items": [],
                  "label": "Layout",
                  "style": {
                    "classes": "OEE/dark-kpi/SideMenuButton OEE/dashboard/layout/config/configPage",
                    "color": "#FFFFFF"
                  },
                  "target": "/EMS/Layout"
                },
                {
                  "enabled": true,
                  "icon": {
                    "path": "material/leaderboard"
                  },
                  "items": [],
                  "label": "Overview",
                  "style": {
                    "classes": "OEE/dark-kpi/SideMenuButton OEE/dashboard/layout/config/configPage",
                    "color": "#FFFFFF"
                  },
                  "target": "/EMS/Overview"
                },
                {
                  "enabled": true,
                  "icon": {
                    "path": "material/show_chart"
                  },
                  "items": [],
                  "label": "Consumption",
                  "style": {
                    "classes": "OEE/dark-kpi/SideMenuButton OEE/dashboard/layout/config/configPage",
                    "color": "#FFFFFF"
                  },
                  "target": "/EMS/Consumption"
                },
                {
                  "enabled": true,
                  "icon": {
                    "path": "material/calendar_today"
                  },
                  "items": [],
                  "label": "Reports",
                  "style": {
                    "classes": "OEE/dark-kpi/SideMenuButton OEE/dashboard/layout/config/configPage",
                    "color": "#FFFFFF"
                  },
                  "target": "/EMS/Reports"
                }
              ],
              "label": "EMS",
              "style": {
                "backgroundColor": "#D5D5D5",
                "classes": "OEE/dark-kpi/menuButton",
                "color": "#000000"
              },
              "target": ""
            },
            {
              "icon": {
                "path": "material/fact_check"
              },
              "items": [
                {
                  "enabled": true,
                  "icon": {
                    "path": "material/library_books"
                  },
                  "items": [],
                  "label": "Checklist",
                  "style": {
                    "classes": "OEE/dark-kpi/SideMenuButton OEE/dashboard/layout/config/configPage",
                    "color": "#FFFFFF"
                  },
                  "target": "/PMC/module"
                },
                {
                  "enabled": true,
                  "icon": {
                    "path": "material/video_settings"
                  },
                  "items": [],
                  "label": "Status",
                  "style": {
                    "classes": "OEE/dark-kpi/SideMenuButton OEE/dashboard/layout/config/configPage",
                    "color": "#FFFFFF"
                  },
                  "target": "/PMC/status_page"
                },
                {
                  "enabled": true,
                  "icon": {
                    "path": "material/disabled_by_default"
                  },
                  "items": [],
                  "label": "Common Fail Parameter Sheet",
                  "style": {
                    "classes": "OEE/dark-kpi/SideMenuButton OEE/dashboard/layout/config/configPage",
                    "color": "#FFFFFF"
                  },
                  "target": "/PMC/common-fail-parametersheet"
                },
                {
                  "icon": {
                    "path": "material/settings"
                  },
                  "items": [],
                  "label": "Master",
                  "style": {
                    "classes": "OEE/dark-kpi/SideMenuButton OEE/dashboard/layout/config/configPage",
                    "color": "#FFFFFF",
                    "visibility": "visible"
                  },
                  "target": "/PMC/Masters"
                }
              ],
              "label": "PMC",
              "style": {
                "backgroundColor": "#D5D5D5",
                "classes": "OEE/dark-kpi/menuButton",
                "color": "#000000",
                "visibility": "visible"
              },
              "target": ""
            },
            {
              "enabled": true,
              "icon": {
                "path": "material/add_alert"
              },
              "items": [],
              "label": "Alerts",
              "style": {
                "backgroundColor": "#D5D5D5",
                "classes": "OEE/dark-kpi/menuButton",
                "color": "#000000"
              },
              "target": "/Alarms"
            },
            {
              "enabled": true,
              "icon": {
                "path": "material/construction"
              },
              "items": [],
              "label": "Diagnostic",
              "style": {
                "backgroundColor": "#D5D5D5",
                "classes": "OEE/buttons/primary",
                "color": "#000000"
              },
              "target": ""
            }
          ],
          "style": {
            "backgroundColor": "#D5D5D5",
            "fontFamily": "Arial",
            "fontSize": "2vmin",
            "fontWeight": "bold",
            "overflow": "hidden",
            "textAlign": "center"
          }
        },
        "type": "ia.navigation.horizontalmenu"
      }
    ],
    "meta": {
      "name": "root"
    },
    "props": {
      "direction": "column",
      "style": {
        "overflow": "hidden"
      }
    },
    "type": "ia.container.flex"
  }
}