{
  "custom": {},
  "params": {
    "BG": "",
    "BG_ID": "",
    "MODULE": "value",
    "MODULE_ID": 0,
    "MONTH": 8,
    "PARAMS": {
      "BG": "ZRAI-SGD",
      "BG_ID": 4,
      "DEPT": "value",
      "DEPT_ID": 0,
      "LINE": "value",
      "LINE_ID": 0,
      "MACHINE": "value",
      "MACHINE_CODE": 0,
      "MACHINE_ID": 0,
      "MACHINE_TYPE": "value",
      "MODULE": "value",
      "MODULE_ID": 0,
      "PLANT": "value",
      "PLANT_ID": 0,
      "SUB_MODULE": "value",
      "SUB_MODULE_ID": 0
    },
    "PLANT": "value",
    "PLANT_ID": 0,
    "SUB_MODULE": "value",
    "SUB_MODULE_ID": 0,
    "YEAR": 2024
  },
  "propConfig": {
    "params.BG": {
      "binding": {
        "config": {
          "expression": "{session.custom.CP_User_Management.BG_Name}"
        },
        "type": "expr"
      },
      "paramDirection": "inout",
      "persistent": true
    },
    "params.BG_ID": {
      "binding": {
        "config": {
          "expression": "{session.custom.CP_User_Management.BG_ID}"
        },
        "type": "expr"
      },
      "paramDirection": "inout",
      "persistent": true
    },
    "params.MODULE": {
      "paramDirection": "input",
      "persistent": true
    },
    "params.MODULE_ID": {
      "paramDirection": "input",
      "persistent": true
    },
    "params.MONTH": {
      "binding": {
        "config": {
          "expression": "{/root/Person/FlexContainer_1/DATE/Month/DateTimeInput.custom.Month}"
        },
        "type": "expr"
      },
      "paramDirection": "inout",
      "persistent": true
    },
    "params.PARAMS": {
      "paramDirection": "input",
      "persistent": true
    },
    "params.PLANT": {
      "paramDirection": "input",
      "persistent": true
    },
    "params.PLANT_ID": {
      "paramDirection": "input",
      "persistent": true
    },
    "params.SUB_MODULE": {
      "paramDirection": "input",
      "persistent": true
    },
    "params.SUB_MODULE_ID": {
      "paramDirection": "input",
      "persistent": true
    },
    "params.YEAR": {
      "binding": {
        "config": {
          "expression": "{/root/Person/FlexContainer_1/DATE/Month/DateTimeInput.custom.Year}"
        },
        "type": "expr"
      },
      "paramDirection": "inout",
      "persistent": true
    }
  },
  "props": {
    "defaultSize": {
      "height": 550
    }
  },
  "root": {
    "children": [
      {
        "meta": {
          "name": "Label"
        },
        "position": {
          "shrink": 0
        },
        "props": {
          "style": {
            "backgroundColor": "#808080",
            "borderBottomLeftRadius": 15,
            "borderBottomRightRadius": 15,
            "borderStyle": "groove",
            "borderTopLeftRadius": 15,
            "borderTopRightRadius": 15,
            "color": "#FFFFFF",
            "fontFamily": "serif",
            "fontSize": "3dvw",
            "fontWeight": "bolder",
            "marginBottom": 5,
            "overflow": "auto",
            "paddingBottom": 10,
            "paddingTop": 10,
            "textAlign": "center"
          },
          "text": "FAIL PARAMETERS LIST"
        },
        "type": "ia.display.label"
      },
      {
        "children": [
          {
            "children": [
              {
                "children": [
                  {
                    "children": [
                      {
                        "meta": {
                          "name": "Label"
                        },
                        "position": {
                          "grow": 1
                        },
                        "props": {
                          "style": {
                            "color": "#FFFFFF",
                            "fontFamily": "serif",
                            "fontSize": "0.8dvw",
                            "fontWeight": "bolder",
                            "paddingBottom": 5,
                            "paddingLeft": 2,
                            "paddingRight": 2,
                            "paddingTop": 5,
                            "textAlign": "center"
                          },
                          "text": "PLANT"
                        },
                        "type": "ia.display.label"
                      },
                      {
                        "meta": {
                          "name": "Dropdown"
                        },
                        "position": {
                          "grow": 1
                        },
                        "propConfig": {
                          "props.options": {
                            "binding": {
                              "config": {
                                "path": "session.custom.CP_User_Management.Roles"
                              },
                              "transforms": [
                                {
                                  "code": "\treturn Common_Portal.User.Plant_DD(self.session.custom.CP_User_Management.BG_ID, value)",
                                  "type": "script"
                                }
                              ],
                              "type": "property"
                            }
                          },
                          "props.value": {
                            "onChange": {
                              "enabled": null,
                              "script": "\tval \u003d currentValue.value\n\tif val is not None:\n\t    options \u003d self.props.options\n\t    for item in options:\n\t        if item[\"value\"] \u003d\u003d val:\n\t            self.custom.ID \u003d item[\"ID\"]\n\t            break  # Exit loop once match is found\n\tself.view.params.PLANT  \u003d val\n\tself.view.params.PLANT_ID \u003d self.custom.ID"
                            }
                          }
                        },
                        "props": {
                          "dropdownOptionStyle": {
                            "color": "#000000",
                            "fontFamily": "serif",
                            "fontSize": "0.8dvw",
                            "fontWeight": "bold",
                            "paddingBottom": 5,
                            "paddingLeft": 2,
                            "paddingRight": 2,
                            "paddingTop": 5,
                            "textAlign": "center"
                          },
                          "style": {
                            "color": "#000000",
                            "fontFamily": "serif",
                            "fontSize": "0.8dvw",
                            "fontWeight": "bold",
                            "paddingBottom": 5,
                            "paddingLeft": 2,
                            "paddingRight": 2,
                            "paddingTop": 5,
                            "textAlign": "center"
                          }
                        },
                        "type": "ia.input.dropdown"
                      }
                    ],
                    "meta": {
                      "name": "PLANT"
                    },
                    "position": {
                      "basis": "30%"
                    },
                    "props": {
                      "style": {
                        "backgroundColor": "#808080",
                        "borderBottomLeftRadius": 5,
                        "borderBottomRightRadius": 5,
                        "borderStyle": "groove",
                        "borderTopLeftRadius": 5,
                        "borderTopRightRadius": 5
                      }
                    },
                    "type": "ia.container.flex"
                  },
                  {
                    "children": [
                      {
                        "meta": {
                          "name": "Label"
                        },
                        "position": {
                          "grow": 1
                        },
                        "props": {
                          "style": {
                            "color": "#FFFFFF",
                            "fontFamily": "serif",
                            "fontSize": "0.8dvw",
                            "fontWeight": "bolder",
                            "paddingBottom": 5,
                            "paddingLeft": 2,
                            "paddingRight": 2,
                            "paddingTop": 5,
                            "textAlign": "center"
                          },
                          "text": "MODULE"
                        },
                        "type": "ia.display.label"
                      },
                      {
                        "meta": {
                          "name": "Dropdown"
                        },
                        "position": {
                          "grow": 1
                        },
                        "propConfig": {
                          "props.options": {
                            "binding": {
                              "config": {
                                "parameters": {
                                  "column": "\u0027MODULE as label, MODULE as value, MODULE_ID as id\u0027",
                                  "condition": "\" GROUP BY MODULE, MODULE_ID\"",
                                  "table": "\u0027MODULE_TABLE\u0027",
                                  "where": "\"BG \u003d \u0027\"+{view.params.BG}+\"\u0027 AND BG_ID \u003d \"+{view.params.BG_ID}+\" AND PLANT \u003d \u0027\"+{view.params.PLANT}+\"\u0027 AND PLANT_ID \u003d \"+{view.params.PLANT_ID}+\" AND STATUS IS NULL\""
                                },
                                "queryPath": "PMC/NEW_TEST/ACTIONS/SELECT _WITHOUT_STATUS"
                              },
                              "type": "query"
                            }
                          },
                          "props.value": {
                            "onChange": {
                              "enabled": null,
                              "script": "\tval \u003d currentValue.value\n\tif val is not None:\n\t\tcount \u003d self.props.options.getRowCount()\n\t\tfor i in range(0, count):\n\t\t\tif self.props.options.getValueAt(i, \"value\") \u003d\u003d val:\n\t\t\t\tself.view.params.MODULE_ID \u003d self.props.options.getValueAt(i, \"ID\")\n\t\t\t\tself.view.params.MODULE \u003d val"
                            }
                          }
                        },
                        "props": {
                          "dropdownOptionStyle": {
                            "color": "#000000",
                            "fontFamily": "serif",
                            "fontSize": "0.8dvw",
                            "fontWeight": "bold",
                            "paddingBottom": 5,
                            "paddingLeft": 2,
                            "paddingRight": 2,
                            "paddingTop": 5,
                            "textAlign": "center"
                          },
                          "style": {
                            "color": "#000000",
                            "fontFamily": "serif",
                            "fontSize": "0.8dvw",
                            "fontWeight": "bold",
                            "paddingBottom": 5,
                            "paddingLeft": 2,
                            "paddingRight": 2,
                            "paddingTop": 5,
                            "textAlign": "center"
                          }
                        },
                        "type": "ia.input.dropdown"
                      }
                    ],
                    "meta": {
                      "name": "Module"
                    },
                    "position": {
                      "basis": "30%"
                    },
                    "props": {
                      "style": {
                        "backgroundColor": "#808080",
                        "borderBottomLeftRadius": 5,
                        "borderBottomRightRadius": 5,
                        "borderStyle": "groove",
                        "borderTopLeftRadius": 5,
                        "borderTopRightRadius": 5
                      }
                    },
                    "type": "ia.container.flex"
                  },
                  {
                    "children": [
                      {
                        "meta": {
                          "name": "Label"
                        },
                        "position": {
                          "grow": 1
                        },
                        "props": {
                          "style": {
                            "color": "#FFFFFF",
                            "fontFamily": "serif",
                            "fontSize": "0.8dvw",
                            "fontWeight": "bolder",
                            "paddingBottom": 5,
                            "paddingLeft": 2,
                            "paddingRight": 2,
                            "paddingTop": 5,
                            "textAlign": "center"
                          },
                          "text": "SUB-MODULE"
                        },
                        "type": "ia.display.label"
                      },
                      {
                        "meta": {
                          "name": "Dropdown"
                        },
                        "position": {
                          "grow": 1
                        },
                        "propConfig": {
                          "props.options": {
                            "binding": {
                              "config": {
                                "parameters": {
                                  "column": "\u0027SUB_MODULE as label, SUB_MODULE as value, SUB_MODULE_ID as id\u0027",
                                  "condition": "\" GROUP BY SUB_MODULE, SUB_MODULE_ID\"",
                                  "table": "\u0027SUB_MODULE_TABLE\u0027",
                                  "where": "\"BG \u003d \u0027\"+{view.params.BG}+\"\u0027 AND BG_ID \u003d \"+{view.params.BG_ID}+\" AND PLANT \u003d \u0027\"+{view.params.PLANT}+\"\u0027 AND PLANT_ID \u003d \"+{view.params.PLANT_ID}+\" AND MODULE \u003d \u0027\"+{view.params.MODULE}+\"\u0027 AND MODULE_ID \u003d\"+{view.params.MODULE_ID}+\" AND STATUS IS NULL\""
                                },
                                "queryPath": "PMC/NEW_TEST/ACTIONS/SELECT _WITHOUT_STATUS"
                              },
                              "type": "query"
                            }
                          },
                          "props.value": {
                            "onChange": {
                              "enabled": null,
                              "script": "\tval \u003d currentValue.value\n\tif val is not None:\n\t\tcount \u003d self.props.options.getRowCount()\n\t\tfor i in range(0, count):\n\t\t\tif self.props.options.getValueAt(i, \"value\") \u003d\u003d val:\n\t\t\t\tself.view.params.SUB_MODULE_ID \u003d self.props.options.getValueAt(i, \"ID\")\n\t\t\t\tself.view.params.SUB_MODULE \u003d val"
                            }
                          }
                        },
                        "props": {
                          "dropdownOptionStyle": {
                            "color": "#000000",
                            "fontFamily": "serif",
                            "fontSize": "0.8dvw",
                            "fontWeight": "bold",
                            "paddingBottom": 5,
                            "paddingLeft": 2,
                            "paddingRight": 2,
                            "paddingTop": 5,
                            "textAlign": "center"
                          },
                          "style": {
                            "color": "#000000",
                            "fontFamily": "serif",
                            "fontSize": "0.8dvw",
                            "fontWeight": "bold",
                            "paddingBottom": 5,
                            "paddingLeft": 2,
                            "paddingRight": 2,
                            "paddingTop": 5,
                            "textAlign": "center"
                          }
                        },
                        "type": "ia.input.dropdown"
                      }
                    ],
                    "meta": {
                      "name": "Sub_Module"
                    },
                    "position": {
                      "basis": "30%"
                    },
                    "props": {
                      "style": {
                        "backgroundColor": "#808080",
                        "borderBottomLeftRadius": 5,
                        "borderBottomRightRadius": 5,
                        "borderStyle": "groove",
                        "borderTopLeftRadius": 5,
                        "borderTopRightRadius": 5
                      }
                    },
                    "type": "ia.container.flex"
                  }
                ],
                "meta": {
                  "name": "HEADER"
                },
                "position": {
                  "grow": 1
                },
                "props": {
                  "justify": "space-around"
                },
                "type": "ia.container.flex"
              },
              {
                "children": [
                  {
                    "children": [
                      {
                        "meta": {
                          "name": "Label"
                        },
                        "position": {
                          "grow": 1
                        },
                        "props": {
                          "style": {
                            "color": "#FFFFFF",
                            "fontFamily": "serif",
                            "fontSize": "0.8dvw",
                            "fontWeight": "bolder",
                            "paddingBottom": 5,
                            "paddingLeft": 2,
                            "paddingRight": 2,
                            "paddingTop": 5,
                            "textAlign": "center"
                          },
                          "text": "Month \u0026 Year"
                        },
                        "type": "ia.display.label"
                      },
                      {
                        "meta": {
                          "name": "DateTimeInput"
                        },
                        "position": {
                          "basis": "70%"
                        },
                        "propConfig": {
                          "custom.Month": {
                            "binding": {
                              "config": {
                                "expression": "getMonth({this.props.value})+1"
                              },
                              "type": "expr"
                            }
                          },
                          "custom.Year": {
                            "binding": {
                              "config": {
                                "expression": "getYear({this.props.value})"
                              },
                              "type": "expr"
                            }
                          }
                        },
                        "props": {
                          "format": "MMMM - YY",
                          "formattedValue": "August - 24",
                          "pickerType": "date",
                          "style": {
                            "color": "#FFFFFF",
                            "fontFamily": "serif",
                            "fontSize": "0.8dvw",
                            "fontWeight": "bolder",
                            "paddingBottom": 1,
                            "paddingLeft": 2,
                            "paddingRight": 2,
                            "paddingTop": 1,
                            "textAlign": "center"
                          },
                          "value": {
                            "$": [
                              "ts",
                              0,
                              1724749419789
                            ],
                            "$ts": 1723055400000
                          }
                        },
                        "type": "ia.input.date-time-input"
                      }
                    ],
                    "meta": {
                      "name": "Month"
                    },
                    "position": {
                      "basis": "30%"
                    },
                    "props": {
                      "style": {
                        "backgroundColor": "#808080",
                        "borderBottomLeftRadius": 5,
                        "borderBottomRightRadius": 5,
                        "borderStyle": "groove",
                        "borderTopLeftRadius": 5,
                        "borderTopRightRadius": 5
                      }
                    },
                    "type": "ia.container.flex"
                  }
                ],
                "meta": {
                  "name": "DATE"
                },
                "position": {
                  "grow": 1
                },
                "props": {
                  "justify": "center"
                },
                "type": "ia.container.flex"
              }
            ],
            "meta": {
              "name": "FlexContainer_1"
            },
            "position": {
              "basis": "80%",
              "grow": 1
            },
            "props": {
              "direction": "column"
            },
            "type": "ia.container.flex"
          },
          {
            "events": {
              "dom": {
                "onClick": {
                  "config": {
                    "script": "\tmonth \u003d self.view.params.MONTH  # May\n\tyear \u003d self.view.params.YEAR  # Year 2025\n\tquery \u003d \"\"\"\n\t    SELECT CHECKLIST_UNIQUE_ID, CONCAT(HEADER_ID, \u0027 . \u0027, HEADER) AS HEADER_NEW, \n\t           CONCAT(SUB_HEADER_ID, \u0027 . \u0027, SUB_HEADER) AS SUB_HEADER_NEW, \n\t           CONCAT(PARAMETER_ID, \u0027 . \u0027, PARAMETER) AS PARAMETER_NEW, \n\t           CONCAT(LL, \u0027 - \u0027, UL, \u0027 \u0027, UNIT) AS UNIT_NEW, VALUE, \n\t           FAIL_REASON, FAIL_MEASURES, FAIL_UPDATE_DATE, STATUS \n\t    FROM PMC_UPDATE_VALUE \n\t    WHERE BG \u003d ? AND BG_ID \u003d ? AND PLANT \u003d ? AND PLANT_ID \u003d ? \n\t          AND MODULE \u003d ? AND MODULE_ID \u003d ? \n\t          AND SUB_MODULE \u003d ? AND SUB_MODULE_ID \u003d ?\n\t          AND DEPT \u003d ? AND DEPT_ID \u003d ? \n\t          AND Result \u003d \u0027Fail\u0027 AND MONTH(DATE) \u003d ? AND YEAR(DATE) \u003d ?\n\t\"\"\"\n\tparams \u003d [self.view.params.BG, self.view.params.BG_ID, self.view.params.PLANT, self.view.params.PLANT_ID, self.view.params.MODULE, self.view.params.MODULE_ID, self.view.params.SUB_MODULE, self.view.params.SUB_MODULE_ID, \u0027PLE\u0027, 1, month, year]\n\tresults \u003d system.db.runPrepQuery(query, params, \u0027PMC\u0027)\n\tself.parent.parent.getChild(\"Fail_Reason_Table\").props.data \u003d results"
                  },
                  "scope": "G",
                  "type": "script"
                }
              }
            },
            "meta": {
              "name": "Button"
            },
            "position": {
              "grow": 1
            },
            "props": {
              "style": {
                "backgroundColor": "#008000",
                "color": "#FFFFFF",
                "fontFamily": "serif",
                "fontSize": "0.8dvw",
                "fontWeight": "bolder",
                "marginBottom": 2,
                "marginLeft": 2,
                "marginRight": 2,
                "marginTop": 2,
                "paddingBottom": 5,
                "paddingLeft": 2,
                "paddingRight": 2,
                "paddingTop": 5,
                "textAlign": "center"
              },
              "text": "Generate"
            },
            "type": "ia.input.button"
          }
        ],
        "meta": {
          "name": "Person"
        },
        "props": {
          "justify": "space-between",
          "style": {
            "borderBottomLeftRadius": 5,
            "borderBottomRightRadius": 5,
            "borderColor": "#AAAAAA",
            "borderStyle": "groove",
            "borderTopLeftRadius": 5,
            "borderTopRightRadius": 5,
            "borderWidth": 5,
            "marginBottom": 5,
            "paddingBottom": 2,
            "paddingLeft": 2,
            "paddingRight": 2,
            "paddingTop": 2
          }
        },
        "type": "ia.container.flex"
      },
      {
        "events": {
          "component": {
            "onRowClick": {
              "config": {
                "script": "\tif self.props.selection.selectedColumn \u003d\u003d \"STATUS\":\n\t\tCL_ID \u003d self.props.selection.data[0].CHECKLIST_UNIQUE_ID\n\t\tsystem.perspective.navigate(view \u003d \u0027PMC/Checklist/COMPLETED_PMC\u0027, params \u003d {\u0027CHECKLIST_UNIQUE_CODE\u0027:CL_ID})"
              },
              "scope": "G",
              "type": "script"
            }
          }
        },
        "meta": {
          "name": "Fail_Reason_Table"
        },
        "position": {
          "grow": 1
        },
        "props": {
          "cells": {
            "style": {
              "borderBottomLeftRadius": 10,
              "borderBottomRightRadius": 10,
              "borderStyle": "groove",
              "borderTopLeftRadius": 10,
              "borderTopRightRadius": 10,
              "fontFamily": "serif",
              "textAlign": "center"
            }
          },
          "columns": [
            {
              "align": "center",
              "boolean": "checkbox",
              "dateFormat": "YYYY-MM-DD HH:mm:ss",
              "editable": false,
              "field": "CHECKLIST_UNIQUE_ID",
              "filter": {
                "boolean": {
                  "condition": ""
                },
                "date": {
                  "condition": "",
                  "value": ""
                },
                "enabled": true,
                "number": {
                  "condition": "",
                  "value": ""
                },
                "string": {
                  "condition": "",
                  "value": ""
                },
                "visible": "on-hover"
              },
              "footer": {
                "align": "center",
                "justify": "left",
                "style": {
                  "classes": ""
                },
                "title": ""
              },
              "header": {
                "align": "center",
                "justify": "center",
                "style": {
                  "backgroundColor": "#555555",
                  "borderBottomLeftRadius": 5,
                  "borderBottomRightRadius": 5,
                  "borderColor": "#FFFFFF",
                  "borderStyle": "solid",
                  "borderTopLeftRadius": 5,
                  "borderTopRightRadius": 5,
                  "borderWidth": 2,
                  "classes": "",
                  "color": "#FFFFFF",
                  "fontFamily": "Arial",
                  "fontSize": "1.8dvw",
                  "fontWeight": "bolder",
                  "paddingBottom": 2,
                  "paddingLeft": 2,
                  "paddingRight": 2,
                  "paddingTop": 2,
                  "textAlign": "center"
                },
                "title": ""
              },
              "justify": "center",
              "nullFormat": {
                "includeNullStrings": false,
                "nullFormatValue": "",
                "strict": false
              },
              "number": "value",
              "numberFormat": "0,0.##",
              "progressBar": {
                "bar": {
                  "color": "",
                  "style": {
                    "classes": ""
                  }
                },
                "max": 100,
                "min": 0,
                "track": {
                  "color": "",
                  "style": {
                    "classes": ""
                  }
                },
                "value": {
                  "enabled": true,
                  "format": "0,0.##",
                  "justify": "center",
                  "style": {
                    "classes": ""
                  }
                }
              },
              "render": "string",
              "resizable": true,
              "sort": "none",
              "sortable": false,
              "strictWidth": false,
              "style": {
                "borderBottomLeftRadius": 5,
                "borderBottomRightRadius": 5,
                "borderColor": "#808080",
                "borderStyle": "solid",
                "borderTopLeftRadius": 5,
                "borderTopRightRadius": 5,
                "borderWidth": 1,
                "classes": "",
                "fontFamily": "Arial",
                "fontSize": "1.2dvw",
                "fontWeight": "bold",
                "paddingBottom": 2,
                "paddingLeft": 2,
                "paddingRight": 2,
                "paddingTop": 2,
                "textAlign": "center"
              },
              "toggleSwitch": {
                "color": {
                  "selected": "",
                  "unselected": ""
                }
              },
              "viewParams": {},
              "viewPath": "",
              "visible": true,
              "width": "auto"
            },
            {
              "align": "center",
              "boolean": "checkbox",
              "dateFormat": "YYYY-MM-DD HH:mm:ss",
              "editable": false,
              "field": "SUB_HEADER_NEW",
              "filter": {
                "boolean": {
                  "condition": ""
                },
                "date": {
                  "condition": "",
                  "value": ""
                },
                "enabled": true,
                "number": {
                  "condition": "",
                  "value": ""
                },
                "string": {
                  "condition": "",
                  "value": ""
                },
                "visible": "on-hover"
              },
              "footer": {
                "align": "center",
                "justify": "left",
                "style": {
                  "classes": ""
                },
                "title": ""
              },
              "header": {
                "align": "center",
                "justify": "center",
                "style": {
                  "backgroundColor": "#555555",
                  "borderBottomLeftRadius": 5,
                  "borderBottomRightRadius": 5,
                  "borderColor": "#FFFFFF",
                  "borderStyle": "solid",
                  "borderTopLeftRadius": 5,
                  "borderTopRightRadius": 5,
                  "borderWidth": 2,
                  "classes": "",
                  "color": "#FFFFFF",
                  "fontFamily": "Arial",
                  "fontSize": "1.8dvw",
                  "fontWeight": "bolder",
                  "paddingBottom": 2,
                  "paddingLeft": 2,
                  "paddingRight": 2,
                  "paddingTop": 2,
                  "textAlign": "center"
                },
                "title": ""
              },
              "justify": "center",
              "nullFormat": {
                "includeNullStrings": false,
                "nullFormatValue": "",
                "strict": false
              },
              "number": "value",
              "numberFormat": "0,0.##",
              "progressBar": {
                "bar": {
                  "color": "",
                  "style": {
                    "classes": ""
                  }
                },
                "max": 100,
                "min": 0,
                "track": {
                  "color": "",
                  "style": {
                    "classes": ""
                  }
                },
                "value": {
                  "enabled": true,
                  "format": "0,0.##",
                  "justify": "center",
                  "style": {
                    "classes": ""
                  }
                }
              },
              "render": "string",
              "resizable": true,
              "sort": "none",
              "sortable": false,
              "strictWidth": false,
              "style": {
                "borderBottomLeftRadius": 5,
                "borderBottomRightRadius": 5,
                "borderColor": "#808080",
                "borderStyle": "solid",
                "borderTopLeftRadius": 5,
                "borderTopRightRadius": 5,
                "borderWidth": 1,
                "classes": "",
                "fontFamily": "Arial",
                "fontSize": "1.2dvw",
                "fontWeight": "bold",
                "paddingBottom": 2,
                "paddingLeft": 2,
                "paddingRight": 2,
                "paddingTop": 2,
                "textAlign": "center"
              },
              "toggleSwitch": {
                "color": {
                  "selected": "",
                  "unselected": ""
                }
              },
              "viewParams": {},
              "viewPath": "",
              "visible": true,
              "width": "auto"
            },
            {
              "align": "center",
              "boolean": "checkbox",
              "dateFormat": "YYYY-MM-DD HH:mm:ss",
              "editable": false,
              "field": "HEADER_NEW",
              "filter": {
                "boolean": {
                  "condition": ""
                },
                "date": {
                  "condition": "",
                  "value": ""
                },
                "enabled": true,
                "number": {
                  "condition": "",
                  "value": ""
                },
                "string": {
                  "condition": "",
                  "value": ""
                },
                "visible": "on-hover"
              },
              "footer": {
                "align": "center",
                "justify": "left",
                "style": {
                  "classes": ""
                },
                "title": ""
              },
              "header": {
                "align": "center",
                "justify": "center",
                "style": {
                  "backgroundColor": "#555555",
                  "borderBottomLeftRadius": 5,
                  "borderBottomRightRadius": 5,
                  "borderColor": "#FFFFFF",
                  "borderStyle": "solid",
                  "borderTopLeftRadius": 5,
                  "borderTopRightRadius": 5,
                  "borderWidth": 2,
                  "classes": "",
                  "color": "#FFFFFF",
                  "fontFamily": "Arial",
                  "fontSize": "1.8dvw",
                  "fontWeight": "bolder",
                  "paddingBottom": 2,
                  "paddingLeft": 2,
                  "paddingRight": 2,
                  "paddingTop": 2,
                  "textAlign": "center"
                },
                "title": ""
              },
              "justify": "center",
              "nullFormat": {
                "includeNullStrings": false,
                "nullFormatValue": "",
                "strict": false
              },
              "number": "value",
              "numberFormat": "0,0.##",
              "progressBar": {
                "bar": {
                  "color": "",
                  "style": {
                    "classes": ""
                  }
                },
                "max": 100,
                "min": 0,
                "track": {
                  "color": "",
                  "style": {
                    "classes": ""
                  }
                },
                "value": {
                  "enabled": true,
                  "format": "0,0.##",
                  "justify": "center",
                  "style": {
                    "classes": ""
                  }
                }
              },
              "render": "string",
              "resizable": true,
              "sort": "none",
              "sortable": false,
              "strictWidth": false,
              "style": {
                "borderBottomLeftRadius": 5,
                "borderBottomRightRadius": 5,
                "borderColor": "#808080",
                "borderStyle": "solid",
                "borderTopLeftRadius": 5,
                "borderTopRightRadius": 5,
                "borderWidth": 1,
                "classes": "",
                "fontFamily": "Arial",
                "fontSize": "1.2dvw",
                "fontWeight": "bold",
                "paddingBottom": 2,
                "paddingLeft": 2,
                "paddingRight": 2,
                "paddingTop": 2,
                "textAlign": "center"
              },
              "toggleSwitch": {
                "color": {
                  "selected": "",
                  "unselected": ""
                }
              },
              "viewParams": {},
              "viewPath": "",
              "visible": true,
              "width": "auto"
            },
            {
              "align": "center",
              "boolean": "checkbox",
              "dateFormat": "YYYY-MM-DD HH:mm:ss",
              "editable": false,
              "field": "PARAMETER_NEW",
              "filter": {
                "boolean": {
                  "condition": ""
                },
                "date": {
                  "condition": "",
                  "value": ""
                },
                "enabled": true,
                "number": {
                  "condition": "",
                  "value": ""
                },
                "string": {
                  "condition": "",
                  "value": ""
                },
                "visible": "on-hover"
              },
              "footer": {
                "align": "center",
                "justify": "left",
                "style": {
                  "classes": ""
                },
                "title": ""
              },
              "header": {
                "align": "center",
                "justify": "center",
                "style": {
                  "backgroundColor": "#555555",
                  "borderBottomLeftRadius": 5,
                  "borderBottomRightRadius": 5,
                  "borderColor": "#FFFFFF",
                  "borderStyle": "solid",
                  "borderTopLeftRadius": 5,
                  "borderTopRightRadius": 5,
                  "borderWidth": 2,
                  "classes": "",
                  "color": "#FFFFFF",
                  "fontFamily": "Arial",
                  "fontSize": "1.8dvw",
                  "fontWeight": "bolder",
                  "paddingBottom": 2,
                  "paddingLeft": 2,
                  "paddingRight": 2,
                  "paddingTop": 2,
                  "textAlign": "center"
                },
                "title": ""
              },
              "justify": "center",
              "nullFormat": {
                "includeNullStrings": false,
                "nullFormatValue": "",
                "strict": false
              },
              "number": "value",
              "numberFormat": "0,0.##",
              "progressBar": {
                "bar": {
                  "color": "",
                  "style": {
                    "classes": ""
                  }
                },
                "max": 100,
                "min": 0,
                "track": {
                  "color": "",
                  "style": {
                    "classes": ""
                  }
                },
                "value": {
                  "enabled": true,
                  "format": "0,0.##",
                  "justify": "center",
                  "style": {
                    "classes": ""
                  }
                }
              },
              "render": "string",
              "resizable": true,
              "sort": "none",
              "sortable": false,
              "strictWidth": false,
              "style": {
                "borderBottomLeftRadius": 5,
                "borderBottomRightRadius": 5,
                "borderColor": "#808080",
                "borderStyle": "solid",
                "borderTopLeftRadius": 5,
                "borderTopRightRadius": 5,
                "borderWidth": 1,
                "classes": "",
                "fontFamily": "Arial",
                "fontSize": "1.2dvw",
                "fontWeight": "bold",
                "paddingBottom": 2,
                "paddingLeft": 2,
                "paddingRight": 2,
                "paddingTop": 2,
                "textAlign": "center"
              },
              "toggleSwitch": {
                "color": {
                  "selected": "",
                  "unselected": ""
                }
              },
              "viewParams": {},
              "viewPath": "",
              "visible": true,
              "width": "auto"
            },
            {
              "align": "center",
              "boolean": "checkbox",
              "dateFormat": "YYYY-MM-DD HH:mm:ss",
              "editable": false,
              "field": "UNIT_NEW",
              "filter": {
                "boolean": {
                  "condition": ""
                },
                "date": {
                  "condition": "",
                  "value": ""
                },
                "enabled": true,
                "number": {
                  "condition": "",
                  "value": ""
                },
                "string": {
                  "condition": "",
                  "value": ""
                },
                "visible": "on-hover"
              },
              "footer": {
                "align": "center",
                "justify": "left",
                "style": {
                  "classes": ""
                },
                "title": ""
              },
              "header": {
                "align": "center",
                "justify": "center",
                "style": {
                  "backgroundColor": "#555555",
                  "borderBottomLeftRadius": 5,
                  "borderBottomRightRadius": 5,
                  "borderColor": "#FFFFFF",
                  "borderStyle": "solid",
                  "borderTopLeftRadius": 5,
                  "borderTopRightRadius": 5,
                  "borderWidth": 2,
                  "classes": "",
                  "color": "#FFFFFF",
                  "fontFamily": "Arial",
                  "fontSize": "1.8dvw",
                  "fontWeight": "bolder",
                  "paddingBottom": 2,
                  "paddingLeft": 2,
                  "paddingRight": 2,
                  "paddingTop": 2,
                  "textAlign": "center"
                },
                "title": ""
              },
              "justify": "center",
              "nullFormat": {
                "includeNullStrings": false,
                "nullFormatValue": "",
                "strict": false
              },
              "number": "value",
              "numberFormat": "0,0.##",
              "progressBar": {
                "bar": {
                  "color": "",
                  "style": {
                    "classes": ""
                  }
                },
                "max": 100,
                "min": 0,
                "track": {
                  "color": "",
                  "style": {
                    "classes": ""
                  }
                },
                "value": {
                  "enabled": true,
                  "format": "0,0.##",
                  "justify": "center",
                  "style": {
                    "classes": ""
                  }
                }
              },
              "render": "string",
              "resizable": true,
              "sort": "none",
              "sortable": false,
              "strictWidth": false,
              "style": {
                "borderBottomLeftRadius": 5,
                "borderBottomRightRadius": 5,
                "borderColor": "#808080",
                "borderStyle": "solid",
                "borderTopLeftRadius": 5,
                "borderTopRightRadius": 5,
                "borderWidth": 1,
                "classes": "",
                "fontFamily": "Arial",
                "fontSize": "1.2dvw",
                "fontWeight": "bold",
                "paddingBottom": 2,
                "paddingLeft": 2,
                "paddingRight": 2,
                "paddingTop": 2,
                "textAlign": "center"
              },
              "toggleSwitch": {
                "color": {
                  "selected": "",
                  "unselected": ""
                }
              },
              "viewParams": {},
              "viewPath": "",
              "visible": true,
              "width": "auto"
            },
            {
              "align": "center",
              "boolean": "checkbox",
              "dateFormat": "YYYY-MM-DD HH:mm:ss",
              "editable": false,
              "field": "VALUE",
              "filter": {
                "boolean": {
                  "condition": ""
                },
                "date": {
                  "condition": "",
                  "value": ""
                },
                "enabled": true,
                "number": {
                  "condition": "",
                  "value": ""
                },
                "string": {
                  "condition": "",
                  "value": ""
                },
                "visible": "on-hover"
              },
              "footer": {
                "align": "center",
                "justify": "left",
                "style": {
                  "classes": ""
                },
                "title": ""
              },
              "header": {
                "align": "center",
                "justify": "center",
                "style": {
                  "backgroundColor": "#555555",
                  "borderBottomLeftRadius": 5,
                  "borderBottomRightRadius": 5,
                  "borderColor": "#FFFFFF",
                  "borderStyle": "solid",
                  "borderTopLeftRadius": 5,
                  "borderTopRightRadius": 5,
                  "borderWidth": 2,
                  "classes": "",
                  "color": "#FFFFFF",
                  "fontFamily": "Arial",
                  "fontSize": "1.8dvw",
                  "fontWeight": "bolder",
                  "paddingBottom": 2,
                  "paddingLeft": 2,
                  "paddingRight": 2,
                  "paddingTop": 2,
                  "textAlign": "center"
                },
                "title": ""
              },
              "justify": "center",
              "nullFormat": {
                "includeNullStrings": false,
                "nullFormatValue": "",
                "strict": false
              },
              "number": "value",
              "numberFormat": "0,0.##",
              "progressBar": {
                "bar": {
                  "color": "",
                  "style": {
                    "classes": ""
                  }
                },
                "max": 100,
                "min": 0,
                "track": {
                  "color": "",
                  "style": {
                    "classes": ""
                  }
                },
                "value": {
                  "enabled": true,
                  "format": "0,0.##",
                  "justify": "center",
                  "style": {
                    "classes": ""
                  }
                }
              },
              "render": "number",
              "resizable": true,
              "sort": "none",
              "sortable": false,
              "strictWidth": false,
              "style": {
                "borderBottomLeftRadius": 5,
                "borderBottomRightRadius": 5,
                "borderColor": "#808080",
                "borderStyle": "solid",
                "borderTopLeftRadius": 5,
                "borderTopRightRadius": 5,
                "borderWidth": 1,
                "classes": "",
                "fontFamily": "Arial",
                "fontSize": "1.2dvw",
                "fontWeight": "bold",
                "paddingBottom": 2,
                "paddingLeft": 2,
                "paddingRight": 2,
                "paddingTop": 2,
                "textAlign": "center"
              },
              "toggleSwitch": {
                "color": {
                  "selected": "",
                  "unselected": ""
                }
              },
              "viewParams": {},
              "viewPath": "",
              "visible": true,
              "width": "auto"
            },
            {
              "align": "center",
              "boolean": "checkbox",
              "dateFormat": "YYYY-MM-DD HH:mm:ss",
              "editable": false,
              "field": "FAIL_REASON",
              "filter": {
                "boolean": {
                  "condition": ""
                },
                "date": {
                  "condition": "",
                  "value": ""
                },
                "enabled": true,
                "number": {
                  "condition": "",
                  "value": ""
                },
                "string": {
                  "condition": "",
                  "value": ""
                },
                "visible": "on-hover"
              },
              "footer": {
                "align": "center",
                "justify": "left",
                "style": {
                  "classes": ""
                },
                "title": ""
              },
              "header": {
                "align": "center",
                "justify": "center",
                "style": {
                  "backgroundColor": "#555555",
                  "borderBottomLeftRadius": 5,
                  "borderBottomRightRadius": 5,
                  "borderColor": "#FFFFFF",
                  "borderStyle": "solid",
                  "borderTopLeftRadius": 5,
                  "borderTopRightRadius": 5,
                  "borderWidth": 2,
                  "classes": "",
                  "color": "#FFFFFF",
                  "fontFamily": "Arial",
                  "fontSize": "1.8dvw",
                  "fontWeight": "bolder",
                  "paddingBottom": 2,
                  "paddingLeft": 2,
                  "paddingRight": 2,
                  "paddingTop": 2,
                  "textAlign": "center"
                },
                "title": ""
              },
              "justify": "center",
              "nullFormat": {
                "includeNullStrings": false,
                "nullFormatValue": "",
                "strict": false
              },
              "number": "value",
              "numberFormat": "0,0.##",
              "progressBar": {
                "bar": {
                  "color": "",
                  "style": {
                    "classes": ""
                  }
                },
                "max": 100,
                "min": 0,
                "track": {
                  "color": "",
                  "style": {
                    "classes": ""
                  }
                },
                "value": {
                  "enabled": true,
                  "format": "0,0.##",
                  "justify": "center",
                  "style": {
                    "classes": ""
                  }
                }
              },
              "render": "string",
              "resizable": true,
              "sort": "none",
              "sortable": false,
              "strictWidth": false,
              "style": {
                "borderBottomLeftRadius": 5,
                "borderBottomRightRadius": 5,
                "borderColor": "#808080",
                "borderStyle": "solid",
                "borderTopLeftRadius": 5,
                "borderTopRightRadius": 5,
                "borderWidth": 1,
                "classes": "",
                "fontFamily": "Arial",
                "fontSize": "1.2dvw",
                "fontWeight": "bold",
                "paddingBottom": 2,
                "paddingLeft": 2,
                "paddingRight": 2,
                "paddingTop": 2,
                "textAlign": "center"
              },
              "toggleSwitch": {
                "color": {
                  "selected": "",
                  "unselected": ""
                }
              },
              "viewParams": {},
              "viewPath": "",
              "visible": true,
              "width": "auto"
            },
            {
              "align": "center",
              "boolean": "checkbox",
              "dateFormat": "YYYY-MM-DD HH:mm:ss",
              "editable": false,
              "field": "FAIL_MEASURES",
              "filter": {
                "boolean": {
                  "condition": ""
                },
                "date": {
                  "condition": "",
                  "value": ""
                },
                "enabled": true,
                "number": {
                  "condition": "",
                  "value": ""
                },
                "string": {
                  "condition": "",
                  "value": ""
                },
                "visible": "on-hover"
              },
              "footer": {
                "align": "center",
                "justify": "left",
                "style": {
                  "classes": ""
                },
                "title": ""
              },
              "header": {
                "align": "center",
                "justify": "center",
                "style": {
                  "backgroundColor": "#555555",
                  "borderBottomLeftRadius": 5,
                  "borderBottomRightRadius": 5,
                  "borderColor": "#FFFFFF",
                  "borderStyle": "solid",
                  "borderTopLeftRadius": 5,
                  "borderTopRightRadius": 5,
                  "borderWidth": 2,
                  "classes": "",
                  "color": "#FFFFFF",
                  "fontFamily": "Arial",
                  "fontSize": "1.8dvw",
                  "fontWeight": "bolder",
                  "paddingBottom": 2,
                  "paddingLeft": 2,
                  "paddingRight": 2,
                  "paddingTop": 2,
                  "textAlign": "center"
                },
                "title": ""
              },
              "justify": "center",
              "nullFormat": {
                "includeNullStrings": false,
                "nullFormatValue": "",
                "strict": false
              },
              "number": "value",
              "numberFormat": "0,0.##",
              "progressBar": {
                "bar": {
                  "color": "",
                  "style": {
                    "classes": ""
                  }
                },
                "max": 100,
                "min": 0,
                "track": {
                  "color": "",
                  "style": {
                    "classes": ""
                  }
                },
                "value": {
                  "enabled": true,
                  "format": "0,0.##",
                  "justify": "center",
                  "style": {
                    "classes": ""
                  }
                }
              },
              "render": "string",
              "resizable": true,
              "sort": "none",
              "sortable": false,
              "strictWidth": false,
              "style": {
                "borderBottomLeftRadius": 5,
                "borderBottomRightRadius": 5,
                "borderColor": "#808080",
                "borderStyle": "solid",
                "borderTopLeftRadius": 5,
                "borderTopRightRadius": 5,
                "borderWidth": 1,
                "classes": "",
                "fontFamily": "Arial",
                "fontSize": "1.2dvw",
                "fontWeight": "bold",
                "paddingBottom": 2,
                "paddingLeft": 2,
                "paddingRight": 2,
                "paddingTop": 2,
                "textAlign": "center"
              },
              "toggleSwitch": {
                "color": {
                  "selected": "",
                  "unselected": ""
                }
              },
              "viewParams": {},
              "viewPath": "",
              "visible": true,
              "width": "auto"
            },
            {
              "align": "center",
              "boolean": "checkbox",
              "dateFormat": "YYYY-MM-DD HH:mm:ss",
              "editable": false,
              "field": "FAIL_UPDATE_DATE",
              "filter": {
                "boolean": {
                  "condition": ""
                },
                "date": {
                  "condition": "",
                  "value": ""
                },
                "enabled": true,
                "number": {
                  "condition": "",
                  "value": ""
                },
                "string": {
                  "condition": "",
                  "value": ""
                },
                "visible": "on-hover"
              },
              "footer": {
                "align": "center",
                "justify": "left",
                "style": {
                  "classes": ""
                },
                "title": ""
              },
              "header": {
                "align": "center",
                "justify": "center",
                "style": {
                  "backgroundColor": "#555555",
                  "borderBottomLeftRadius": 5,
                  "borderBottomRightRadius": 5,
                  "borderColor": "#FFFFFF",
                  "borderStyle": "solid",
                  "borderTopLeftRadius": 5,
                  "borderTopRightRadius": 5,
                  "borderWidth": 2,
                  "classes": "",
                  "color": "#FFFFFF",
                  "fontFamily": "Arial",
                  "fontSize": "1.8dvw",
                  "fontWeight": "bolder",
                  "paddingBottom": 2,
                  "paddingLeft": 2,
                  "paddingRight": 2,
                  "paddingTop": 2,
                  "textAlign": "center"
                },
                "title": ""
              },
              "justify": "center",
              "nullFormat": {
                "includeNullStrings": false,
                "nullFormatValue": "",
                "strict": false
              },
              "number": "value",
              "numberFormat": "0,0.##",
              "progressBar": {
                "bar": {
                  "color": "",
                  "style": {
                    "classes": ""
                  }
                },
                "max": 100,
                "min": 0,
                "track": {
                  "color": "",
                  "style": {
                    "classes": ""
                  }
                },
                "value": {
                  "enabled": true,
                  "format": "0,0.##",
                  "justify": "center",
                  "style": {
                    "classes": ""
                  }
                }
              },
              "render": "date",
              "resizable": true,
              "sort": "none",
              "sortable": false,
              "strictWidth": false,
              "style": {
                "borderBottomLeftRadius": 5,
                "borderBottomRightRadius": 5,
                "borderColor": "#808080",
                "borderStyle": "solid",
                "borderTopLeftRadius": 5,
                "borderTopRightRadius": 5,
                "borderWidth": 1,
                "classes": "",
                "fontFamily": "Arial",
                "fontSize": "1.2dvw",
                "fontWeight": "bold",
                "paddingBottom": 2,
                "paddingLeft": 2,
                "paddingRight": 2,
                "paddingTop": 2,
                "textAlign": "center"
              },
              "toggleSwitch": {
                "color": {
                  "selected": "",
                  "unselected": ""
                }
              },
              "viewParams": {},
              "viewPath": "",
              "visible": true,
              "width": "auto"
            },
            {
              "align": "center",
              "boolean": "checkbox",
              "dateFormat": "YYYY-MM-DD HH:mm:ss",
              "editable": false,
              "field": "STATUS",
              "filter": {
                "boolean": {
                  "condition": ""
                },
                "date": {
                  "condition": "",
                  "value": ""
                },
                "enabled": true,
                "number": {
                  "condition": "",
                  "value": ""
                },
                "string": {
                  "condition": "",
                  "value": ""
                },
                "visible": "on-hover"
              },
              "footer": {
                "align": "center",
                "justify": "left",
                "style": {
                  "classes": ""
                },
                "title": ""
              },
              "header": {
                "align": "center",
                "justify": "center",
                "style": {
                  "backgroundColor": "#555555",
                  "borderBottomLeftRadius": 5,
                  "borderBottomRightRadius": 5,
                  "borderColor": "#FFFFFF",
                  "borderStyle": "solid",
                  "borderTopLeftRadius": 5,
                  "borderTopRightRadius": 5,
                  "borderWidth": 2,
                  "classes": "",
                  "color": "#FFFFFF",
                  "fontFamily": "Arial",
                  "fontSize": "1.8dvw",
                  "fontWeight": "bolder",
                  "paddingBottom": 2,
                  "paddingLeft": 2,
                  "paddingRight": 2,
                  "paddingTop": 2,
                  "textAlign": "center"
                },
                "title": ""
              },
              "justify": "center",
              "nullFormat": {
                "includeNullStrings": false,
                "nullFormatValue": "",
                "strict": false
              },
              "number": "value",
              "numberFormat": "0,0.##",
              "progressBar": {
                "bar": {
                  "color": "",
                  "style": {
                    "classes": ""
                  }
                },
                "max": 100,
                "min": 0,
                "track": {
                  "color": "",
                  "style": {
                    "classes": ""
                  }
                },
                "value": {
                  "enabled": true,
                  "format": "0,0.##",
                  "justify": "center",
                  "style": {
                    "classes": ""
                  }
                }
              },
              "render": "string",
              "resizable": true,
              "sort": "none",
              "sortable": false,
              "strictWidth": false,
              "style": {
                "borderBottomLeftRadius": 5,
                "borderBottomRightRadius": 5,
                "borderColor": "#808080",
                "borderStyle": "solid",
                "borderTopLeftRadius": 5,
                "borderTopRightRadius": 5,
                "borderWidth": 1,
                "classes": "",
                "fontFamily": "Arial",
                "fontSize": "1.2dvw",
                "fontWeight": "bold",
                "paddingBottom": 2,
                "paddingLeft": 2,
                "paddingRight": 2,
                "paddingTop": 2,
                "textAlign": "center"
              },
              "toggleSwitch": {
                "color": {
                  "selected": "",
                  "unselected": ""
                }
              },
              "viewParams": {},
              "viewPath": "",
              "visible": true,
              "width": "auto"
            }
          ],
          "data": {
            "$": [
              "ds",
              192,
              1724759116738
            ],
            "$columns": [
              {
                "data": [],
                "name": "CHECKLIST_UNIQUE_ID",
                "type": "String"
              },
              {
                "data": [],
                "name": "HEADER_NEW",
                "type": "String"
              },
              {
                "data": [],
                "name": "SUB_HEADER_NEW",
                "type": "String"
              },
              {
                "data": [],
                "name": "PARAMETER_NEW",
                "type": "String"
              },
              {
                "data": [],
                "name": "UNIT_NEW",
                "type": "String"
              },
              {
                "data": [],
                "name": "VALUE",
                "type": "Double"
              },
              {
                "data": [],
                "name": "FAIL_REASON",
                "type": "String"
              },
              {
                "data": [],
                "name": "FAIL_MEASURES",
                "type": "String"
              },
              {
                "data": [],
                "name": "FAIL_UPDATE_DATE",
                "type": "Date"
              },
              {
                "data": [],
                "name": "STATUS",
                "type": "String"
              }
            ]
          },
          "filter": {
            "enabled": true
          },
          "pager": {
            "bottom": false,
            "initialOption": 10000
          },
          "rows": {
            "highlight": {
              "color": "#FFAC47"
            },
            "striped": {
              "color": {
                "even": "#FFFF8A",
                "odd": "#D5D5D5"
              }
            },
            "style": {
              "backgroundColor": "#FFFFCC"
            }
          },
          "style": {
            "borderBottomLeftRadius": 10,
            "borderBottomRightRadius": 10,
            "borderColor": "#AAAAAA",
            "borderStyle": "groove",
            "borderTopLeftRadius": 10,
            "borderTopRightRadius": 10,
            "borderWidth": 5,
            "classes": "centerAlignColumns",
            "marginBottom": 5
          }
        },
        "type": "ia.display.table"
      },
      {
        "events": {
          "dom": {
            "onClick": {
              "config": {
                "script": "\t# Access the data from the table\n\ttable \u003d self.getSibling(\"Fail_Reason_Table\").props.data\n\t\n\t# Convert the data to a dataset\n\tdataset \u003d system.dataset.toDataSet(table)\n\t\n\t# Export the dataset to an Excel file\n\tfilePath \u003d system.dataset.exportExcel(\"FailParameter_List.xlsx\", 1, dataset)\n\t\n\t# Open the file if the export was successful\n\tif filePath is not None:\n\t    system.net.openURL(\"file://\" + filePath)"
              },
              "enabled": false,
              "scope": "G",
              "type": "script"
            }
          }
        },
        "meta": {
          "name": "Button"
        },
        "position": {
          "display": false
        },
        "props": {
          "style": {
            "backgroundColor": "#804600",
            "color": "#FFFFFF",
            "fontFamily": "serif",
            "fontSize": "2dvw",
            "fontWeight": "bolder",
            "marginBottom": 2,
            "marginLeft": 2,
            "marginRight": 2,
            "marginTop": 2,
            "paddingBottom": 5,
            "paddingLeft": 2,
            "paddingRight": 2,
            "paddingTop": 5,
            "textAlign": "center"
          },
          "text": "Download"
        },
        "type": "ia.input.button"
      }
    ],
    "custom": {
      "DATE": "2025-06-05"
    },
    "meta": {
      "name": "root"
    },
    "propConfig": {
      "custom.Date": {
        "binding": {
          "config": {
            "expression": "dateformat(now(),\"yyyy-MM-dd\")"
          },
          "type": "expr"
        },
        "onChange": {
          "enabled": null,
          "script": "\tself.custom.DATE \u003d currentValue.value"
        }
      },
      "props.style.backgroundColor": {
        "binding": {
          "config": {
            "path": "view.params.BG_COLOUR"
          },
          "type": "property"
        }
      }
    },
    "props": {
      "direction": "column",
      "style": {
        "paddingBottom": 10,
        "paddingLeft": 10,
        "paddingRight": 10,
        "paddingTop": 10
      }
    },
    "type": "ia.container.flex"
  }
}