{
  "custom": {},
  "params": {},
  "props": {
    "defaultSize": {
      "height": 664,
      "width": 1181
    }
  },
  "root": {
    "children": [
      {
        "children": [
          {
            "children": [
              {
                "children": [
                  {
                    "meta": {
                      "name": "header"
                    },
                    "position": {
                      "basis": "40px"
                    },
                    "props": {
                      "style": {
                        "color": "#001748",
                        "fontFamily": "Arial",
                        "fontSize": "1.6dvw",
                        "fontWeight": "bolder",
                        "textAlign": "center",
                        "textTransform": "uppercase"
                      },
                      "text": "Shift Master\n"
                    },
                    "type": "ia.display.label"
                  },
                  {
                    "children": [
                      {
                        "children": [
                          {
                            "meta": {
                              "name": "Label"
                            },
                            "position": {
                              "basis": "50%",
                              "shrink": 0
                            },
                            "props": {
                              "style": {
                                "backgroundColor": "#334B7F",
                                "borderBottomLeftRadius": 6,
                                "borderTopLeftRadius": 6,
                                "color": "#FFFFFF",
                                "fontFamily": "Arial",
                                "fontSize": "1dvw",
                                "fontWeight": "bold",
                                "textAlign": "center"
                              },
                              "text": "Business"
                            },
                            "type": "ia.display.label"
                          },
                          {
                            "custom": {
                              "Selected_Name": "RML-ECD"
                            },
                            "meta": {
                              "name": "Dropdown"
                            },
                            "position": {
                              "basis": "50%",
                              "shrink": 0
                            },
                            "propConfig": {
                              "props.options": {
                                "binding": {
                                  "config": {
                                    "path": "session.custom.CP_User_Management.BG_DD_DS"
                                  },
                                  "type": "property"
                                }
                              },
                              "props.value": {
                                "onChange": {
                                  "enabled": null,
                                  "script": "\tselectedValue \u003d self.props.value\n\toptions \u003d self.props.options\n\tselectedLabel \u003d next((item[\u0027label\u0027] for item in options if item[\u0027value\u0027] \u003d\u003d selectedValue), None)\n\tself.custom.Selected_Name \u003d selectedLabel"
                                }
                              }
                            },
                            "props": {
                              "style": {
                                "borderBottomRightRadius": 4,
                                "borderStyle": "none",
                                "borderTopRightRadius": 4,
                                "fontFamily": "Arial",
                                "fontSize": "0.9dvw"
                              },
                              "textAlign": "center",
                              "value": "2000"
                            },
                            "type": "ia.input.dropdown"
                          }
                        ],
                        "meta": {
                          "name": "Business"
                        },
                        "position": {
                          "basis": "11%",
                          "shrink": 0
                        },
                        "props": {
                          "justify": "flex-end",
                          "style": {
                            "borderBottomLeftRadius": 4,
                            "borderBottomRightRadius": 4,
                            "borderTopLeftRadius": 4,
                            "borderTopRightRadius": 4,
                            "classes": "BG",
                            "fontFamily": "Arial",
                            "fontSize": "0.9dvw",
                            "marginLeft": "2px",
                            "marginRight": "2px",
                            "textAlign": "center"
                          }
                        },
                        "type": "ia.container.flex"
                      },
                      {
                        "children": [
                          {
                            "meta": {
                              "name": "Label"
                            },
                            "position": {
                              "basis": "50%",
                              "shrink": 0
                            },
                            "props": {
                              "style": {
                                "backgroundColor": "#334B7F",
                                "borderBottomLeftRadius": 6,
                                "borderTopLeftRadius": 6,
                                "color": "#FFFFFF",
                                "fontFamily": "Arial",
                                "fontSize": "1dvw",
                                "fontWeight": "bold",
                                "textAlign": "center"
                              },
                              "text": "Plant"
                            },
                            "type": "ia.display.label"
                          },
                          {
                            "custom": {
                              "Selected_Name": null
                            },
                            "meta": {
                              "name": "Dropdown"
                            },
                            "position": {
                              "basis": "50%",
                              "shrink": 0
                            },
                            "propConfig": {
                              "props.options": {
                                "binding": {
                                  "config": {
                                    "path": ".../Business/Dropdown.props.value"
                                  },
                                  "transforms": [
                                    {
                                      "code": "\treturn Common_Portal.User.Plant_DD_DS(value, self.session.custom.CP_User_Management.Roles)",
                                      "type": "script"
                                    }
                                  ],
                                  "type": "property"
                                }
                              },
                              "props.value": {
                                "onChange": {
                                  "enabled": null,
                                  "script": "\tselectedValue \u003d self.props.value\n\toptions \u003d self.props.options\n\tselectedLabel \u003d next((item[\u0027label\u0027] for item in options if item[\u0027value\u0027] \u003d\u003d selectedValue), None)\n\tself.custom.Selected_Name \u003d selectedLabel"
                                }
                              }
                            },
                            "props": {
                              "style": {
                                "borderBottomRightRadius": 4,
                                "borderStyle": "none",
                                "borderTopRightRadius": 4,
                                "fontFamily": "Arial",
                                "fontSize": "0.9dvw"
                              },
                              "textAlign": "center",
                              "value": 2200
                            },
                            "type": "ia.input.dropdown"
                          }
                        ],
                        "meta": {
                          "name": "Plant"
                        },
                        "position": {
                          "basis": "11%",
                          "shrink": 0
                        },
                        "props": {
                          "justify": "flex-end",
                          "style": {
                            "borderBottomLeftRadius": 4,
                            "borderBottomRightRadius": 4,
                            "borderTopLeftRadius": 4,
                            "borderTopRightRadius": 4,
                            "classes": "BG",
                            "fontFamily": "Arial",
                            "fontSize": "0.9dvw",
                            "marginLeft": "2px",
                            "marginRight": "2px",
                            "textAlign": "center"
                          }
                        },
                        "type": "ia.container.flex"
                      },
                      {
                        "children": [
                          {
                            "meta": {
                              "name": "Label"
                            },
                            "position": {
                              "basis": "50%",
                              "shrink": 0
                            },
                            "props": {
                              "style": {
                                "backgroundColor": "#334B7F",
                                "color": "#FFFFFF",
                                "fontFamily": "Arial",
                                "fontSize": "1dvw",
                                "fontWeight": "bold",
                                "textAlign": "center"
                              },
                              "text": "Shift"
                            },
                            "type": "ia.display.label"
                          },
                          {
                            "custom": {
                              "Shift": "Shift 1",
                              "Shift_ID": 1
                            },
                            "meta": {
                              "name": "Dropdown"
                            },
                            "position": {
                              "basis": "50%",
                              "shrink": 0
                            },
                            "propConfig": {
                              "props.options": {
                                "binding": {
                                  "config": {
                                    "struct": {},
                                    "waitOnAll": true
                                  },
                                  "transforms": [
                                    {
                                      "code": "\treturn [\n    {\"label\": \"Shift 1\", \"value\": 1},\n    {\"label\": \"Shift 2\", \"value\": 2},\n    {\"label\": \"Shift 3\", \"value\": 3}\n]",
                                      "type": "script"
                                    }
                                  ],
                                  "type": "expr-struct"
                                }
                              },
                              "props.value": {
                                "onChange": {
                                  "enabled": null,
                                  "script": "\tselectedValue \u003d self.props.value\n\toptions \u003d self.props.options\n\tselectedLabel \u003d next((item[\u0027label\u0027] for item in options if item[\u0027value\u0027] \u003d\u003d selectedValue), None)\n\tself.custom.Shift \u003d selectedLabel\n\tself.custom.Shift_ID \u003d self.props.value"
                                }
                              }
                            },
                            "props": {
                              "style": {
                                "borderBottomRightRadius": 4,
                                "borderStyle": "none",
                                "borderTopRightRadius": 4,
                                "fontFamily": "Arial",
                                "fontSize": "0.9dvw"
                              },
                              "textAlign": "center",
                              "value": 1
                            },
                            "type": "ia.input.dropdown"
                          }
                        ],
                        "meta": {
                          "name": "SHIFT"
                        },
                        "position": {
                          "basis": "11%",
                          "shrink": 0
                        },
                        "props": {
                          "style": {
                            "border-radius": "5px",
                            "borderWidth": 2
                          }
                        },
                        "type": "ia.container.flex"
                      },
                      {
                        "children": [
                          {
                            "meta": {
                              "name": "Label"
                            },
                            "position": {
                              "basis": "50%",
                              "shrink": 0
                            },
                            "props": {
                              "style": {
                                "backgroundColor": "#334B7F",
                                "color": "#FFFFFF",
                                "fontFamily": "Arial",
                                "fontSize": "1dvw",
                                "fontWeight": "bold",
                                "textAlign": "center"
                              },
                              "text": "Duration   (mins)"
                            },
                            "type": "ia.display.label"
                          },
                          {
                            "meta": {
                              "name": "NumericEntryField"
                            },
                            "position": {
                              "basis": "50%",
                              "shrink": 0
                            },
                            "propConfig": {
                              "props.value": {
                                "binding": {
                                  "config": {
                                    "expression": "dateDiff({.../START_TIME/DateTimeInput.props.formattedValue}, {.../END_DATE/DateTimeInput.props.formattedValue}, \"min\")"
                                  },
                                  "enabled": false,
                                  "type": "expr"
                                }
                              }
                            },
                            "props": {
                              "align": "center",
                              "enabled": false,
                              "format": "none",
                              "spinner": {
                                "enabled": false
                              },
                              "style": {
                                "backgroundColor": "#FFFFFF",
                                "borderStyle": "hidden",
                                "fontFamily": "Arial",
                                "fontSize": "0.9dvw",
                                "textAlign": "center"
                              },
                              "value": 0
                            },
                            "type": "ia.input.numeric-entry-field"
                          }
                        ],
                        "meta": {
                          "name": "Duration"
                        },
                        "position": {
                          "basis": "11%",
                          "shrink": 0
                        },
                        "props": {
                          "style": {
                            "border-radius": "5px",
                            "borderWidth": 2
                          }
                        },
                        "type": "ia.container.flex"
                      },
                      {
                        "children": [
                          {
                            "meta": {
                              "name": "Label"
                            },
                            "position": {
                              "basis": "50%",
                              "shrink": 0
                            },
                            "props": {
                              "style": {
                                "backgroundColor": "#334B7F",
                                "color": "#FFFFFF",
                                "fontFamily": "Arial",
                                "fontSize": "1dvw",
                                "fontWeight": "bold",
                                "textAlign": "center"
                              },
                              "text": "Start Time"
                            },
                            "type": "ia.display.label"
                          },
                          {
                            "meta": {
                              "name": "DateTimeInput"
                            },
                            "position": {
                              "basis": "50%",
                              "shrink": 0
                            },
                            "propConfig": {
                              "props.minDate": {
                                "binding": {
                                  "config": {
                                    "struct": {},
                                    "waitOnAll": true
                                  },
                                  "transforms": [
                                    {
                                      "code": "\treturn system.date.midnight(system.date.now())",
                                      "type": "script"
                                    }
                                  ],
                                  "type": "expr-struct"
                                }
                              },
                              "props.value": {
                                "onChange": {
                                  "enabled": null,
                                  "script": "\tstartDate \u003d self.props.value\n\tendDate   \u003d self.parent.parent.getChild(\"END_DATE\").getChild(\"DateTimeInput\").props.value\n\t\n\tif startDate and endDate:\n\t    start \u003d system.date.fromMillis(startDate)\n\t    end   \u003d system.date.fromMillis(endDate)\n\t    duration \u003d system.date.minutesBetween(start, end)\n\t    self.parent.parent.getChild(\"Duration\").getChild(\"NumericEntryField\").props.value \u003d duration"
                                }
                              }
                            },
                            "props": {
                              "format": "yyyy-MM-DD HH:mm:ss",
                              "formattedValue": "1900-01-01 16:55:58",
                              "inputProps": {
                                "style": {
                                  "borderStyle": "none"
                                }
                              },
                              "style": {
                                "borderStyle": "none"
                              },
                              "value": {
                                "$": [
                                  "ts",
                                  0,
                                  1759836358867
                                ],
                                "$ts": -2208947112000
                              }
                            },
                            "type": "ia.input.date-time-input"
                          }
                        ],
                        "meta": {
                          "name": "START_TIME"
                        },
                        "position": {
                          "basis": "11%",
                          "shrink": 0
                        },
                        "props": {
                          "style": {
                            "border-radius": "5px",
                            "borderWidth": 2,
                            "overflow": "hidden"
                          }
                        },
                        "type": "ia.container.flex"
                      },
                      {
                        "children": [
                          {
                            "meta": {
                              "name": "Label"
                            },
                            "position": {
                              "basis": "50%",
                              "shrink": 0
                            },
                            "props": {
                              "style": {
                                "backgroundColor": "#334B7F",
                                "color": "#FFFFFF",
                                "fontFamily": "Arial",
                                "fontSize": "1dvw",
                                "fontWeight": "bold",
                                "textAlign": "center"
                              },
                              "text": "End Time"
                            },
                            "type": "ia.display.label"
                          },
                          {
                            "meta": {
                              "name": "DateTimeInput"
                            },
                            "position": {
                              "basis": "50%",
                              "shrink": 0
                            },
                            "propConfig": {
                              "props.maxDate": {
                                "binding": {
                                  "config": {
                                    "expression": "addDays({.../START_TIME/DateTimeInput.props.value}, 1)"
                                  },
                                  "type": "expr"
                                }
                              },
                              "props.minDate": {
                                "binding": {
                                  "config": {
                                    "path": ".../START_TIME/DateTimeInput.props.value"
                                  },
                                  "type": "property"
                                }
                              },
                              "props.value": {
                                "onChange": {
                                  "enabled": null,
                                  "script": "\tstartDate \u003d self.parent.parent.getChild(\"START_TIME\").getChild(\"DateTimeInput\").props.value\n\tendDate \u003d self.props.value\n\tif startDate and endDate:\n\t\tself.parent.parent.getChild(\"Duration\").getChild(\"NumericEntryField\").props.value \u003d system.date.minutesBetween(startDate,endDate)"
                                }
                              }
                            },
                            "props": {
                              "format": "yyyy-MM-DD HH:mm:ss",
                              "formattedValue": "1900-01-01 16:55:58",
                              "inputProps": {
                                "style": {
                                  "borderStyle": "none"
                                }
                              },
                              "value": {
                                "$": [
                                  "ts",
                                  0,
                                  1759836358869
                                ],
                                "$ts": -2208947112000
                              }
                            },
                            "type": "ia.input.date-time-input"
                          }
                        ],
                        "meta": {
                          "name": "END_DATE"
                        },
                        "position": {
                          "basis": "11%",
                          "shrink": 0
                        },
                        "props": {
                          "style": {
                            "border-radius": "5px",
                            "borderWidth": 2,
                            "overflow": "hidden"
                          }
                        },
                        "type": "ia.container.flex"
                      },
                      {
                        "children": [
                          {
                            "events": {
                              "dom": {
                                "onClick": {
                                  "config": {
                                    "script": "\n\ttry:\n\t\tdb \u003d \"CM_MASTER\"\n\t\tBusiness_ID \u003d self.parent.parent.getChild(\"Business\").getChild(\"Dropdown\").props.value\n\t\tPlant_ID \u003d self.parent.parent.getChild(\"Plant\").getChild(\"Dropdown\").props.value\n\t\tShift_ID \u003d self.parent.parent.getChild(\"SHIFT\").getChild(\"Dropdown\").props.value\n\t\tShift_Name \u003d self.parent.parent.getChild(\"SHIFT\").getChild(\"Dropdown\").custom.Shift\n\t\tShiftStart_Time \u003d self.parent.parent.getChild(\"START_TIME\").getChild(\"DateTimeInput\").props.value\n\t\tShiftEnd_Time \u003d self.parent.parent.getChild(\"END_DATE\").getChild(\"DateTimeInput\").props.value\n\t\tDuration \u003d self.parent.parent.getChild(\"Duration\").getChild(\"NumericEntryField\").props.value\n\n\t\tstart_time \u003d system.date.format(ShiftStart_Time, \"HH:mm:ss\")\n\t\tend_time   \u003d system.date.format(ShiftEnd_Time, \"HH:mm:ss\")\n\t\t\n\t\ttable \u003d \"M_SHIFT\"\n\t\tcolumns \u003d \"(shift_id, business_id, plant_id, shift_name, shift_start_time, shift_end_time, duration)\"\n\t\tvalues \u003d \"(?,?,?,?,?,?,?)\"\n\t\targs \u003d [Shift_ID, Business_ID, Plant_ID, Shift_Name, ShiftStart_Time, ShiftEnd_Time, Duration]\n\t\tMasters.Common_Master.add_query(table, columns, values, args, db)\n\t\tMasters.Common_Master.open_popup(\n\t\t    \"Shift Master\",\n\t\t    \"Shift \u0027{}\u0027 (ID: {}) added successfully for Plant ID {}, Business ID {}.\".format(\n\t\t        Shift_Name, Shift_ID, Plant_ID, Business_ID\n\t\t    )\n\t\t)\n\t\tsystem.perspective.sendMessage(\"refresh_table_SF\", scope\u003d\"page\")\n\texcept Exception as e:\n\t\tMasters.Common_Master.open_popup(\n\t\t    \"Error Adding Shift\", \n\t\t    \"Failed to add Shift. Reason: {}\".format(str(e))\n\t\t)"
                                  },
                                  "scope": "G",
                                  "type": "script"
                                }
                              }
                            },
                            "meta": {
                              "name": "ADD"
                            },
                            "position": {
                              "basis": "28%",
                              "shrink": 0
                            },
                            "props": {
                              "style": {
                                "backgroundColor": "#01177D"
                              },
                              "text": "ADD"
                            },
                            "type": "ia.input.button"
                          },
                          {
                            "events": {
                              "dom": {
                                "onClick": {
                                  "config": {
                                    "script": "\n    try:\n        db \u003d \"CM_MASTER\"\n        Business_ID \u003d self.parent.parent.getChild(\"Business\").getChild(\"Dropdown\").props.value\n        Plant_ID    \u003d self.parent.parent.getChild(\"Plant\").getChild(\"Dropdown\").props.value\n        Shift_ID    \u003d self.parent.parent.getChild(\"SHIFT\").getChild(\"Dropdown\").props.value\n        Shift_Name  \u003d self.parent.parent.getChild(\"SHIFT\").getChild(\"Dropdown\").custom.Shift\n        Duration     \u003d self.parent.parent.getChild(\"Duration\").getChild(\"NumericEntryField\").props.value\n        ShiftStart_time \u003d self.parent.parent.getChild(\"START_TIME\").getChild(\"DateTimeInput\").props.value\n        ShiftEnd_time   \u003d self.parent.parent.getChild(\"END_DATE\").getChild(\"DateTimeInput\").props.value\n\n        table   \u003d \"M_SHIFT\"\n        # The \u0027columns\u0027 variable defines the SET clause. The placeholders must match the order of `args`\n        columns \u003d \"business_id \u003d ?, plant_id \u003d ?, shift_name \u003d ?, shift_start_time \u003d ?, shift_end_time \u003d ?, duration \u003d ?\"\n        where   \u003d \"shift_id \u003d ?\"\n        # Corrected: Reordered the arguments to match the placeholders in the SQL query.\n        args    \u003d [Business_ID, Plant_ID, Shift_Name, ShiftStart_time, ShiftEnd_time, Duration, Shift_ID]\n\n        Masters.Common_Master.modify_query(table, columns, where, args, db)\n\n        Masters.Common_Master.open_popup(\n            \"Shift Master\",\n            \"Shift \u0027{}\u0027 (ID: {}) modified successfully for Plant ID {}, Business ID {}.\".format(\n                Shift_Name, Shift_ID, Plant_ID, Business_ID\n            )\n        )\n\n        system.perspective.sendMessage(\"refresh_table_SF\", scope\u003d\"page\")\n\n    except Exception as e:\n        Masters.Common_Master.open_popup(\n            \"Error Modifying Shift\", \n            \"Failed to modify Shift. Reason: {}\".format(str(e))\n        )"
                                  },
                                  "scope": "G",
                                  "type": "script"
                                }
                              }
                            },
                            "meta": {
                              "name": "MODIFY"
                            },
                            "position": {
                              "basis": "28%",
                              "shrink": 0
                            },
                            "props": {
                              "style": {
                                "backgroundColor": "#01177D"
                              },
                              "text": "MODIFY"
                            },
                            "type": "ia.input.button"
                          },
                          {
                            "events": {
                              "dom": {
                                "onClick": {
                                  "config": {
                                    "script": "\n\ttry:\n\t\tdb \u003d \"CM_MASTER\"\n\t\tShift_ID \u003d self.parent.parent.getChild(\"SHIFT\").getChild(\"Dropdown\").props.value\n\t\ttable \u003d \"M_SHIFT\"\n\t\twhere \u003d \"shift_id \u003d ?\"\n\t\targs \u003d [Shift_ID]\n\t\t\n\t\tMasters.Common_Master.delete_query_new(table, where, args, db)\n\t\t\n\t\tMasters.Common_Master.open_popup(\n\t\t    \"Shift Master\",\n\t\t    \"Shift ID {} deleted successfully.\".format(Shift_ID)\n\t\t)\n\t\t\n\t\tsystem.perspective.sendMessage(\"refresh_table_SF\", scope\u003d\"page\")\n\n\texcept Exception as e:\n\t\n\t\tMasters.Common_Master.open_popup(\n\t\t    \"Error Deleting Shift\", \n\t\t    \"Failed to delete Shift. Reason: {}\".format(str(e))\n\t\t)"
                                  },
                                  "scope": "G",
                                  "type": "script"
                                }
                              }
                            },
                            "meta": {
                              "name": "DELETE"
                            },
                            "position": {
                              "basis": "28%",
                              "shrink": 0
                            },
                            "props": {
                              "style": {
                                "backgroundColor": "#01177D"
                              },
                              "text": "DELETE"
                            },
                            "type": "ia.input.button"
                          }
                        ],
                        "meta": {
                          "name": "BUTTON\n"
                        },
                        "position": {
                          "basis": "8.7%",
                          "shrink": 0
                        },
                        "propConfig": {
                          "meta.visible": {
                            "binding": {
                              "config": {
                                "expression": "indexOf({session.props.auth.user.roles}, \"RDC Admin\") \u003e\u003d 0 "
                              },
                              "type": "expr"
                            }
                          }
                        },
                        "props": {
                          "alignContent": "center",
                          "justify": "space-evenly"
                        },
                        "type": "ia.container.flex"
                      }
                    ],
                    "meta": {
                      "name": "FlexContainer"
                    },
                    "position": {
                      "basis": "93%",
                      "shrink": 0
                    },
                    "props": {
                      "direction": "column",
                      "justify": "space-around",
                      "style": {
                        "padding": "10px"
                      }
                    },
                    "type": "ia.container.flex"
                  }
                ],
                "meta": {
                  "name": "FORM"
                },
                "position": {
                  "basis": "32.4%",
                  "shrink": 0
                },
                "props": {
                  "direction": "column",
                  "style": {
                    "backgroundColor": "#F2F4F8",
                    "borderBottomLeftRadius": "8px",
                    "borderBottomRightRadius": "8px",
                    "borderColor": "#D5D5D5",
                    "borderStyle": "groove",
                    "borderTopLeftRadius": "8px",
                    "borderTopRightRadius": "8px",
                    "borderWidth": "2px",
                    "margin": "6px"
                  }
                },
                "type": "ia.container.flex"
              },
              {
                "children": [
                  {
                    "events": {
                      "component": {
                        "onRowClick": {
                          "config": {
                            "script": "\tself.parent.parent.getChild(\"FORM\").getChild(\"FlexContainer\").getChild(\"SHIFT\").getChild(\"Dropdown\").props.value \u003d int(self.props.selection.data[0].shift_id)\n\tself.parent.parent.getChild(\"FORM\").getChild(\"FlexContainer\").getChild(\"SHIFT\").getChild(\"Dropdown\").custom.Shift_ID\n\tself.parent.parent.getChild(\"FORM\").getChild(\"FlexContainer\").getChild(\"Duration\").getChild(\"NumericEntryField\").props.value \u003d self.props.selection.data[0].duration\n\tself.parent.parent.getChild(\"FORM\").getChild(\"FlexContainer\").getChild(\"START_TIME\").getChild(\"DateTimeInput\").props.value \u003d self.props.selection.data[0].start_time\n\tself.parent.parent.getChild(\"FORM\").getChild(\"FlexContainer\").getChild(\"END_DATE\").getChild(\"DateTimeInput\").props.value \u003d self.props.selection.data[0].stop_time\n\t"
                          },
                          "scope": "G",
                          "type": "script"
                        }
                      }
                    },
                    "meta": {
                      "name": "Table"
                    },
                    "position": {
                      "basis": "94.3%"
                    },
                    "propConfig": {
                      "props.data": {
                        "binding": {
                          "config": {
                            "parameters": {
                              "b_id": "{.../FORM/FlexContainer/Business/Dropdown.props.value}",
                              "p_id": "{.../FORM/FlexContainer/Plant/Dropdown.props.value}"
                            },
                            "polling": {
                              "enabled": true,
                              "rate": "5"
                            },
                            "queryPath": "Common/Masters/Shift"
                          },
                          "type": "query"
                        }
                      }
                    },
                    "props": {
                      "columns": [
                        {
                          "align": "center",
                          "boolean": "checkbox",
                          "dateFormat": "MM/DD/YYYY",
                          "editable": false,
                          "field": "shift_id",
                          "filter": {
                            "boolean": {
                              "condition": ""
                            },
                            "date": {
                              "condition": "",
                              "value": ""
                            },
                            "enabled": false,
                            "number": {
                              "condition": "",
                              "value": ""
                            },
                            "string": {
                              "condition": "",
                              "value": ""
                            },
                            "visible": "on-hover"
                          },
                          "footer": {
                            "align": "center",
                            "justify": "left",
                            "style": {
                              "classes": ""
                            },
                            "title": ""
                          },
                          "header": {
                            "align": "center",
                            "justify": "center",
                            "style": {
                              "classes": ""
                            },
                            "title": "ID"
                          },
                          "justify": "center",
                          "nullFormat": {
                            "includeNullStrings": false,
                            "nullFormatValue": "",
                            "strict": false
                          },
                          "number": "value",
                          "numberFormat": "0,0.##",
                          "progressBar": {
                            "bar": {
                              "color": "",
                              "style": {
                                "classes": ""
                              }
                            },
                            "max": 100,
                            "min": 0,
                            "track": {
                              "color": "",
                              "style": {
                                "classes": ""
                              }
                            },
                            "value": {
                              "enabled": true,
                              "format": "0,0.##",
                              "justify": "center",
                              "style": {
                                "classes": ""
                              }
                            }
                          },
                          "render": "number",
                          "resizable": true,
                          "sort": "none",
                          "sortable": true,
                          "strictWidth": false,
                          "style": {
                            "classes": ""
                          },
                          "toggleSwitch": {
                            "color": {
                              "selected": "",
                              "unselected": ""
                            }
                          },
                          "viewParams": {},
                          "viewPath": "",
                          "visible": true,
                          "width": ""
                        },
                        {
                          "align": "center",
                          "boolean": "checkbox",
                          "dateFormat": "MM/DD/YYYY",
                          "editable": false,
                          "field": "shift_name",
                          "filter": {
                            "boolean": {
                              "condition": ""
                            },
                            "date": {
                              "condition": "",
                              "value": ""
                            },
                            "enabled": false,
                            "number": {
                              "condition": "",
                              "value": ""
                            },
                            "string": {
                              "condition": "",
                              "value": ""
                            },
                            "visible": "on-hover"
                          },
                          "footer": {
                            "align": "center",
                            "justify": "left",
                            "style": {
                              "classes": ""
                            },
                            "title": ""
                          },
                          "header": {
                            "align": "center",
                            "justify": "left",
                            "style": {
                              "classes": ""
                            },
                            "title": ""
                          },
                          "justify": "auto",
                          "nullFormat": {
                            "includeNullStrings": false,
                            "nullFormatValue": "",
                            "strict": false
                          },
                          "number": "value",
                          "numberFormat": "0,0.##",
                          "progressBar": {
                            "bar": {
                              "color": "",
                              "style": {
                                "classes": ""
                              }
                            },
                            "max": 100,
                            "min": 0,
                            "track": {
                              "color": "",
                              "style": {
                                "classes": ""
                              }
                            },
                            "value": {
                              "enabled": true,
                              "format": "0,0.##",
                              "justify": "center",
                              "style": {
                                "classes": ""
                              }
                            }
                          },
                          "render": "auto",
                          "resizable": true,
                          "sort": "none",
                          "sortable": true,
                          "strictWidth": false,
                          "style": {
                            "classes": ""
                          },
                          "toggleSwitch": {
                            "color": {
                              "selected": "",
                              "unselected": ""
                            }
                          },
                          "viewParams": {},
                          "viewPath": "",
                          "visible": true,
                          "width": ""
                        },
                        {
                          "align": "center",
                          "boolean": "checkbox",
                          "dateFormat": "HH:mm:ss",
                          "editable": false,
                          "field": "start_time",
                          "filter": {
                            "boolean": {
                              "condition": ""
                            },
                            "date": {
                              "condition": "",
                              "value": ""
                            },
                            "enabled": false,
                            "number": {
                              "condition": "",
                              "value": ""
                            },
                            "string": {
                              "condition": "",
                              "value": ""
                            },
                            "visible": "on-hover"
                          },
                          "footer": {
                            "align": "center",
                            "justify": "left",
                            "style": {
                              "classes": ""
                            },
                            "title": ""
                          },
                          "header": {
                            "align": "center",
                            "justify": "left",
                            "style": {
                              "classes": ""
                            },
                            "title": ""
                          },
                          "justify": "auto",
                          "nullFormat": {
                            "includeNullStrings": false,
                            "nullFormatValue": "",
                            "strict": false
                          },
                          "number": "value",
                          "numberFormat": "0,0.##",
                          "progressBar": {
                            "bar": {
                              "color": "",
                              "style": {
                                "classes": ""
                              }
                            },
                            "max": 100,
                            "min": 0,
                            "track": {
                              "color": "",
                              "style": {
                                "classes": ""
                              }
                            },
                            "value": {
                              "enabled": true,
                              "format": "0,0.##",
                              "justify": "center",
                              "style": {
                                "classes": ""
                              }
                            }
                          },
                          "render": "auto",
                          "resizable": true,
                          "sort": "none",
                          "sortable": true,
                          "strictWidth": false,
                          "style": {
                            "classes": ""
                          },
                          "toggleSwitch": {
                            "color": {
                              "selected": "",
                              "unselected": ""
                            }
                          },
                          "viewParams": {},
                          "viewPath": "",
                          "visible": true,
                          "width": ""
                        },
                        {
                          "align": "center",
                          "boolean": "checkbox",
                          "dateFormat": "HH:mm:ss",
                          "editable": false,
                          "field": "stop_time",
                          "filter": {
                            "boolean": {
                              "condition": ""
                            },
                            "date": {
                              "condition": "",
                              "value": ""
                            },
                            "enabled": false,
                            "number": {
                              "condition": "",
                              "value": ""
                            },
                            "string": {
                              "condition": "",
                              "value": ""
                            },
                            "visible": "on-hover"
                          },
                          "footer": {
                            "align": "center",
                            "justify": "left",
                            "style": {
                              "classes": ""
                            },
                            "title": ""
                          },
                          "header": {
                            "align": "center",
                            "justify": "left",
                            "style": {
                              "classes": ""
                            },
                            "title": ""
                          },
                          "justify": "auto",
                          "nullFormat": {
                            "includeNullStrings": false,
                            "nullFormatValue": "",
                            "strict": false
                          },
                          "number": "value",
                          "numberFormat": "0,0.##",
                          "progressBar": {
                            "bar": {
                              "color": "",
                              "style": {
                                "classes": ""
                              }
                            },
                            "max": 100,
                            "min": 0,
                            "track": {
                              "color": "",
                              "style": {
                                "classes": ""
                              }
                            },
                            "value": {
                              "enabled": true,
                              "format": "0,0.##",
                              "justify": "center",
                              "style": {
                                "classes": ""
                              }
                            }
                          },
                          "render": "auto",
                          "resizable": true,
                          "sort": "none",
                          "sortable": true,
                          "strictWidth": false,
                          "style": {
                            "classes": ""
                          },
                          "toggleSwitch": {
                            "color": {
                              "selected": "",
                              "unselected": ""
                            }
                          },
                          "viewParams": {},
                          "viewPath": "",
                          "visible": true,
                          "width": ""
                        },
                        {
                          "align": "center",
                          "boolean": "checkbox",
                          "dateFormat": "MM/DD/YYYY",
                          "editable": false,
                          "field": "duration",
                          "filter": {
                            "boolean": {
                              "condition": ""
                            },
                            "date": {
                              "condition": "",
                              "value": ""
                            },
                            "enabled": false,
                            "number": {
                              "condition": "",
                              "value": ""
                            },
                            "string": {
                              "condition": "",
                              "value": ""
                            },
                            "visible": "on-hover"
                          },
                          "footer": {
                            "align": "center",
                            "justify": "left",
                            "style": {
                              "classes": ""
                            },
                            "title": ""
                          },
                          "header": {
                            "align": "center",
                            "justify": "left",
                            "style": {
                              "classes": ""
                            },
                            "title": ""
                          },
                          "justify": "auto",
                          "nullFormat": {
                            "includeNullStrings": false,
                            "nullFormatValue": "",
                            "strict": false
                          },
                          "number": "value",
                          "numberFormat": "0,0.##",
                          "progressBar": {
                            "bar": {
                              "color": "",
                              "style": {
                                "classes": ""
                              }
                            },
                            "max": 100,
                            "min": 0,
                            "track": {
                              "color": "",
                              "style": {
                                "classes": ""
                              }
                            },
                            "value": {
                              "enabled": true,
                              "format": "0,0.##",
                              "justify": "center",
                              "style": {
                                "classes": ""
                              }
                            }
                          },
                          "render": "auto",
                          "resizable": true,
                          "sort": "none",
                          "sortable": true,
                          "strictWidth": false,
                          "style": {
                            "classes": ""
                          },
                          "toggleSwitch": {
                            "color": {
                              "selected": "",
                              "unselected": ""
                            }
                          },
                          "viewParams": {},
                          "viewPath": "",
                          "visible": true,
                          "width": ""
                        }
                      ],
                      "headerStyle": {
                        "backgroundColor": "#334B7F",
                        "color": "#FFFFFF",
                        "fontFamily": "Arial",
                        "fontSize": "1dvw",
                        "fontWeight": "bold",
                        "textTransform": "uppercase"
                      },
                      "style": {
                        "borderStyle": "groove"
                      }
                    },
                    "scripts": {
                      "customMethods": [],
                      "extensionFunctions": null,
                      "messageHandlers": [
                        {
                          "messageType": "refresh_table_SF",
                          "pageScope": true,
                          "script": "\t\tself.refreshBinding(\"props.data\")",
                          "sessionScope": true,
                          "viewScope": true
                        }
                      ]
                    },
                    "type": "ia.display.table"
                  }
                ],
                "meta": {
                  "name": "TABLE"
                },
                "position": {
                  "basis": "67.6%"
                },
                "props": {
                  "direction": "column-reverse",
                  "justify": "space-evenly",
                  "style": {
                    "borderBottomLeftRadius": "8px",
                    "borderBottomRightRadius": "8px",
                    "borderColor": "#D5D5D5",
                    "borderStyle": "groove",
                    "borderTopLeftRadius": "8px",
                    "borderTopRightRadius": "8px",
                    "borderWidth": "2px",
                    "margin": "5px"
                  },
                  "wrap": "wrap"
                },
                "type": "ia.container.flex"
              }
            ],
            "meta": {
              "name": "FlexContainer"
            },
            "position": {
              "grow": 1
            },
            "type": "ia.container.flex"
          }
        ],
        "meta": {
          "name": "SHIFT"
        },
        "position": {
          "basis": "98.6%",
          "shrink": 0
        },
        "props": {
          "justify": "center"
        },
        "type": "ia.container.flex"
      },
      {
        "meta": {
          "name": "SHIFT MASTER"
        },
        "position": {
          "basis": "320px"
        },
        "props": {
          "path": "Common_master/SHIFT MASTER"
        },
        "type": "ia.display.view"
      }
    ],
    "meta": {
      "name": "root"
    },
    "props": {
      "direction": "column",
      "justify": "center"
    },
    "type": "ia.container.flex"
  }
}