{
  "custom": {
    "CurrentIndex": 1,
    "Params": [
      null,
      null,
      null,
      null
    ]
  },
  "params": {
    "Current": "",
    "Energy": "",
    "Line_ID": "",
    "Machine_Name": "",
    "PF": "",
    "Voltage": "",
    "business_id": "",
    "machine_id": "",
    "plant_id": ""
  },
  "propConfig": {
    "custom.CurrentIndex": {
      "binding": {
        "config": {
          "expression": "floor((getSecond(now())/ 5) % len({view.custom.Params}))"
        },
        "type": "expr"
      },
      "persistent": true
    },
    "custom.Params": {
      "persistent": true
    },
    "custom.Params[0]": {
      "binding": {
        "config": {
          "path": "view.params.Voltage"
        },
        "type": "property"
      }
    },
    "custom.Params[1]": {
      "binding": {
        "config": {
          "path": "view.params.Current"
        },
        "type": "property"
      }
    },
    "custom.Params[2]": {
      "binding": {
        "config": {
          "path": "view.params.PF"
        },
        "type": "property"
      }
    },
    "custom.Params[3]": {
      "binding": {
        "config": {
          "path": "view.params.Energy"
        },
        "type": "property"
      }
    },
    "params.Current": {
      "paramDirection": "input",
      "persistent": true
    },
    "params.Energy": {
      "paramDirection": "input",
      "persistent": true
    },
    "params.Line_ID": {
      "paramDirection": "input",
      "persistent": true
    },
    "params.Machine_Name": {
      "paramDirection": "input",
      "persistent": true
    },
    "params.PF": {
      "paramDirection": "input",
      "persistent": true
    },
    "params.Voltage": {
      "paramDirection": "input",
      "persistent": true
    },
    "params.business_id": {
      "paramDirection": "input",
      "persistent": true
    },
    "params.machine_id": {
      "paramDirection": "input",
      "persistent": true
    },
    "params.plant_id": {
      "paramDirection": "input",
      "persistent": true
    }
  },
  "props": {
    "defaultSize": {
      "height": 120,
      "width": 220
    }
  },
  "root": {
    "children": [
      {
        "children": [
          {
            "meta": {
              "name": "Label"
            },
            "position": {
              "height": 51,
              "rotate": {
                "anchor": "-216% -16%"
              },
              "width": 193,
              "x": 3,
              "y": 2.31
            },
            "propConfig": {
              "props.text": {
                "binding": {
                  "config": {
                    "path": "view.params.Machine_Name"
                  },
                  "type": "property"
                }
              }
            },
            "props": {
              "style": {
                "backgroundColor": "#CCCCFF",
                "backgroundImage": " linear-gradient(to right, #f0f3fa, #c6cdec, #a3a7dc, #897fc8, #7656b0)\n",
                "borderBottomLeftRadius": 5,
                "borderBottomRightRadius": 5,
                "borderColor": "#808080",
                "borderStyle": "none",
                "borderTopLeftRadius": 5,
                "borderTopRightRadius": 5,
                "color": "#FFFFFF",
                "fontFamily": "Helvetica",
                "fontSize": 15,
                "fontWeight": "bolder"
              },
              "textStyle": {
                "borderStyle": "none",
                "color": "#000000",
                "fontFamily": "Arial",
                "fontSize": "1dvw",
                "fontWeight": "bolder",
                "textAlign": "center"
              }
            },
            "type": "ia.display.label"
          },
          {
            "meta": {
              "name": "Label_0"
            },
            "position": {
              "height": 44,
              "rotate": {
                "anchor": "-216% -16%"
              },
              "width": 196,
              "x": 0.5,
              "y": 54.31
            },
            "propConfig": {
              "props.text": {
                "binding": {
                  "config": {
                    "expression": "if({view.custom.CurrentIndex} \u003d 0, \"Voltage: \" + {view.params.Voltage},\r\nif({view.custom.CurrentIndex} \u003d 1, \"Current: \" + {view.params.Current},\r\nif({view.custom.CurrentIndex} \u003d 2, \"Power Factor: \" + {view.params.PF},\r\n\"Energy: \" + {view.params.Energy})))"
                  },
                  "type": "expr"
                }
              }
            },
            "props": {
              "style": {
                "backgroundColor": "#CCCCFF",
                "backgroundImage": " linear-gradient(to right, #f0f3fa, #c6cdec, #a3a7dc, #897fc8, #7656b0)",
                "borderBottomLeftRadius": 5,
                "borderBottomRightRadius": 5,
                "borderColor": "#808080",
                "borderStyle": "none",
                "borderTopLeftRadius": 5,
                "borderTopRightRadius": 5,
                "color": "#000000",
                "fontFamily": "Helvetica",
                "fontSize": "1dvw",
                "fontWeight": "bolder"
              },
              "textStyle": {
                "borderStyle": "none",
                "color": "#000080",
                "fontFamily": "Arial",
                "fontSize": "1dvw",
                "fontWeight": "bolder",
                "textAlign": "center"
              }
            },
            "type": "ia.display.label"
          },
          {
            "meta": {
              "name": "Sensor",
              "visible": false
            },
            "position": {
              "height": 96,
              "width": 196,
              "x": 2,
              "y": 2.02
            },
            "propConfig": {
              "props.label.text": {
                "binding": {
                  "config": {
                    "path": "view.params.Machine_Name"
                  },
                  "type": "property"
                }
              },
              "props.value.text": {
                "binding": {
                  "config": {
                    "expression": "if({view.custom.CurrentIndex} \u003d 0, \"Voltage: \" + {view.params.Voltage},\r\nif({view.custom.CurrentIndex} \u003d 1, \"Current: \" + {view.params.Current},\r\nif({view.custom.CurrentIndex} \u003d 2, \"Power Factor: \" + {view.params.PF},\r\n\"Energy: \" + {view.params.Energy})))"
                  },
                  "type": "expr"
                }
              }
            },
            "props": {
              "label": {
                "location": "top",
                "style": {
                  "backgroundColor": "#000080",
                  "borderBottomLeftRadius": 5,
                  "borderBottomRightRadius": 5,
                  "borderColor": "#808080",
                  "borderStyle": "inset",
                  "borderTopLeftRadius": 5,
                  "borderTopRightRadius": 5,
                  "color": "#FFFFFF",
                  "fontFamily": "Helvetica",
                  "fontSize": 15,
                  "fontWeight": "bolder"
                }
              },
              "style": {
                "fill": "#AAAAAA"
              },
              "value": {
                "location": "bottom",
                "style": {
                  "backgroundColor": "#FFFFCC",
                  "borderBottomLeftRadius": 5,
                  "borderBottomRightRadius": 5,
                  "borderColor": "#808080",
                  "borderStyle": "inset",
                  "borderTopLeftRadius": 5,
                  "borderTopRightRadius": 5,
                  "color": "#000000",
                  "fontFamily": "Helvetica",
                  "fontSize": 15,
                  "fontWeight": "bolder"
                }
              }
            },
            "type": "ia.symbol.sensor"
          }
        ],
        "events": {
          "dom": {
            "onClick": {
              "config": {
                "script": "\t# Safe access to parameters\n\tline_id \u003d getattr(self.view.params, \u0027Line_ID\u0027, None)\n\tcell_id \u003d getattr(self.view.params, \u0027Cell_ID\u0027, None)\n\tmachine_id \u003d getattr(self.view.params, \u0027machine_id\u0027, None)\n\tbusiness_id \u003d getattr(self.view.params, \u0027business_id\u0027, None)\n\tplant_id \u003d getattr(self.view.params, \u0027plant_id\u0027, None)\n\t\n\t# Convert to string if not None\n\tif business_id is not None:\n\t    business_id \u003d str(business_id)\n\tif plant_id is not None:\n\t    plant_id \u003d str(plant_id)\n\tif machine_id is not None:\n\t    machine_id \u003d str(machine_id)\n\t\n\t# ✅ Match destination params exactly\n\tparams \u003d {\n\t    \u0027ll_line\u0027: line_id,\n\t    \u0027mm\u0027: machine_id,\n\t    \u0027business\u0027: business_id,\n\t    \u0027Plant\u0027: plant_id\n\t}\n\t\n\t# Remove None values\n\tfiltered_params \u003d {k: v for k, v in params.items() if v is not None}\n\t\n\t# Navigate\n\tsystem.perspective.navigate(\n\t    view\u003d\"EMS/Overview/EMS_Overview_SGD\",\n\t    params\u003dfiltered_params\n\t)"
              },
              "scope": "G",
              "type": "script"
            }
          }
        },
        "meta": {
          "name": "CoordinateContainer"
        },
        "position": {
          "height": 0.9725,
          "width": 0.9764,
          "y": -0.0642
        },
        "props": {
          "style": {
            "backgroundColor": "#CCCCFF",
            "backgroundImage": "linear-gradient(to right, #f0f3fa, #c6cdec, #a3a7dc, #897fc8, #7656b0)",
            "borderBottomLeftRadius": 8,
            "borderBottomRightRadius": 8,
            "borderColor": "#335475",
            "borderStyle": "outset",
            "borderTopLeftRadius": 8,
            "borderTopRightRadius": 8,
            "borderWidth": 8,
            "fill": "#804600",
            "marginBottom": 10,
            "marginLeft": 2.5,
            "marginRight": 2.5,
            "marginTop": 10
          }
        },
        "type": "ia.container.coord"
      }
    ],
    "meta": {
      "name": "root"
    },
    "props": {
      "mode": "percent",
      "style": {
        "backgroundColor": "#CCCCFF",
        "borderRadius": 4
      }
    },
    "type": "ia.container.coord"
  }
}