{
  "custom": {},
  "events": {
    "system": {
      "onStartup": {
        "config": {
          "script": "\tdate\u003dsystem.date.now()\n\tself.getChild(\"root\").getChild(\"Header\").getChild(\"Date_Container\").getChild(\"DateTimeInput\").props.value\u003ddate"
        },
        "scope": "G",
        "type": "script"
      }
    }
  },
  "params": {},
  "props": {
    "defaultSize": {
      "height": 824,
      "width": 832
    }
  },
  "root": {
    "children": [
      {
        "children": [
          {
            "meta": {
              "name": "Label"
            },
            "position": {
              "basis": "100%"
            },
            "props": {
              "style": {
                "backgroundColor": "#AEC613",
                "color": "#ffffff",
                "fontFamily": "Arial",
                "fontSize": "1.5dvw",
                "fontWeight": "bolder",
                "paddingBottom": 30,
                "paddingLeft": 30,
                "paddingRight": 30,
                "paddingTop": 30
              },
              "text": "Production_OFF_Scheduler"
            },
            "type": "ia.display.label"
          }
        ],
        "meta": {
          "name": "Title"
        },
        "position": {
          "basis": "10%",
          "shrink": 0
        },
        "props": {
          "justify": "center",
          "style": {
            "overflow": "hidden"
          }
        },
        "type": "ia.container.flex"
      },
      {
        "children": [
          {
            "children": [
              {
                "meta": {
                  "name": "Label"
                },
                "position": {
                  "grow": 1
                },
                "props": {
                  "style": {
                    "backgroundColor": "#242480",
                    "borderBottomLeftRadius": 6,
                    "borderTopLeftRadius": 6,
                    "color": "#FFFFFF",
                    "fontFamily": "Arial",
                    "fontSize": "0.9dvw",
                    "marginRight": "2px",
                    "textAlign": "center"
                  },
                  "text": "Business"
                },
                "type": "ia.display.label"
              },
              {
                "meta": {
                  "name": "Dropdown"
                },
                "position": {
                  "grow": 1
                },
                "propConfig": {
                  "props.options": {
                    "binding": {
                      "config": {
                        "path": "session.custom.CP_User_Management.BG_DD_DS"
                      },
                      "type": "property"
                    }
                  },
                  "props.value": {
                    "binding": {
                      "config": {
                        "expression": "if(\r\n  len({this.props.options}) \u003e 0,\r\n  {this.props.options[0].value},\r\n  \"\"\r\n)"
                      },
                      "type": "expr"
                    }
                  }
                },
                "props": {
                  "style": {
                    "borderBottomRightRadius": 4,
                    "borderTopRightRadius": 4,
                    "fontFamily": "Arial",
                    "fontSize": "0.9dvw"
                  }
                },
                "type": "ia.input.dropdown"
              }
            ],
            "meta": {
              "name": "Business"
            },
            "position": {
              "basis": "20%",
              "shrink": 0
            },
            "props": {
              "justify": "flex-end",
              "style": {
                "borderBottomLeftRadius": 4,
                "borderBottomRightRadius": 4,
                "borderTopLeftRadius": 4,
                "borderTopRightRadius": 4,
                "classes": "BG",
                "fontFamily": "Arial",
                "fontSize": "0.9dvw",
                "marginLeft": "2px",
                "marginRight": "2px",
                "textAlign": "center"
              }
            },
            "type": "ia.container.flex"
          },
          {
            "children": [
              {
                "meta": {
                  "name": "Label"
                },
                "position": {
                  "grow": 1
                },
                "props": {
                  "style": {
                    "backgroundColor": "#242480",
                    "borderBottomLeftRadius": 6,
                    "borderTopLeftRadius": 6,
                    "color": "#FFFFFF",
                    "fontFamily": "Arial",
                    "fontSize": "0.9dvw",
                    "marginRight": "2px",
                    "textAlign": "center"
                  },
                  "text": "Plant"
                },
                "type": "ia.display.label"
              },
              {
                "meta": {
                  "name": "Dropdown"
                },
                "position": {
                  "grow": 1
                },
                "propConfig": {
                  "props.options": {
                    "binding": {
                      "config": {
                        "path": ".../Business/Dropdown.props.value"
                      },
                      "transforms": [
                        {
                          "code": "\titems \u003d Common_Portal.User.Plant_DD_DS(value, self.session.custom.CP_User_Management.Roles)\n\t\n\tif not items:\n\t    return items\n\t\n\t# Sort list of dicts/objects by the \"label\" key\n\treturn sorted(items, key\u003dlambda x: x[\"label\"])",
                          "type": "script"
                        }
                      ],
                      "type": "property"
                    }
                  },
                  "props.value": {
                    "binding": {
                      "config": {
                        "expression": "if(\r\n  len({this.props.options}) \u003e 0,\r\n  {this.props.options[0].value},\r\n  \"\"\r\n)"
                      },
                      "type": "expr"
                    }
                  }
                },
                "props": {
                  "style": {
                    "borderBottomRightRadius": 4,
                    "borderTopRightRadius": 4,
                    "fontFamily": "Arial",
                    "fontSize": "0.9dvw"
                  }
                },
                "type": "ia.input.dropdown"
              }
            ],
            "meta": {
              "name": "Plant"
            },
            "position": {
              "basis": "20%",
              "shrink": 0
            },
            "props": {
              "justify": "flex-end",
              "style": {
                "borderBottomLeftRadius": 4,
                "borderBottomRightRadius": 4,
                "borderTopLeftRadius": 4,
                "borderTopRightRadius": 4,
                "classes": "BG",
                "fontFamily": "Arial",
                "fontSize": "0.9dvw",
                "marginLeft": "2px",
                "marginRight": "2px",
                "textAlign": "center"
              }
            },
            "type": "ia.container.flex"
          },
          {
            "children": [
              {
                "meta": {
                  "name": "Label"
                },
                "position": {
                  "grow": 1
                },
                "props": {
                  "style": {
                    "backgroundColor": "#242480",
                    "borderBottomLeftRadius": 6,
                    "borderTopLeftRadius": 6,
                    "color": "#FFFFFF",
                    "fontFamily": "Arial",
                    "fontSize": "0.9dvw",
                    "marginRight": "2px",
                    "textAlign": "center"
                  },
                  "text": "Cell"
                },
                "type": "ia.display.label"
              },
              {
                "meta": {
                  "name": "Dropdown"
                },
                "position": {
                  "grow": 1
                },
                "propConfig": {
                  "props.options": {
                    "binding": {
                      "config": {
                        "parameters": {
                          "BusinessID": "{.../Business/Dropdown.props.value}",
                          "PlantID": "{.../Plant/Dropdown.props.value}",
                          "ProjectID": "{session.custom.ProjectID_OEE}"
                        },
                        "queryPath": "Common/GetCellDetails"
                      },
                      "type": "query"
                    }
                  },
                  "props.value": {
                    "binding": {
                      "config": {
                        "expression": "if(\r\n  len({this.props.options}) \u003e 0,\r\n  {this.props.options}[0, \"ID\"],\r\n  \"\"\r\n)\r\n"
                      },
                      "type": "expr"
                    }
                  }
                },
                "props": {
                  "style": {
                    "borderBottomRightRadius": 4,
                    "borderTopRightRadius": 4,
                    "fontFamily": "Arial",
                    "fontSize": "0.9dvw"
                  }
                },
                "type": "ia.input.dropdown"
              }
            ],
            "meta": {
              "name": "Cell"
            },
            "position": {
              "basis": "20%",
              "shrink": 0
            },
            "props": {
              "justify": "flex-end",
              "style": {
                "borderBottomLeftRadius": 4,
                "borderBottomRightRadius": 4,
                "borderTopLeftRadius": 4,
                "borderTopRightRadius": 4,
                "classes": "BG",
                "fontFamily": "Arial",
                "fontSize": "0.9dvw",
                "marginLeft": "2px",
                "marginRight": "2px",
                "textAlign": "center"
              }
            },
            "type": "ia.container.flex"
          },
          {
            "children": [
              {
                "meta": {
                  "name": "Label"
                },
                "position": {
                  "grow": 1
                },
                "props": {
                  "style": {
                    "backgroundColor": "#242480",
                    "borderBottomLeftRadius": 6,
                    "borderTopLeftRadius": 6,
                    "color": "#FFFFFF",
                    "fontFamily": "Arial",
                    "fontSize": "0.9dvw",
                    "marginRight": "2px",
                    "textAlign": "center"
                  },
                  "text": "Line"
                },
                "type": "ia.display.label"
              },
              {
                "meta": {
                  "name": "Dropdown"
                },
                "position": {
                  "grow": 1
                },
                "propConfig": {
                  "props.options": {
                    "binding": {
                      "config": {
                        "parameters": {
                          "BusinessID": "{.../Business/Dropdown.props.value}",
                          "CellID": "{.../Cell/Dropdown.props.value}",
                          "PlantID": "{.../Plant/Dropdown.props.value}",
                          "ProjectID": "{session.custom.ProjectID_OEE}"
                        },
                        "queryPath": "Common/GetLineDetails"
                      },
                      "type": "query"
                    }
                  },
                  "props.value": {
                    "binding": {
                      "config": {
                        "expression": "if(\r\n  len({this.props.options}) \u003e 0,\r\n  {this.props.options}[0, \"ID\"],\r\n  \"\"\r\n)\r\n"
                      },
                      "type": "expr"
                    }
                  }
                },
                "props": {
                  "style": {
                    "borderBottomRightRadius": 4,
                    "borderTopRightRadius": 4,
                    "fontFamily": "Arial",
                    "fontSize": "0.9dvw"
                  }
                },
                "type": "ia.input.dropdown"
              }
            ],
            "meta": {
              "name": "Line"
            },
            "position": {
              "basis": "20%",
              "shrink": 0
            },
            "props": {
              "justify": "flex-end",
              "style": {
                "borderBottomLeftRadius": 4,
                "borderBottomRightRadius": 4,
                "borderTopLeftRadius": 4,
                "borderTopRightRadius": 4,
                "classes": "BG",
                "fontFamily": "Arial",
                "fontSize": "0.9dvw",
                "marginLeft": "2px",
                "marginRight": "2px",
                "textAlign": "center"
              }
            },
            "type": "ia.container.flex"
          },
          {
            "children": [
              {
                "meta": {
                  "name": "Date_Label"
                },
                "position": {
                  "basis": "40%",
                  "grow": 1
                },
                "props": {
                  "style": {
                    "backgroundColor": "#000080",
                    "borderBottomLeftRadius": 15,
                    "borderStyle": "groove",
                    "borderTopLeftRadius": 15,
                    "color": "#FFFFFF",
                    "fontFamily": "Arial",
                    "fontSize": "0.7dvw",
                    "fontWeight": "bolder",
                    "marginRight": 1,
                    "textAlign": "center"
                  },
                  "text": "DATE"
                },
                "type": "ia.display.label"
              },
              {
                "meta": {
                  "name": "DateTimeInput"
                },
                "position": {
                  "basis": "50%",
                  "grow": 1
                },
                "propConfig": {
                  "props.maxDate": {
                    "binding": {
                      "config": {
                        "expression": "dateArithmetic(now(), 6, \"days\")\r\n"
                      },
                      "type": "expr"
                    }
                  },
                  "props.minDate": {
                    "binding": {
                      "config": {
                        "expression": "dateArithmetic(\r\n    dateArithmetic(now(), -1, \"month\"),\r\n    1 - getDayOfMonth(dateArithmetic(now(), -1, \"month\")),\r\n    \"day\"\r\n)\r\n"
                      },
                      "type": "expr"
                    }
                  }
                },
                "props": {
                  "format": "yyyy-MM-DD",
                  "formattedValue": "2025-10-27",
                  "inputProps": {
                    "style": {
                      "borderBottomRightRadius": 25,
                      "borderStyle": "groove",
                      "borderTopRightRadius": 25,
                      "color": "#000000",
                      "fontFamily": "Arial",
                      "fontSize": "0.8dvw",
                      "fontWeight": "bolder",
                      "marginBottom": 1,
                      "marginLeft": 1,
                      "marginRight": 5,
                      "marginTop": 1,
                      "textAlign": "center"
                    }
                  },
                  "pickerType": "date",
                  "style": {
                    "fontFamily": "Arial",
                    "fontSize": "1dvw",
                    "fontWeight": "bold",
                    "marginBottom": 3,
                    "marginTop": 0.3,
                    "textAlign": "center"
                  },
                  "value": {
                    "$": [
                      "ts",
                      192,
                      1761568519897
                    ],
                    "$ts": 1761568519897
                  }
                },
                "type": "ia.input.date-time-input"
              }
            ],
            "meta": {
              "name": "Date_Container"
            },
            "position": {
              "basis": "13.5%",
              "grow": 1
            },
            "type": "ia.container.flex"
          }
        ],
        "meta": {
          "name": "Header"
        },
        "position": {
          "basis": "10%",
          "shrink": 0
        },
        "props": {
          "style": {
            "overflow": "hidden",
            "paddingBottom": 5,
            "paddingLeft": 5,
            "paddingRight": 5,
            "paddingTop": 5
          }
        },
        "type": "ia.container.flex"
      },
      {
        "children": [
          {
            "meta": {
              "name": "Table"
            },
            "position": {
              "basis": "100%",
              "shrink": 0
            },
            "propConfig": {
              "props.data": {
                "binding": {
                  "config": {
                    "parameters": {
                      "BusinessID": "{.../Header/Business/Dropdown.props.value}",
                      "CellID": "{.../Header/Cell/Dropdown.props.value}",
                      "LineID": "{.../Header/Line/Dropdown.props.value}",
                      "PlantID": "{.../Header/Plant/Dropdown.props.value}",
                      "selectedDate": "{.../Header/Date_Container/DateTimeInput.props.value}"
                    },
                    "queryPath": "OEE/ProductionOFFScheduler/Prodoff"
                  },
                  "type": "query"
                }
              }
            },
            "props": {
              "columns": [
                {
                  "align": "center",
                  "boolean": "checkbox",
                  "dateFormat": "YYYY/MM/DD",
                  "editable": false,
                  "field": "ScheduleDate",
                  "filter": {
                    "boolean": {
                      "condition": ""
                    },
                    "date": {
                      "condition": "",
                      "value": ""
                    },
                    "enabled": false,
                    "number": {
                      "condition": "",
                      "value": ""
                    },
                    "string": {
                      "condition": "",
                      "value": ""
                    },
                    "visible": "on-hover"
                  },
                  "footer": {
                    "align": "center",
                    "justify": "left",
                    "style": {
                      "classes": ""
                    },
                    "title": ""
                  },
                  "header": {
                    "align": "center",
                    "justify": "left",
                    "style": {
                      "classes": ""
                    },
                    "title": ""
                  },
                  "justify": "auto",
                  "nullFormat": {
                    "includeNullStrings": false,
                    "nullFormatValue": "",
                    "strict": false
                  },
                  "number": "value",
                  "numberFormat": "0,0.##",
                  "progressBar": {
                    "bar": {
                      "color": "",
                      "style": {
                        "classes": ""
                      }
                    },
                    "max": 100,
                    "min": 0,
                    "track": {
                      "color": "",
                      "style": {
                        "classes": ""
                      }
                    },
                    "value": {
                      "enabled": true,
                      "format": "0,0.##",
                      "justify": "center",
                      "style": {
                        "classes": ""
                      }
                    }
                  },
                  "render": "date",
                  "resizable": true,
                  "sort": "none",
                  "sortable": true,
                  "strictWidth": false,
                  "style": {
                    "classes": ""
                  },
                  "toggleSwitch": {
                    "color": {
                      "selected": "",
                      "unselected": ""
                    }
                  },
                  "viewParams": {},
                  "viewPath": "",
                  "visible": true,
                  "width": ""
                },
                {
                  "align": "center",
                  "boolean": "checkbox",
                  "dateFormat": "MM/DD/YYYY",
                  "editable": false,
                  "field": "CellName",
                  "filter": {
                    "boolean": {
                      "condition": ""
                    },
                    "date": {
                      "condition": "",
                      "value": ""
                    },
                    "enabled": false,
                    "number": {
                      "condition": "",
                      "value": ""
                    },
                    "string": {
                      "condition": "",
                      "value": ""
                    },
                    "visible": "on-hover"
                  },
                  "footer": {
                    "align": "center",
                    "justify": "left",
                    "style": {
                      "classes": ""
                    },
                    "title": ""
                  },
                  "header": {
                    "align": "center",
                    "justify": "left",
                    "style": {
                      "classes": ""
                    },
                    "title": ""
                  },
                  "justify": "auto",
                  "nullFormat": {
                    "includeNullStrings": false,
                    "nullFormatValue": "",
                    "strict": false
                  },
                  "number": "value",
                  "numberFormat": "0,0.##",
                  "progressBar": {
                    "bar": {
                      "color": "",
                      "style": {
                        "classes": ""
                      }
                    },
                    "max": 100,
                    "min": 0,
                    "track": {
                      "color": "",
                      "style": {
                        "classes": ""
                      }
                    },
                    "value": {
                      "enabled": true,
                      "format": "0,0.##",
                      "justify": "center",
                      "style": {
                        "classes": ""
                      }
                    }
                  },
                  "render": "auto",
                  "resizable": true,
                  "sort": "none",
                  "sortable": true,
                  "strictWidth": false,
                  "style": {
                    "classes": ""
                  },
                  "toggleSwitch": {
                    "color": {
                      "selected": "",
                      "unselected": ""
                    }
                  },
                  "viewParams": {},
                  "viewPath": "",
                  "visible": true,
                  "width": ""
                },
                {
                  "align": "center",
                  "boolean": "checkbox",
                  "dateFormat": "MM/DD/YYYY",
                  "editable": false,
                  "field": "LineName",
                  "filter": {
                    "boolean": {
                      "condition": ""
                    },
                    "date": {
                      "condition": "",
                      "value": ""
                    },
                    "enabled": false,
                    "number": {
                      "condition": "",
                      "value": ""
                    },
                    "string": {
                      "condition": "",
                      "value": ""
                    },
                    "visible": "on-hover"
                  },
                  "footer": {
                    "align": "center",
                    "justify": "left",
                    "style": {
                      "classes": ""
                    },
                    "title": ""
                  },
                  "header": {
                    "align": "center",
                    "justify": "left",
                    "style": {
                      "classes": ""
                    },
                    "title": ""
                  },
                  "justify": "auto",
                  "nullFormat": {
                    "includeNullStrings": false,
                    "nullFormatValue": "",
                    "strict": false
                  },
                  "number": "value",
                  "numberFormat": "0,0.##",
                  "progressBar": {
                    "bar": {
                      "color": "",
                      "style": {
                        "classes": ""
                      }
                    },
                    "max": 100,
                    "min": 0,
                    "track": {
                      "color": "",
                      "style": {
                        "classes": ""
                      }
                    },
                    "value": {
                      "enabled": true,
                      "format": "0,0.##",
                      "justify": "center",
                      "style": {
                        "classes": ""
                      }
                    }
                  },
                  "render": "auto",
                  "resizable": true,
                  "sort": "none",
                  "sortable": true,
                  "strictWidth": false,
                  "style": {
                    "classes": ""
                  },
                  "toggleSwitch": {
                    "color": {
                      "selected": "",
                      "unselected": ""
                    }
                  },
                  "viewParams": {},
                  "viewPath": "",
                  "visible": true,
                  "width": ""
                },
                {
                  "align": "center",
                  "boolean": "checkbox",
                  "dateFormat": "MM/DD/YYYY",
                  "editable": false,
                  "field": "MachineCode",
                  "filter": {
                    "boolean": {
                      "condition": ""
                    },
                    "date": {
                      "condition": "",
                      "value": ""
                    },
                    "enabled": false,
                    "number": {
                      "condition": "",
                      "value": ""
                    },
                    "string": {
                      "condition": "",
                      "value": ""
                    },
                    "visible": "on-hover"
                  },
                  "footer": {
                    "align": "center",
                    "justify": "left",
                    "style": {
                      "classes": ""
                    },
                    "title": ""
                  },
                  "header": {
                    "align": "center",
                    "justify": "left",
                    "style": {
                      "classes": ""
                    },
                    "title": ""
                  },
                  "justify": "auto",
                  "nullFormat": {
                    "includeNullStrings": false,
                    "nullFormatValue": "",
                    "strict": false
                  },
                  "number": "value",
                  "numberFormat": "0,0.##",
                  "progressBar": {
                    "bar": {
                      "color": "",
                      "style": {
                        "classes": ""
                      }
                    },
                    "max": 100,
                    "min": 0,
                    "track": {
                      "color": "",
                      "style": {
                        "classes": ""
                      }
                    },
                    "value": {
                      "enabled": true,
                      "format": "0,0.##",
                      "justify": "center",
                      "style": {
                        "classes": ""
                      }
                    }
                  },
                  "render": "string",
                  "resizable": true,
                  "sort": "none",
                  "sortable": true,
                  "strictWidth": false,
                  "style": {
                    "classes": ""
                  },
                  "toggleSwitch": {
                    "color": {
                      "selected": "",
                      "unselected": ""
                    }
                  },
                  "viewParams": {},
                  "viewPath": "",
                  "visible": true,
                  "width": ""
                },
                {
                  "align": "center",
                  "boolean": "checkbox",
                  "dateFormat": "MM/DD/YYYY",
                  "editable": false,
                  "field": "MachineName",
                  "filter": {
                    "boolean": {
                      "condition": ""
                    },
                    "date": {
                      "condition": "",
                      "value": ""
                    },
                    "enabled": false,
                    "number": {
                      "condition": "",
                      "value": ""
                    },
                    "string": {
                      "condition": "",
                      "value": ""
                    },
                    "visible": "on-hover"
                  },
                  "footer": {
                    "align": "center",
                    "justify": "left",
                    "style": {
                      "classes": ""
                    },
                    "title": ""
                  },
                  "header": {
                    "align": "center",
                    "justify": "left",
                    "style": {
                      "classes": ""
                    },
                    "title": ""
                  },
                  "justify": "auto",
                  "nullFormat": {
                    "includeNullStrings": false,
                    "nullFormatValue": "",
                    "strict": false
                  },
                  "number": "value",
                  "numberFormat": "0,0.##",
                  "progressBar": {
                    "bar": {
                      "color": "",
                      "style": {
                        "classes": ""
                      }
                    },
                    "max": 100,
                    "min": 0,
                    "track": {
                      "color": "",
                      "style": {
                        "classes": ""
                      }
                    },
                    "value": {
                      "enabled": true,
                      "format": "0,0.##",
                      "justify": "center",
                      "style": {
                        "classes": ""
                      }
                    }
                  },
                  "render": "auto",
                  "resizable": true,
                  "sort": "none",
                  "sortable": true,
                  "strictWidth": false,
                  "style": {
                    "classes": ""
                  },
                  "toggleSwitch": {
                    "color": {
                      "selected": "",
                      "unselected": ""
                    }
                  },
                  "viewParams": {},
                  "viewPath": "",
                  "visible": true,
                  "width": ""
                },
                {
                  "align": "center",
                  "boolean": "checkbox",
                  "dateFormat": "MM/DD/YYYY",
                  "editable": false,
                  "field": "Shift 1",
                  "filter": {
                    "boolean": {
                      "condition": ""
                    },
                    "date": {
                      "condition": "",
                      "value": ""
                    },
                    "enabled": false,
                    "number": {
                      "condition": "",
                      "value": ""
                    },
                    "string": {
                      "condition": "",
                      "value": ""
                    },
                    "visible": "on-hover"
                  },
                  "footer": {
                    "align": "center",
                    "justify": "left",
                    "style": {
                      "classes": ""
                    },
                    "title": ""
                  },
                  "header": {
                    "align": "center",
                    "justify": "left",
                    "style": {
                      "classes": ""
                    },
                    "title": ""
                  },
                  "justify": "auto",
                  "nullFormat": {
                    "includeNullStrings": false,
                    "nullFormatValue": "",
                    "strict": false
                  },
                  "number": "value",
                  "numberFormat": "0,0.##",
                  "progressBar": {
                    "bar": {
                      "color": "",
                      "style": {
                        "classes": ""
                      }
                    },
                    "max": 100,
                    "min": 0,
                    "track": {
                      "color": "",
                      "style": {
                        "classes": ""
                      }
                    },
                    "value": {
                      "enabled": true,
                      "format": "0,0.##",
                      "justify": "center",
                      "style": {
                        "classes": ""
                      }
                    }
                  },
                  "render": "auto",
                  "resizable": true,
                  "sort": "none",
                  "sortable": true,
                  "strictWidth": false,
                  "style": {
                    "classes": ""
                  },
                  "toggleSwitch": {
                    "color": {
                      "selected": "",
                      "unselected": ""
                    }
                  },
                  "viewParams": {},
                  "viewPath": "",
                  "visible": true,
                  "width": ""
                },
                {
                  "align": "center",
                  "boolean": "checkbox",
                  "dateFormat": "MM/DD/YYYY",
                  "editable": false,
                  "field": "Shift 2",
                  "filter": {
                    "boolean": {
                      "condition": ""
                    },
                    "date": {
                      "condition": "",
                      "value": ""
                    },
                    "enabled": false,
                    "number": {
                      "condition": "",
                      "value": ""
                    },
                    "string": {
                      "condition": "",
                      "value": ""
                    },
                    "visible": "on-hover"
                  },
                  "footer": {
                    "align": "center",
                    "justify": "left",
                    "style": {
                      "classes": ""
                    },
                    "title": ""
                  },
                  "header": {
                    "align": "center",
                    "justify": "left",
                    "style": {
                      "classes": ""
                    },
                    "title": ""
                  },
                  "justify": "auto",
                  "nullFormat": {
                    "includeNullStrings": false,
                    "nullFormatValue": "",
                    "strict": false
                  },
                  "number": "value",
                  "numberFormat": "0,0.##",
                  "progressBar": {
                    "bar": {
                      "color": "",
                      "style": {
                        "classes": ""
                      }
                    },
                    "max": 100,
                    "min": 0,
                    "track": {
                      "color": "",
                      "style": {
                        "classes": ""
                      }
                    },
                    "value": {
                      "enabled": true,
                      "format": "0,0.##",
                      "justify": "center",
                      "style": {
                        "classes": ""
                      }
                    }
                  },
                  "render": "auto",
                  "resizable": true,
                  "sort": "none",
                  "sortable": true,
                  "strictWidth": false,
                  "style": {
                    "classes": ""
                  },
                  "toggleSwitch": {
                    "color": {
                      "selected": "",
                      "unselected": ""
                    }
                  },
                  "viewParams": {},
                  "viewPath": "",
                  "visible": true,
                  "width": ""
                },
                {
                  "align": "center",
                  "boolean": "checkbox",
                  "dateFormat": "MM/DD/YYYY",
                  "editable": false,
                  "field": "Shift 3",
                  "filter": {
                    "boolean": {
                      "condition": ""
                    },
                    "date": {
                      "condition": "",
                      "value": ""
                    },
                    "enabled": false,
                    "number": {
                      "condition": "",
                      "value": ""
                    },
                    "string": {
                      "condition": "",
                      "value": ""
                    },
                    "visible": "on-hover"
                  },
                  "footer": {
                    "align": "center",
                    "justify": "left",
                    "style": {
                      "classes": ""
                    },
                    "title": ""
                  },
                  "header": {
                    "align": "center",
                    "justify": "left",
                    "style": {
                      "classes": ""
                    },
                    "title": ""
                  },
                  "justify": "auto",
                  "nullFormat": {
                    "includeNullStrings": false,
                    "nullFormatValue": "",
                    "strict": false
                  },
                  "number": "value",
                  "numberFormat": "0,0.##",
                  "progressBar": {
                    "bar": {
                      "color": "",
                      "style": {
                        "classes": ""
                      }
                    },
                    "max": 100,
                    "min": 0,
                    "track": {
                      "color": "",
                      "style": {
                        "classes": ""
                      }
                    },
                    "value": {
                      "enabled": true,
                      "format": "0,0.##",
                      "justify": "center",
                      "style": {
                        "classes": ""
                      }
                    }
                  },
                  "render": "auto",
                  "resizable": true,
                  "sort": "none",
                  "sortable": true,
                  "strictWidth": false,
                  "style": {
                    "classes": ""
                  },
                  "toggleSwitch": {
                    "color": {
                      "selected": "",
                      "unselected": ""
                    }
                  },
                  "viewParams": {},
                  "viewPath": "",
                  "visible": true,
                  "width": ""
                }
              ]
            },
            "type": "ia.display.table"
          }
        ],
        "meta": {
          "name": "Table"
        },
        "position": {
          "basis": "80%",
          "shrink": 0
        },
        "props": {
          "direction": "column",
          "style": {
            "marginBottom": 5,
            "overflow": "hidden",
            "paddingLeft": 5,
            "paddingRight": 5,
            "paddingTop": 5
          }
        },
        "type": "ia.container.flex"
      }
    ],
    "meta": {
      "contextMenu": {
        "style": {
          "overflow": "hidden"
        }
      },
      "name": "root"
    },
    "props": {
      "direction": "column",
      "justify": "flex-end"
    },
    "type": "ia.container.flex"
  }
}