{
  "custom": {
    "currentIndex": 2,
    "meter_data": [
      {
        "Current": null,
        "Energy": " kWh",
        "Line_ID": "L253200101",
        "Machine_Name": "DPO 530",
        "PF": null,
        "Voltage": null,
        "business_id": "3000",
        "machine_id": "1",
        "plant_id": "3200"
      },
      {
        "Current": null,
        "Energy": " kWh",
        "Line_ID": "L253200101",
        "Machine_Name": "DPO 522",
        "PF": null,
        "Voltage": null,
        "business_id": "3000",
        "machine_id": "10",
        "plant_id": "3200"
      },
      {
        "Current": null,
        "Energy": " kWh",
        "Line_ID": "L253200101",
        "Machine_Name": "DPO 529",
        "PF": null,
        "Voltage": null,
        "business_id": "3000",
        "machine_id": "2",
        "plant_id": "3200"
      },
      {
        "Current": null,
        "Energy": " kWh",
        "Line_ID": "L253200101",
        "Machine_Name": "DPO 528",
        "PF": null,
        "Voltage": null,
        "business_id": "3000",
        "machine_id": "3",
        "plant_id": "3200"
      },
      {
        "Current": null,
        "Energy": " kWh",
        "Line_ID": "L253200101",
        "Machine_Name": "DPO 527",
        "PF": null,
        "Voltage": null,
        "business_id": "3000",
        "machine_id": "4",
        "plant_id": "3200"
      },
      {
        "Current": null,
        "Energy": " kWh",
        "Line_ID": "L253200101",
        "Machine_Name": "DPO 526",
        "PF": null,
        "Voltage": null,
        "business_id": "3000",
        "machine_id": "5",
        "plant_id": "3200"
      },
      {
        "Current": null,
        "Energy": " kWh",
        "Line_ID": "L253200101",
        "Machine_Name": "DPO 525",
        "PF": null,
        "Voltage": null,
        "business_id": "3000",
        "machine_id": "6",
        "plant_id": "3200"
      },
      {
        "Current": null,
        "Energy": " kWh",
        "Line_ID": "L253200101",
        "Machine_Name": "DPO 531",
        "PF": null,
        "Voltage": null,
        "business_id": "3000",
        "machine_id": "7",
        "plant_id": "3200"
      },
      {
        "Current": null,
        "Energy": " kWh",
        "Line_ID": "L253200101",
        "Machine_Name": "DPO 524",
        "PF": null,
        "Voltage": null,
        "business_id": "3000",
        "machine_id": "8",
        "plant_id": "3200"
      },
      {
        "Current": null,
        "Energy": " kWh",
        "Line_ID": "L253200101",
        "Machine_Name": "DPO 523",
        "PF": null,
        "Voltage": null,
        "business_id": "3000",
        "machine_id": "9",
        "plant_id": "3200"
      }
    ]
  },
  "params": {
    "Energy": "value",
    "current": "value",
    "powerfactor": "value",
    "voltage": "value"
  },
  "propConfig": {
    "custom.currentIndex": {
      "binding": {
        "config": {
          "expression": "floor((getSecond(now()) / 5) % len({view.custom.meter_data}))\r\n"
        },
        "type": "expr"
      },
      "persistent": true
    },
    "custom.meter_data": {
      "binding": {
        "config": {
          "parameters": {
            "bg": "{view.params.Business}",
            "dd": "{[default]EMS/EMS/PresentDay}",
            "pl": "{view.params.Plant}"
          },
          "queryPath": "EMS/Layout/layout Query_test",
          "returnFormat": "dataset"
        },
        "transforms": [
          {
            "code": "\t\t# Get column headers\n\theaders \u003d list(value.getColumnNames())\n\t\n\t# Initialize result list\n\tresult \u003d []\n\t\n\t# Define possible candidate column names\n\tpossible_id_columns \u003d [\"Line_ID/Cell_ID\", \"Cell_ID/Line_ID\", \"ID\", \"LineCell_ID\"]  # add your possible names here\n\t\n\t# Find the actual column name present in the dataset\n\tid_column_name \u003d None\n\tfor col_name in possible_id_columns:\n\t    if col_name in headers:\n\t        id_column_name \u003d col_name\n\t        break\n\t\n\tfor row in range(value.getRowCount()):\n\t    row_data \u003d {headers[col]: value.getValueAt(row, col) for col in range(value.getColumnCount())}\n\t\n\t    if id_column_name:\n\t        id_value \u003d row_data.pop(id_column_name, None)\n\t    else:\n\t        id_value \u003d None\n\t\n\t    row_instance \u003d dict(row_data)  # Copy base data\n\t    if id_value:\n\t        row_instance[\"Line_ID\"] \u003d id_value  # Always store under \"Line_ID\"\n\t    \n\t    result.append(row_instance)\n\t\n\t# Return the result list\n\treturn result",
            "type": "script"
          }
        ],
        "type": "query"
      },
      "persistent": true
    },
    "params.Energy": {
      "paramDirection": "input",
      "persistent": true
    },
    "params.current": {
      "paramDirection": "input",
      "persistent": true
    },
    "params.powerfactor": {
      "paramDirection": "input",
      "persistent": true
    },
    "params.voltage": {
      "paramDirection": "input",
      "persistent": true
    }
  },
  "props": {},
  "root": {
    "children": [
      {
        "children": [
          {
            "meta": {
              "name": "Label"
            },
            "position": {
              "height": 30,
              "width": 140.08
            },
            "props": {
              "text": "Machine Name",
              "textStyle": {
                "textAlign": "center"
              }
            },
            "type": "ia.display.label"
          },
          {
            "meta": {
              "name": "Label_1"
            },
            "position": {
              "height": 30,
              "width": 140.08,
              "x": 0.0749969482421875,
              "y": 30
            },
            "props": {
              "text": "lable",
              "textStyle": {
                "textAlign": "center"
              }
            },
            "type": "ia.display.label"
          }
        ],
        "meta": {
          "name": "CoordinateContainer"
        },
        "position": {
          "basis": "9.6%"
        },
        "type": "ia.container.coord"
      }
    ],
    "meta": {
      "name": "root"
    },
    "props": {
      "alignItems": "flex-start",
      "direction": "column"
    },
    "type": "ia.container.flex"
  }
}