{
  "base": {
    "style": {
      "backgroundImage": "linear-gradient(to right,#008080,#47B37F)",
      "borderTopLeftRadius": "10px",
      "borderTopRightRadius": "10px",
      "borderBottomLeftRadius": "10px",
      "borderBottomRightRadius": "10px"
    }
  },
  "variants": [
    {
      "pseudo": "hover",
      "style": {
        "backgroundImage": "linear-gradient(to right,#008080,#47B37F)",
        "borderTopLeftRadius": "10px",
        "borderTopRightRadius": "10px",
        "borderBottomLeftRadius": "10px",
        "borderBottomRightRadius": "10px"
      }
    }
  ]
}