{
  "custom": {
    "Current_Year": 2025,
    "Current_month": 10
  },
  "params": {
    "CM_OEE": 0,
    "Plant_Name": "value"
  },
  "propConfig": {
    "custom.Current_Year": {
      "binding": {
        "config": {
          "expression": "dateExtract(now(), \"year\")"
        },
        "type": "expr"
      },
      "persistent": true
    },
    "custom.Current_month": {
      "binding": {
        "config": {
          "expression": "(dateExtract(now(), \"month\") % 12) + 1\r\n\r\n"
        },
        "type": "expr"
      },
      "persistent": true
    },
    "params.CM_OEE": {
      "binding": {
        "config": {
          "path": "/root/CurrentMonth.props.text"
        },
        "type": "property"
      },
      "paramDirection": "input",
      "persistent": true
    },
    "params.Plant_Name": {
      "paramDirection": "input",
      "persistent": true
    }
  },
  "props": {
    "defaultSize": {
      "height": 37,
      "width": 143
    }
  },
  "root": {
    "children": [
      {
        "meta": {
          "name": "PlantName"
        },
        "position": {
          "basis": "100%"
        },
        "propConfig": {
          "props.text": {
            "binding": {
              "config": {
                "expression": "{view.params.Plant_Name}"
              },
              "type": "expr"
            }
          }
        },
        "props": {
          "style": {
            "backgroundColor": "#ffffff",
            "borderColor": "#808080",
            "borderRadius": 4,
            "borderStyle": "groove",
            "borderWidth": 1,
            "color": "#184e77",
            "fontFamily": "Arial",
            "fontSize": "0.8dvw",
            "textAlign": "center"
          }
        },
        "type": "ia.display.label"
      },
      {
        "meta": {
          "name": "CurrentMonth"
        },
        "position": {
          "basis": "25%",
          "display": false
        },
        "propConfig": {
          "custom.Availability": {
            "binding": {
              "config": {
                "parameters": {
                  "BGID": "{view.params.Business_ID}",
                  "Month": "{view.custom.Current_month}",
                  "PLID": "{view.params.Plant_ID}",
                  "year": "{view.custom.Current_Year}"
                },
                "queryPath": "OEE/BusinessOverview/Business_Availabilty"
              },
              "transforms": [
                {
                  "expression": "round({value},1)",
                  "type": "expression"
                }
              ],
              "type": "query"
            }
          },
          "custom.Performance": {
            "binding": {
              "config": {
                "parameters": {
                  "BGID": "{view.params.Business_ID}",
                  "Month": "{view.custom.Current_month}",
                  "PLID": "{view.params.Plant_ID}",
                  "year": "{view.custom.Current_Year}"
                },
                "queryPath": "OEE/BusinessOverview/Business_Performance"
              },
              "transforms": [
                {
                  "expression": "round({value},1)",
                  "type": "expression"
                }
              ],
              "type": "query"
            }
          },
          "custom.Quality": {
            "binding": {
              "config": {
                "parameters": {
                  "BGID": "{view.params.Business_ID}",
                  "Month": "{view.custom.Current_month}",
                  "PLID": "{view.params.Plant_ID}",
                  "year": "{view.custom.Current_Year}"
                },
                "queryPath": "OEE/BusinessOverview/Business_Quality"
              },
              "type": "query"
            }
          },
          "props.text": {
            "binding": {
              "config": {
                "expression": "round(({this.custom.Availability}*{this.custom.Performance}*{this.custom.Quality})/10000,2)"
              },
              "type": "expr"
            }
          }
        },
        "props": {
          "style": {
            "backgroundColor": "#ffffff",
            "color": "#184e77",
            "fontFamily": "Arial",
            "fontSize": "0.8dvw"
          }
        },
        "type": "ia.display.label"
      }
    ],
    "meta": {
      "name": "root"
    },
    "type": "ia.container.flex"
  }
}