{
  "custom": {},
  "params": {
    "BG": "",
    "BG_ID": "",
    "CL_UNIQUE_ID": "",
    "DEPT": "value",
    "DEPT_ID": 0,
    "Header": "NEXT SHEDULE",
    "MODULE": "value",
    "MODULE_ID": 0,
    "PARAMS": {
      "BG": "ZRAI-SGD",
      "BG_ID": 4,
      "DEPT": "value",
      "DEPT_ID": 0,
      "LINE": "",
      "LINE_ID": "",
      "MACHINE": "",
      "MACHINE_CODE": "",
      "MACHINE_ID": "",
      "MACHINE_TYPE": "",
      "MODULE": "value",
      "MODULE_ID": 0,
      "PLANT": "",
      "PLANT_ID": "",
      "SUB_MODULE": "",
      "SUB_MODULE_ID": ""
    },
    "PLANT": "value",
    "PLANT_ID": 0,
    "STATUS": "value",
    "SUB_MODULE": "value",
    "SUB_MODULE_ID": 324
  },
  "propConfig": {
    "params.BG": {
      "binding": {
        "config": {
          "path": "session.custom.CP_User_Management.BG_Name"
        },
        "type": "property"
      },
      "paramDirection": "inout",
      "persistent": true
    },
    "params.BG_ID": {
      "binding": {
        "config": {
          "path": "session.custom.CP_User_Management.BG_ID"
        },
        "type": "property"
      },
      "paramDirection": "inout",
      "persistent": true
    },
    "params.CL_UNIQUE_ID": {
      "paramDirection": "inout",
      "persistent": true
    },
    "params.DEPT": {
      "paramDirection": "input",
      "persistent": true
    },
    "params.DEPT_ID": {
      "paramDirection": "input",
      "persistent": true
    },
    "params.Header": {
      "paramDirection": "inout",
      "persistent": true
    },
    "params.MODULE": {
      "onChange": {
        "enabled": null,
        "script": "\tself.params.PARAMS.MODULE \u003d currentValue.value"
      },
      "paramDirection": "inout",
      "persistent": true
    },
    "params.MODULE_ID": {
      "onChange": {
        "enabled": null,
        "script": "\tself.params.PARAMS.MODULE_ID \u003d currentValue.value"
      },
      "paramDirection": "inout",
      "persistent": true
    },
    "params.PARAMS": {
      "paramDirection": "inout",
      "persistent": true
    },
    "params.PARAMS.MACHINE_CODE": {
      "onChange": {
        "enabled": null,
        "script": "\tif currentValue !\u003d \u0027\u0027:\n\t\tsystem.perspective.navigate(view \u003d \u0027PMC/Checklist/PMC\u0027, params \u003d {\u0027VIEW_PARAMS\u0027:self.params.PARAMS})"
      }
    },
    "params.PLANT": {
      "paramDirection": "inout",
      "persistent": true
    },
    "params.PLANT_ID": {
      "paramDirection": "inout",
      "persistent": true
    },
    "params.STATUS": {
      "paramDirection": "inout",
      "persistent": true
    },
    "params.SUB_MODULE": {
      "paramDirection": "inout",
      "persistent": true
    },
    "params.SUB_MODULE_ID": {
      "paramDirection": "input",
      "persistent": true
    }
  },
  "props": {},
  "root": {
    "children": [
      {
        "meta": {
          "name": "EmbeddedView"
        },
        "position": {
          "basis": "7%"
        },
        "propConfig": {
          "props.params.Module_Name": {
            "binding": {
              "config": {
                "path": "view.params.Header"
              },
              "type": "property"
            }
          }
        },
        "props": {
          "path": "PMC/Header/header"
        },
        "type": "ia.display.view"
      },
      {
        "children": [
          {
            "children": [
              {
                "meta": {
                  "name": "Label"
                },
                "position": {
                  "grow": 1
                },
                "props": {
                  "style": {
                    "backgroundColor": "#D5D5D5",
                    "color": "#000000",
                    "fontFamily": "serif",
                    "fontSize": "1.2dvw",
                    "paddingBottom": 2,
                    "paddingLeft": 5,
                    "paddingRight": 5,
                    "paddingTop": 2,
                    "textAlign": "center"
                  },
                  "text": "PLANT"
                },
                "type": "ia.display.label"
              },
              {
                "meta": {
                  "name": "Dropdown"
                },
                "position": {
                  "grow": 1
                },
                "propConfig": {
                  "props.options": {
                    "binding": {
                      "config": {
                        "path": "session.custom.CP_User_Management.Roles"
                      },
                      "transforms": [
                        {
                          "code": "\treturn Common_Portal.User.Plant_DD(self.session.custom.CP_User_Management.BG_ID, value)",
                          "type": "script"
                        }
                      ],
                      "type": "property"
                    }
                  },
                  "props.value": {
                    "onChange": {
                      "enabled": null,
                      "script": "\tval \u003d currentValue.value\n\tif val is not None:\n\t    options \u003d self.props.options\n\t    for item in options:\n\t        if item[\"value\"] \u003d\u003d val:\n\t            self.custom.ID \u003d item[\"ID\"]\n\t            break  # Exit loop once match is found\n\tself.view.params.PLANT  \u003d val\n\tself.view.params.PLANT_ID \u003d self.custom.ID\n\tself.view.params.PARAMS.PLANT \u003d  val\n\tself.view.params.PARAMS.PLANT_ID \u003d self.custom.ID"
                    }
                  }
                },
                "props": {
                  "dropdownOptionStyle": {
                    "backgroundColor": "#FFFFFF",
                    "color": "#000000",
                    "fontFamily": "serif",
                    "fontSize": "1.2dvw",
                    "paddingBottom": 2,
                    "paddingLeft": 5,
                    "paddingRight": 5,
                    "paddingTop": 2,
                    "textAlign": "center"
                  },
                  "placeholder": {
                    "color": "#FFFFFF"
                  },
                  "style": {
                    "backgroundColor": "#242489",
                    "color": "#FFFFFF",
                    "fontFamily": "serif",
                    "fontSize": "1.2dvw",
                    "paddingBottom": 2,
                    "paddingLeft": 5,
                    "paddingRight": 5,
                    "paddingTop": 2,
                    "textAlign": "center"
                  },
                  "textAlign": "center"
                },
                "type": "ia.input.dropdown"
              }
            ],
            "meta": {
              "name": "Plant"
            },
            "position": {
              "basis": "30%"
            },
            "props": {
              "style": {
                "borderBottomLeftRadius": 20,
                "borderBottomRightRadius": 20,
                "borderStyle": "groove",
                "borderTopLeftRadius": 20,
                "borderTopRightRadius": 20
              }
            },
            "type": "ia.container.flex"
          },
          {
            "children": [
              {
                "meta": {
                  "name": "Label"
                },
                "position": {
                  "grow": 1
                },
                "props": {
                  "style": {
                    "backgroundColor": "#D5D5D5",
                    "color": "#000000",
                    "fontFamily": "serif",
                    "fontSize": "1.2dvw",
                    "paddingBottom": 2,
                    "paddingLeft": 5,
                    "paddingRight": 5,
                    "paddingTop": 2,
                    "textAlign": "center"
                  },
                  "text": "SUB MODULE"
                },
                "type": "ia.display.label"
              },
              {
                "meta": {
                  "name": "Dropdown"
                },
                "position": {
                  "grow": 1
                },
                "propConfig": {
                  "props.options": {
                    "binding": {
                      "config": {
                        "parameters": {
                          "column": "\u0027SUB_MODULE as label, SUB_MODULE as value, SUB_MODULE_ID as id\u0027",
                          "condition": "\u0027\u0027",
                          "table": "\u0027SUB_MODULE\u0027",
                          "where": "\"BG \u003d \u0027\"+{session.custom.CP_User_Management.BG_Name}+\"\u0027 AND BG_ID \u003d \"+{session.custom.CP_User_Management.BG_ID}+\" AND MODULE \u003d \u0027\"+{view.params.MODULE}+\"\u0027 AND MODULE_ID \u003d \"+{view.params.MODULE_ID}"
                        },
                        "queryPath": "PMC/NEW_TEST/ACTIONS/SELECT _WITHOUT_STATUS"
                      },
                      "type": "query"
                    }
                  },
                  "props.value": {
                    "onChange": {
                      "enabled": null,
                      "script": "\tval \u003d currentValue.value\n\tif val is not None:\n\t\tcount \u003d self.props.options.getRowCount()\n\t\tfor i in range(0, count):\n\t\t\tif self.props.options.getValueAt(i, \"value\") \u003d\u003d val:\n\t\t\t\tself.view.params.SUB_MODULE_ID \u003d self.props.options.getValueAt(i, \"ID\")\n\t\t\t\tself.view.params.PARAMS.SUB_MODULE_ID \u003d self.props.options.getValueAt(i, \"ID\")\n\t\t\t\tself.view.params.SUB_MODULE \u003d val\n\t\t\t\tself.view.params.PARAMS.SUB_MODULE \u003d val"
                    }
                  }
                },
                "props": {
                  "dropdownOptionStyle": {
                    "backgroundColor": "#FFFFFF",
                    "color": "#000000",
                    "fontFamily": "serif",
                    "fontSize": "1.2dvw",
                    "paddingBottom": 2,
                    "paddingLeft": 5,
                    "paddingRight": 5,
                    "paddingTop": 2,
                    "textAlign": "center"
                  },
                  "placeholder": {
                    "color": "#FFFFFF"
                  },
                  "style": {
                    "backgroundColor": "#242489",
                    "color": "#FFFFFF",
                    "fontFamily": "serif",
                    "fontSize": "1.2dvw",
                    "paddingBottom": 2,
                    "paddingLeft": 5,
                    "paddingRight": 5,
                    "paddingTop": 2,
                    "textAlign": "center"
                  },
                  "textAlign": "center"
                },
                "type": "ia.input.dropdown"
              }
            ],
            "meta": {
              "name": "SUB_MODULE"
            },
            "position": {
              "basis": "30%"
            },
            "props": {
              "style": {
                "borderBottomLeftRadius": 20,
                "borderBottomRightRadius": 20,
                "borderStyle": "groove",
                "borderTopLeftRadius": 20,
                "borderTopRightRadius": 20
              }
            },
            "type": "ia.container.flex"
          },
          {
            "children": [
              {
                "meta": {
                  "name": "Label"
                },
                "position": {
                  "grow": 1
                },
                "props": {
                  "style": {
                    "backgroundColor": "#D5D5D5",
                    "color": "#000000",
                    "fontFamily": "serif",
                    "fontSize": "1.2dvw",
                    "paddingBottom": 2,
                    "paddingLeft": 5,
                    "paddingRight": 5,
                    "paddingTop": 2,
                    "textAlign": "center"
                  },
                  "text": "DEPT"
                },
                "type": "ia.display.label"
              },
              {
                "meta": {
                  "name": "Dropdown"
                },
                "position": {
                  "grow": 1
                },
                "propConfig": {
                  "props.options": {
                    "binding": {
                      "config": {
                        "expression": "{[default]PMC/DEPT_DS}"
                      },
                      "type": "expr"
                    }
                  },
                  "props.value": {
                    "onChange": {
                      "enabled": null,
                      "script": "\tval \u003d currentValue.value\n\tif val is not None:\n\t\tcount \u003d self.props.options.getRowCount()\n\t\tfor i in range(0, count):\n\t\t\tif self.props.options.getValueAt(i, \"value\") \u003d\u003d val:\n\t\t\t\tself.view.params.DEPT_ID \u003d self.props.options.getValueAt(i, \"ID\")\n\t\t\t\tself.view.params.PARAMS.DEPT_ID \u003d self.props.options.getValueAt(i, \"ID\")\n\t\t\t\tself.view.params.DEPT \u003d val\n\t\t\t\tself.view.params.PARAMS.DEPT \u003d val"
                    }
                  }
                },
                "props": {
                  "dropdownOptionStyle": {
                    "backgroundColor": "#FFFFFF",
                    "color": "#000000",
                    "fontFamily": "serif",
                    "fontSize": "1.2dvw",
                    "paddingBottom": 2,
                    "paddingLeft": 5,
                    "paddingRight": 5,
                    "paddingTop": 2,
                    "textAlign": "center"
                  },
                  "placeholder": {
                    "color": "#FFFFFF"
                  },
                  "style": {
                    "backgroundColor": "#242489",
                    "color": "#FFFFFF",
                    "fontFamily": "serif",
                    "fontSize": "1.2dvw",
                    "paddingBottom": 2,
                    "paddingLeft": 5,
                    "paddingRight": 5,
                    "paddingTop": 2,
                    "textAlign": "center"
                  },
                  "textAlign": "center"
                },
                "type": "ia.input.dropdown"
              }
            ],
            "meta": {
              "name": "DEPT"
            },
            "position": {
              "basis": "30%"
            },
            "props": {
              "style": {
                "borderBottomLeftRadius": 20,
                "borderBottomRightRadius": 20,
                "borderStyle": "groove",
                "borderTopLeftRadius": 20,
                "borderTopRightRadius": 20
              }
            },
            "type": "ia.container.flex"
          }
        ],
        "meta": {
          "name": "Header"
        },
        "props": {
          "justify": "space-evenly",
          "style": {
            "paddingBottom": 5,
            "paddingTop": 5
          }
        },
        "type": "ia.container.flex"
      },
      {
        "children": [
          {
            "meta": {
              "name": "Header"
            },
            "props": {
              "style": {
                "backgroundColor": "#808080",
                "borderBottomLeftRadius": 15,
                "borderBottomRightRadius": 15,
                "borderStyle": "ridge",
                "borderTopLeftRadius": 15,
                "borderTopRightRadius": 15,
                "color": "#FFFFFF",
                "fontFamily": "Arial",
                "fontSize": "2dvw",
                "fontWeight": "bolder",
                "paddingBottom": 5,
                "paddingTop": 5,
                "textAlign": "center"
              },
              "text": "NEXT SHEDULE"
            },
            "type": "ia.display.label"
          },
          {
            "events": {
              "component": {
                "onRowClick": {
                  "config": {
                    "script": "\tself.view.params.PARAMS.LINE \u003d self.props.selection.data[0].Line\n\tself.view.params.PARAMS.LINE_ID \u003d self.props.selection.data[0].LINE_ID\n\tself.view.params.PARAMS.MACHINE \u003d self.props.selection.data[0].Machine\n\tself.view.params.PARAMS.MACHINE_ID \u003d self.props.selection.data[0].MACHINE_ID\n\tself.view.params.PARAMS.MACHINE_CODE \u003d self.props.selection.data[0][\u0027Machine Code\u0027]\n\tself.view.params.PARAMS.MACHINE_TYPE \u003d self.props.selection.data[0][\u0027Machine Type\u0027]"
                  },
                  "scope": "G",
                  "type": "script"
                }
              }
            },
            "meta": {
              "name": "Table"
            },
            "position": {
              "grow": 1
            },
            "propConfig": {
              "custom.Row_Count": {
                "binding": {
                  "config": {
                    "expression": "len({this.props.data})"
                  },
                  "type": "expr"
                }
              },
              "props.data": {
                "binding": {
                  "config": {
                    "parameters": {
                      "column": "\"CONVERT(VARCHAR,DATE,20) as Date, LINE AS \u0027Line\u0027, MACHINE as \u0027Machine\u0027, MACHINE_CODE AS \u0027Machine Code\u0027, MACHINE_TYPE as \u0027Machine Type\u0027, CONVERT(VARCHAR,NEXT_SHEDULE_DATE,20) as \u0027Next Shedule\u0027, STATUS as Status, LINE_ID, MACHINE_ID\"",
                      "condition": "\u0027ORDER BY DATE DESC\u0027",
                      "table": "\u0027SHEDULE_TABLE\u0027",
                      "where": "\"BG \u003d \u0027\"+{session.custom.CP_User_Management.BG_Name}+\"\u0027 AND BG_ID \u003d \"+{session.custom.CP_User_Management.BG_ID}+\" AND PLANT \u003d \u0027\"+{view.params.PLANT}+\"\u0027 AND PLANT_ID \u003d \"+{view.params.PLANT_ID}+\" AND MODULE \u003d \u0027\"+{view.params.MODULE}+\"\u0027 AND MODULE_ID \u003d \"+{view.params.MODULE_ID}+\" AND SUB_MODULE \u003d \u0027\"+{view.params.SUB_MODULE}+\"\u0027 AND SUB_MODULE_ID \u003d \"+{view.params.SUB_MODULE_ID}+\" AND DEPT \u003d \u0027\"+{view.params.PARAMS.DEPT}+\"\u0027 AND DEPT_ID \u003d \"+{view.params.PARAMS.DEPT_ID}+\" AND STATUS !\u003d \u0027COMPLETED\u0027\""
                    },
                    "polling": {
                      "enabled": true,
                      "rate": "5"
                    },
                    "queryPath": "PMC/NEW_TEST/ACTIONS/SELECT _WITHOUT_STATUS"
                  },
                  "type": "query"
                }
              }
            },
            "props": {
              "cells": {
                "style": {
                  "textAlign": "center"
                }
              },
              "columns": [
                {
                  "align": "center",
                  "boolean": "checkbox",
                  "dateFormat": "YYYY-MM-DD HH:mm:ss",
                  "editable": false,
                  "field": "Date",
                  "filter": {
                    "boolean": {
                      "condition": ""
                    },
                    "date": {
                      "condition": "",
                      "value": ""
                    },
                    "enabled": true,
                    "number": {
                      "condition": "",
                      "value": ""
                    },
                    "string": {
                      "condition": "",
                      "value": ""
                    },
                    "visible": "on-hover"
                  },
                  "footer": {
                    "align": "center",
                    "justify": "left",
                    "style": {
                      "classes": ""
                    },
                    "title": ""
                  },
                  "header": {
                    "align": "center",
                    "justify": "center",
                    "style": {
                      "backgroundColor": "#555555",
                      "borderBottomLeftRadius": 5,
                      "borderBottomRightRadius": 5,
                      "borderColor": "#FFFFFF",
                      "borderStyle": "solid",
                      "borderTopLeftRadius": 5,
                      "borderTopRightRadius": 5,
                      "borderWidth": 2,
                      "classes": "",
                      "color": "#FFFFFF",
                      "fontFamily": "Arial",
                      "fontSize": "1.8dvw",
                      "fontWeight": "bolder",
                      "paddingBottom": 2,
                      "paddingLeft": 2,
                      "paddingRight": 2,
                      "paddingTop": 2,
                      "textAlign": "center"
                    },
                    "title": ""
                  },
                  "justify": "center",
                  "nullFormat": {
                    "includeNullStrings": false,
                    "nullFormatValue": "",
                    "strict": false
                  },
                  "number": "value",
                  "numberFormat": "0,0.##",
                  "progressBar": {
                    "bar": {
                      "color": "",
                      "style": {
                        "classes": ""
                      }
                    },
                    "max": 100,
                    "min": 0,
                    "track": {
                      "color": "",
                      "style": {
                        "classes": ""
                      }
                    },
                    "value": {
                      "enabled": true,
                      "format": "0,0.##",
                      "justify": "center",
                      "style": {
                        "classes": ""
                      }
                    }
                  },
                  "render": "auto",
                  "resizable": true,
                  "sort": "none",
                  "sortable": false,
                  "strictWidth": true,
                  "style": {
                    "borderBottomLeftRadius": 5,
                    "borderBottomRightRadius": 5,
                    "borderColor": "#808080",
                    "borderStyle": "solid",
                    "borderTopLeftRadius": 5,
                    "borderTopRightRadius": 5,
                    "borderWidth": 1,
                    "classes": "",
                    "fontFamily": "Arial",
                    "fontSize": "1.2dvw",
                    "fontWeight": "bold",
                    "paddingBottom": 2,
                    "paddingLeft": 2,
                    "paddingRight": 2,
                    "paddingTop": 2,
                    "textAlign": "center"
                  },
                  "toggleSwitch": {
                    "color": {
                      "selected": "",
                      "unselected": ""
                    }
                  },
                  "viewParams": {},
                  "viewPath": "",
                  "visible": true,
                  "width": ""
                },
                {
                  "align": "center",
                  "boolean": "checkbox",
                  "dateFormat": "YYYY-MM-DD HH:mm:ss",
                  "editable": false,
                  "field": "Line",
                  "filter": {
                    "boolean": {
                      "condition": ""
                    },
                    "date": {
                      "condition": "",
                      "value": ""
                    },
                    "enabled": true,
                    "number": {
                      "condition": "",
                      "value": ""
                    },
                    "string": {
                      "condition": "",
                      "value": ""
                    },
                    "visible": "on-hover"
                  },
                  "footer": {
                    "align": "center",
                    "justify": "left",
                    "style": {
                      "classes": ""
                    },
                    "title": ""
                  },
                  "header": {
                    "align": "center",
                    "justify": "center",
                    "style": {
                      "backgroundColor": "#555555",
                      "borderBottomLeftRadius": 5,
                      "borderBottomRightRadius": 5,
                      "borderColor": "#FFFFFF",
                      "borderStyle": "solid",
                      "borderTopLeftRadius": 5,
                      "borderTopRightRadius": 5,
                      "borderWidth": 2,
                      "classes": "",
                      "color": "#FFFFFF",
                      "fontFamily": "Arial",
                      "fontSize": "1.8dvw",
                      "fontWeight": "bolder",
                      "paddingBottom": 2,
                      "paddingLeft": 2,
                      "paddingRight": 2,
                      "paddingTop": 2,
                      "textAlign": "center"
                    },
                    "title": ""
                  },
                  "justify": "center",
                  "nullFormat": {
                    "includeNullStrings": false,
                    "nullFormatValue": "",
                    "strict": false
                  },
                  "number": "value",
                  "numberFormat": "0,0.##",
                  "progressBar": {
                    "bar": {
                      "color": "",
                      "style": {
                        "classes": ""
                      }
                    },
                    "max": 100,
                    "min": 0,
                    "track": {
                      "color": "",
                      "style": {
                        "classes": ""
                      }
                    },
                    "value": {
                      "enabled": true,
                      "format": "0,0.##",
                      "justify": "center",
                      "style": {
                        "classes": ""
                      }
                    }
                  },
                  "render": "auto",
                  "resizable": true,
                  "sort": "none",
                  "sortable": false,
                  "strictWidth": true,
                  "style": {
                    "borderBottomLeftRadius": 5,
                    "borderBottomRightRadius": 5,
                    "borderColor": "#808080",
                    "borderStyle": "solid",
                    "borderTopLeftRadius": 5,
                    "borderTopRightRadius": 5,
                    "borderWidth": 1,
                    "classes": "",
                    "fontFamily": "Arial",
                    "fontSize": "1.2dvw",
                    "fontWeight": "bold",
                    "paddingBottom": 2,
                    "paddingLeft": 2,
                    "paddingRight": 2,
                    "paddingTop": 2,
                    "textAlign": "center"
                  },
                  "toggleSwitch": {
                    "color": {
                      "selected": "",
                      "unselected": ""
                    }
                  },
                  "viewParams": {},
                  "viewPath": "",
                  "visible": true,
                  "width": ""
                },
                {
                  "align": "center",
                  "boolean": "checkbox",
                  "dateFormat": "YYYY-MM-DD HH:mm:ss",
                  "editable": false,
                  "field": "Machine",
                  "filter": {
                    "boolean": {
                      "condition": ""
                    },
                    "date": {
                      "condition": "",
                      "value": ""
                    },
                    "enabled": true,
                    "number": {
                      "condition": "",
                      "value": ""
                    },
                    "string": {
                      "condition": "",
                      "value": ""
                    },
                    "visible": "on-hover"
                  },
                  "footer": {
                    "align": "center",
                    "justify": "left",
                    "style": {
                      "classes": ""
                    },
                    "title": ""
                  },
                  "header": {
                    "align": "center",
                    "justify": "center",
                    "style": {
                      "backgroundColor": "#555555",
                      "borderBottomLeftRadius": 5,
                      "borderBottomRightRadius": 5,
                      "borderColor": "#FFFFFF",
                      "borderStyle": "solid",
                      "borderTopLeftRadius": 5,
                      "borderTopRightRadius": 5,
                      "borderWidth": 2,
                      "classes": "",
                      "color": "#FFFFFF",
                      "fontFamily": "Arial",
                      "fontSize": "1.8dvw",
                      "fontWeight": "bolder",
                      "paddingBottom": 2,
                      "paddingLeft": 2,
                      "paddingRight": 2,
                      "paddingTop": 2,
                      "textAlign": "center"
                    },
                    "title": ""
                  },
                  "justify": "center",
                  "nullFormat": {
                    "includeNullStrings": false,
                    "nullFormatValue": "",
                    "strict": false
                  },
                  "number": "value",
                  "numberFormat": "0,0.##",
                  "progressBar": {
                    "bar": {
                      "color": "",
                      "style": {
                        "classes": ""
                      }
                    },
                    "max": 100,
                    "min": 0,
                    "track": {
                      "color": "",
                      "style": {
                        "classes": ""
                      }
                    },
                    "value": {
                      "enabled": true,
                      "format": "0,0.##",
                      "justify": "center",
                      "style": {
                        "classes": ""
                      }
                    }
                  },
                  "render": "auto",
                  "resizable": true,
                  "sort": "none",
                  "sortable": false,
                  "strictWidth": true,
                  "style": {
                    "borderBottomLeftRadius": 5,
                    "borderBottomRightRadius": 5,
                    "borderColor": "#808080",
                    "borderStyle": "solid",
                    "borderTopLeftRadius": 5,
                    "borderTopRightRadius": 5,
                    "borderWidth": 1,
                    "classes": "",
                    "fontFamily": "Arial",
                    "fontSize": "1.2dvw",
                    "fontWeight": "bold",
                    "paddingBottom": 2,
                    "paddingLeft": 2,
                    "paddingRight": 2,
                    "paddingTop": 2,
                    "textAlign": "center"
                  },
                  "toggleSwitch": {
                    "color": {
                      "selected": "",
                      "unselected": ""
                    }
                  },
                  "viewParams": {},
                  "viewPath": "",
                  "visible": true,
                  "width": ""
                },
                {
                  "align": "center",
                  "boolean": "checkbox",
                  "dateFormat": "YYYY-MM-DD HH:mm:ss",
                  "editable": false,
                  "field": "Machine Code",
                  "filter": {
                    "boolean": {
                      "condition": ""
                    },
                    "date": {
                      "condition": "",
                      "value": ""
                    },
                    "enabled": true,
                    "number": {
                      "condition": "",
                      "value": ""
                    },
                    "string": {
                      "condition": "",
                      "value": ""
                    },
                    "visible": "on-hover"
                  },
                  "footer": {
                    "align": "center",
                    "justify": "left",
                    "style": {
                      "classes": ""
                    },
                    "title": ""
                  },
                  "header": {
                    "align": "center",
                    "justify": "center",
                    "style": {
                      "backgroundColor": "#555555",
                      "borderBottomLeftRadius": 5,
                      "borderBottomRightRadius": 5,
                      "borderColor": "#FFFFFF",
                      "borderStyle": "solid",
                      "borderTopLeftRadius": 5,
                      "borderTopRightRadius": 5,
                      "borderWidth": 2,
                      "classes": "",
                      "color": "#FFFFFF",
                      "fontFamily": "Arial",
                      "fontSize": "1.8dvw",
                      "fontWeight": "bolder",
                      "paddingBottom": 2,
                      "paddingLeft": 2,
                      "paddingRight": 2,
                      "paddingTop": 2,
                      "textAlign": "center"
                    },
                    "title": ""
                  },
                  "justify": "center",
                  "nullFormat": {
                    "includeNullStrings": false,
                    "nullFormatValue": "",
                    "strict": false
                  },
                  "number": "value",
                  "numberFormat": "0,0.##",
                  "progressBar": {
                    "bar": {
                      "color": "",
                      "style": {
                        "classes": ""
                      }
                    },
                    "max": 100,
                    "min": 0,
                    "track": {
                      "color": "",
                      "style": {
                        "classes": ""
                      }
                    },
                    "value": {
                      "enabled": true,
                      "format": "0,0.##",
                      "justify": "center",
                      "style": {
                        "classes": ""
                      }
                    }
                  },
                  "render": "auto",
                  "resizable": true,
                  "sort": "none",
                  "sortable": false,
                  "strictWidth": true,
                  "style": {
                    "borderBottomLeftRadius": 5,
                    "borderBottomRightRadius": 5,
                    "borderColor": "#808080",
                    "borderStyle": "solid",
                    "borderTopLeftRadius": 5,
                    "borderTopRightRadius": 5,
                    "borderWidth": 1,
                    "classes": "",
                    "fontFamily": "Arial",
                    "fontSize": "1.2dvw",
                    "fontWeight": "bold",
                    "paddingBottom": 2,
                    "paddingLeft": 2,
                    "paddingRight": 2,
                    "paddingTop": 2,
                    "textAlign": "center"
                  },
                  "toggleSwitch": {
                    "color": {
                      "selected": "",
                      "unselected": ""
                    }
                  },
                  "viewParams": {},
                  "viewPath": "",
                  "visible": true,
                  "width": ""
                },
                {
                  "align": "center",
                  "boolean": "checkbox",
                  "dateFormat": "YYYY-MM-DD HH:mm:ss",
                  "editable": false,
                  "field": "Machine Type",
                  "filter": {
                    "boolean": {
                      "condition": ""
                    },
                    "date": {
                      "condition": "",
                      "value": ""
                    },
                    "enabled": true,
                    "number": {
                      "condition": "",
                      "value": ""
                    },
                    "string": {
                      "condition": "",
                      "value": ""
                    },
                    "visible": "on-hover"
                  },
                  "footer": {
                    "align": "center",
                    "justify": "left",
                    "style": {
                      "classes": ""
                    },
                    "title": ""
                  },
                  "header": {
                    "align": "center",
                    "justify": "center",
                    "style": {
                      "backgroundColor": "#555555",
                      "borderBottomLeftRadius": 5,
                      "borderBottomRightRadius": 5,
                      "borderColor": "#FFFFFF",
                      "borderStyle": "solid",
                      "borderTopLeftRadius": 5,
                      "borderTopRightRadius": 5,
                      "borderWidth": 2,
                      "classes": "",
                      "color": "#FFFFFF",
                      "fontFamily": "Arial",
                      "fontSize": "1.8dvw",
                      "fontWeight": "bolder",
                      "paddingBottom": 2,
                      "paddingLeft": 2,
                      "paddingRight": 2,
                      "paddingTop": 2,
                      "textAlign": "center"
                    },
                    "title": ""
                  },
                  "justify": "center",
                  "nullFormat": {
                    "includeNullStrings": false,
                    "nullFormatValue": "",
                    "strict": false
                  },
                  "number": "value",
                  "numberFormat": "0,0.##",
                  "progressBar": {
                    "bar": {
                      "color": "",
                      "style": {
                        "classes": ""
                      }
                    },
                    "max": 100,
                    "min": 0,
                    "track": {
                      "color": "",
                      "style": {
                        "classes": ""
                      }
                    },
                    "value": {
                      "enabled": true,
                      "format": "0,0.##",
                      "justify": "center",
                      "style": {
                        "classes": ""
                      }
                    }
                  },
                  "render": "auto",
                  "resizable": true,
                  "sort": "none",
                  "sortable": false,
                  "strictWidth": true,
                  "style": {
                    "borderBottomLeftRadius": 5,
                    "borderBottomRightRadius": 5,
                    "borderColor": "#808080",
                    "borderStyle": "solid",
                    "borderTopLeftRadius": 5,
                    "borderTopRightRadius": 5,
                    "borderWidth": 1,
                    "classes": "",
                    "fontFamily": "Arial",
                    "fontSize": "1.2dvw",
                    "fontWeight": "bold",
                    "paddingBottom": 2,
                    "paddingLeft": 2,
                    "paddingRight": 2,
                    "paddingTop": 2,
                    "textAlign": "center"
                  },
                  "toggleSwitch": {
                    "color": {
                      "selected": "",
                      "unselected": ""
                    }
                  },
                  "viewParams": {},
                  "viewPath": "",
                  "visible": true,
                  "width": ""
                },
                {
                  "align": "center",
                  "boolean": "checkbox",
                  "dateFormat": "YYYY-MM-DD",
                  "editable": false,
                  "field": "Next Shedule",
                  "filter": {
                    "boolean": {
                      "condition": ""
                    },
                    "date": {
                      "condition": "",
                      "value": ""
                    },
                    "enabled": true,
                    "number": {
                      "condition": "",
                      "value": ""
                    },
                    "string": {
                      "condition": "",
                      "value": ""
                    },
                    "visible": "on-hover"
                  },
                  "footer": {
                    "align": "center",
                    "justify": "left",
                    "style": {
                      "classes": ""
                    },
                    "title": ""
                  },
                  "header": {
                    "align": "center",
                    "justify": "center",
                    "style": {
                      "backgroundColor": "#555555",
                      "borderBottomLeftRadius": 5,
                      "borderBottomRightRadius": 5,
                      "borderColor": "#FFFFFF",
                      "borderStyle": "solid",
                      "borderTopLeftRadius": 5,
                      "borderTopRightRadius": 5,
                      "borderWidth": 2,
                      "classes": "",
                      "color": "#FFFFFF",
                      "fontFamily": "Arial",
                      "fontSize": "1.8dvw",
                      "fontWeight": "bolder",
                      "paddingBottom": 2,
                      "paddingLeft": 2,
                      "paddingRight": 2,
                      "paddingTop": 2,
                      "textAlign": "center"
                    },
                    "title": ""
                  },
                  "justify": "center",
                  "nullFormat": {
                    "includeNullStrings": false,
                    "nullFormatValue": "",
                    "strict": false
                  },
                  "number": "value",
                  "numberFormat": "0,0.##",
                  "progressBar": {
                    "bar": {
                      "color": "",
                      "style": {
                        "classes": ""
                      }
                    },
                    "max": 100,
                    "min": 0,
                    "track": {
                      "color": "",
                      "style": {
                        "classes": ""
                      }
                    },
                    "value": {
                      "enabled": true,
                      "format": "0,0.##",
                      "justify": "center",
                      "style": {
                        "classes": ""
                      }
                    }
                  },
                  "render": "date",
                  "resizable": true,
                  "sort": "none",
                  "sortable": false,
                  "strictWidth": true,
                  "style": {
                    "borderBottomLeftRadius": 5,
                    "borderBottomRightRadius": 5,
                    "borderColor": "#808080",
                    "borderStyle": "solid",
                    "borderTopLeftRadius": 5,
                    "borderTopRightRadius": 5,
                    "borderWidth": 1,
                    "classes": "",
                    "fontFamily": "Arial",
                    "fontSize": "1.2dvw",
                    "fontWeight": "bold",
                    "paddingBottom": 2,
                    "paddingLeft": 2,
                    "paddingRight": 2,
                    "paddingTop": 2,
                    "textAlign": "center"
                  },
                  "toggleSwitch": {
                    "color": {
                      "selected": "",
                      "unselected": ""
                    }
                  },
                  "viewParams": {},
                  "viewPath": "",
                  "visible": true,
                  "width": ""
                },
                {
                  "align": "center",
                  "boolean": "checkbox",
                  "dateFormat": "YYYY-MM-DD HH:mm:ss",
                  "editable": false,
                  "field": "LINE_ID",
                  "filter": {
                    "boolean": {
                      "condition": ""
                    },
                    "date": {
                      "condition": "",
                      "value": ""
                    },
                    "enabled": true,
                    "number": {
                      "condition": "",
                      "value": ""
                    },
                    "string": {
                      "condition": "",
                      "value": ""
                    },
                    "visible": "on-hover"
                  },
                  "footer": {
                    "align": "center",
                    "justify": "left",
                    "style": {
                      "classes": ""
                    },
                    "title": ""
                  },
                  "header": {
                    "align": "center",
                    "justify": "center",
                    "style": {
                      "backgroundColor": "#555555",
                      "borderBottomLeftRadius": 5,
                      "borderBottomRightRadius": 5,
                      "borderColor": "#FFFFFF",
                      "borderStyle": "solid",
                      "borderTopLeftRadius": 5,
                      "borderTopRightRadius": 5,
                      "borderWidth": 2,
                      "classes": "",
                      "color": "#FFFFFF",
                      "fontFamily": "Arial",
                      "fontSize": "1.8dvw",
                      "fontWeight": "bolder",
                      "paddingBottom": 2,
                      "paddingLeft": 2,
                      "paddingRight": 2,
                      "paddingTop": 2,
                      "textAlign": "center"
                    },
                    "title": ""
                  },
                  "justify": "center",
                  "nullFormat": {
                    "includeNullStrings": false,
                    "nullFormatValue": "",
                    "strict": false
                  },
                  "number": "value",
                  "numberFormat": "0,0.##",
                  "progressBar": {
                    "bar": {
                      "color": "",
                      "style": {
                        "classes": ""
                      }
                    },
                    "max": 100,
                    "min": 0,
                    "track": {
                      "color": "",
                      "style": {
                        "classes": ""
                      }
                    },
                    "value": {
                      "enabled": true,
                      "format": "0,0.##",
                      "justify": "center",
                      "style": {
                        "classes": ""
                      }
                    }
                  },
                  "render": "auto",
                  "resizable": true,
                  "sort": "none",
                  "sortable": false,
                  "strictWidth": true,
                  "style": {
                    "borderBottomLeftRadius": 5,
                    "borderBottomRightRadius": 5,
                    "borderColor": "#808080",
                    "borderStyle": "solid",
                    "borderTopLeftRadius": 5,
                    "borderTopRightRadius": 5,
                    "borderWidth": 1,
                    "classes": "",
                    "fontFamily": "Arial",
                    "fontSize": "1.2dvw",
                    "fontWeight": "bold",
                    "paddingBottom": 2,
                    "paddingLeft": 2,
                    "paddingRight": 2,
                    "paddingTop": 2,
                    "textAlign": "center"
                  },
                  "toggleSwitch": {
                    "color": {
                      "selected": "",
                      "unselected": ""
                    }
                  },
                  "viewParams": {},
                  "viewPath": "",
                  "visible": false,
                  "width": ""
                },
                {
                  "align": "center",
                  "boolean": "checkbox",
                  "dateFormat": "YYYY-MM-DD HH:mm:ss",
                  "editable": false,
                  "field": "MACHINE_ID",
                  "filter": {
                    "boolean": {
                      "condition": ""
                    },
                    "date": {
                      "condition": "",
                      "value": ""
                    },
                    "enabled": true,
                    "number": {
                      "condition": "",
                      "value": ""
                    },
                    "string": {
                      "condition": "",
                      "value": ""
                    },
                    "visible": "on-hover"
                  },
                  "footer": {
                    "align": "center",
                    "justify": "left",
                    "style": {
                      "classes": ""
                    },
                    "title": ""
                  },
                  "header": {
                    "align": "center",
                    "justify": "center",
                    "style": {
                      "backgroundColor": "#555555",
                      "borderBottomLeftRadius": 5,
                      "borderBottomRightRadius": 5,
                      "borderColor": "#FFFFFF",
                      "borderStyle": "solid",
                      "borderTopLeftRadius": 5,
                      "borderTopRightRadius": 5,
                      "borderWidth": 2,
                      "classes": "",
                      "color": "#FFFFFF",
                      "fontFamily": "Arial",
                      "fontSize": "1.8dvw",
                      "fontWeight": "bolder",
                      "paddingBottom": 2,
                      "paddingLeft": 2,
                      "paddingRight": 2,
                      "paddingTop": 2,
                      "textAlign": "center"
                    },
                    "title": ""
                  },
                  "justify": "center",
                  "nullFormat": {
                    "includeNullStrings": false,
                    "nullFormatValue": "",
                    "strict": false
                  },
                  "number": "value",
                  "numberFormat": "0,0.##",
                  "progressBar": {
                    "bar": {
                      "color": "",
                      "style": {
                        "classes": ""
                      }
                    },
                    "max": 100,
                    "min": 0,
                    "track": {
                      "color": "",
                      "style": {
                        "classes": ""
                      }
                    },
                    "value": {
                      "enabled": true,
                      "format": "0,0.##",
                      "justify": "center",
                      "style": {
                        "classes": ""
                      }
                    }
                  },
                  "render": "auto",
                  "resizable": true,
                  "sort": "none",
                  "sortable": false,
                  "strictWidth": true,
                  "style": {
                    "borderBottomLeftRadius": 5,
                    "borderBottomRightRadius": 5,
                    "borderColor": "#808080",
                    "borderStyle": "solid",
                    "borderTopLeftRadius": 5,
                    "borderTopRightRadius": 5,
                    "borderWidth": 1,
                    "classes": "",
                    "fontFamily": "Arial",
                    "fontSize": "1.2dvw",
                    "fontWeight": "bold",
                    "paddingBottom": 2,
                    "paddingLeft": 2,
                    "paddingRight": 2,
                    "paddingTop": 2,
                    "textAlign": "center"
                  },
                  "toggleSwitch": {
                    "color": {
                      "selected": "",
                      "unselected": ""
                    }
                  },
                  "viewParams": {},
                  "viewPath": "",
                  "visible": false,
                  "width": ""
                },
                {
                  "align": "center",
                  "boolean": "checkbox",
                  "dateFormat": "YYYY-MM-DD",
                  "editable": false,
                  "field": "Status",
                  "filter": {
                    "boolean": {
                      "condition": ""
                    },
                    "date": {
                      "condition": "",
                      "value": ""
                    },
                    "enabled": true,
                    "number": {
                      "condition": "",
                      "value": ""
                    },
                    "string": {
                      "condition": "",
                      "value": ""
                    },
                    "visible": "on-hover"
                  },
                  "footer": {
                    "align": "center",
                    "justify": "left",
                    "style": {
                      "classes": ""
                    },
                    "title": ""
                  },
                  "header": {
                    "align": "center",
                    "justify": "center",
                    "style": {
                      "backgroundColor": "#555555",
                      "borderBottomLeftRadius": 5,
                      "borderBottomRightRadius": 5,
                      "borderColor": "#FFFFFF",
                      "borderStyle": "solid",
                      "borderTopLeftRadius": 5,
                      "borderTopRightRadius": 5,
                      "borderWidth": 2,
                      "classes": "",
                      "color": "#FFFFFF",
                      "fontFamily": "Arial",
                      "fontSize": "1.8dvw",
                      "fontWeight": "bolder",
                      "paddingBottom": 2,
                      "paddingLeft": 2,
                      "paddingRight": 2,
                      "paddingTop": 2,
                      "textAlign": "center"
                    },
                    "title": ""
                  },
                  "justify": "center",
                  "nullFormat": {
                    "includeNullStrings": false,
                    "nullFormatValue": "",
                    "strict": false
                  },
                  "number": "value",
                  "numberFormat": "0,0.##",
                  "progressBar": {
                    "bar": {
                      "color": "",
                      "style": {
                        "classes": ""
                      }
                    },
                    "max": 100,
                    "min": 0,
                    "track": {
                      "color": "",
                      "style": {
                        "classes": ""
                      }
                    },
                    "value": {
                      "enabled": true,
                      "format": "0,0.##",
                      "justify": "center",
                      "style": {
                        "classes": ""
                      }
                    }
                  },
                  "render": "date",
                  "resizable": true,
                  "sort": "none",
                  "sortable": false,
                  "strictWidth": true,
                  "style": {
                    "borderBottomLeftRadius": 5,
                    "borderBottomRightRadius": 5,
                    "borderColor": "#808080",
                    "borderStyle": "solid",
                    "borderTopLeftRadius": 5,
                    "borderTopRightRadius": 5,
                    "borderWidth": 1,
                    "classes": "",
                    "fontFamily": "Arial",
                    "fontSize": "1.2dvw",
                    "fontWeight": "bold",
                    "paddingBottom": 2,
                    "paddingLeft": 2,
                    "paddingRight": 2,
                    "paddingTop": 2,
                    "textAlign": "center"
                  },
                  "toggleSwitch": {
                    "color": {
                      "selected": "",
                      "unselected": ""
                    }
                  },
                  "viewParams": {},
                  "viewPath": "",
                  "visible": true,
                  "width": ""
                }
              ],
              "filter": {
                "enabled": true
              },
              "pager": {
                "bottom": false,
                "initialOption": 10000
              },
              "rows": {
                "striped": {
                  "color": {
                    "even": "#FFFF00",
                    "odd": "#FFFFFF"
                  }
                }
              }
            },
            "type": "ia.display.table"
          }
        ],
        "meta": {
          "name": "Next_Shedule"
        },
        "position": {
          "basis": "100%",
          "grow": 1
        },
        "propConfig": {
          "position.display": {
            "binding": {
              "config": {
                "expression": "if({./Table.custom.Row_Count}\u003d0,False,True)"
              },
              "enabled": false,
              "type": "expr"
            }
          }
        },
        "props": {
          "direction": "column"
        },
        "type": "ia.container.flex"
      }
    ],
    "meta": {
      "name": "root"
    },
    "props": {
      "direction": "column"
    },
    "type": "ia.container.flex"
  }
}