{
  "custom": {},
  "params": {
    "Business": ""
  },
  "propConfig": {
    "params.Business": {
      "onChange": {
        "enabled": null,
        "script": "\tif currentValue.value !\u003d \"\":\n\t\tself.getChild(\"root\").getChild(\"HeaderContainer\").getChild(\"Business_Dropdown\").props.value\u003d currentValue.value"
      },
      "paramDirection": "input",
      "persistent": true
    }
  },
  "props": {
    "defaultSize": {
      "width": 1002
    }
  },
  "root": {
    "children": [
      {
        "children": [
          {
            "meta": {
              "name": "Label"
            },
            "position": {
              "basis": "30%"
            },
            "props": {
              "style": {
                "backgroundColor": "#555555",
                "borderStyle": "solid",
                "color": "#FFFFFF",
                "fontFamily": "Arial",
                "fontSize": "3vmin",
                "fontWeight": "bold",
                "textAlign": "center"
              },
              "text": "BUSINESS OVERVIEW"
            },
            "type": "ia.display.label"
          },
          {
            "meta": {
              "name": "BusinessName"
            },
            "position": {
              "basis": "15%"
            },
            "props": {
              "style": {
                "backgroundColor": "#184E77",
                "borderBottomLeftRadius": 15,
                "borderStyle": "groove",
                "borderTopLeftRadius": 15,
                "color": "#FFFFFF",
                "fontFamily": "Arial",
                "fontSize": "1dvW",
                "fontWeight": "bolder",
                "marginRight": 1,
                "textAlign": "center"
              },
              "text": "Business Name"
            },
            "type": "ia.display.label"
          },
          {
            "custom": {
              "Business_name": "RML-ECD"
            },
            "meta": {
              "name": "Business_Dropdown"
            },
            "position": {
              "basis": "15%"
            },
            "propConfig": {
              "props.options": {
                "binding": {
                  "config": {
                    "path": "session.custom.CP_User_Management.BG_DD_DS"
                  },
                  "type": "property"
                }
              },
              "props.value": {
                "binding": {
                  "config": {
                    "expression": "if(\r\n  len({this.props.options}) \u003e 0,\r\n  {this.props.options[0].value},\r\n  coalesce(\r\n    {view.params.Business}\r\n    \r\n  )\r\n)"
                  },
                  "type": "expr"
                },
                "onChange": {
                  "enabled": null,
                  "script": "\t\n    options \u003d self.props.options\n    val \u003d self.props.value\n    labelText \u003d \"\"\n    for option in options:\n        if option[\u0027value\u0027] \u003d\u003d val:\n            labelText \u003d option[\u0027label\u0027]\n            break\n    self.custom.Business_name \u003d labelText"
                }
              }
            },
            "props": {
              "allowCustomOptions": true,
              "dropdownOptionStyle": {
                "textAlign": "center"
              },
              "placeholder": {
                "icon": {
                  "style": {
                    "textAlign": "center"
                  }
                }
              },
              "style": {
                "borderBottomRightRadius": 15,
                "borderColor": "#000000",
                "borderStyle": "groove",
                "borderTopRightRadius": 15,
                "color": "#000000",
                "fontFamily": "Arial",
                "fontSize": "1.5dvw",
                "fontWeight": "bolder",
                "marginBottom": 1.6,
                "marginLeft": 1,
                "marginRight": 5,
                "marginTop": 1.6,
                "textAlign": "center"
              },
              "textAlign": "center"
            },
            "type": "ia.input.dropdown"
          }
        ],
        "meta": {
          "name": "HeaderContainer"
        },
        "position": {
          "basis": "10%",
          "shrink": 0
        },
        "props": {
          "wrap": "wrap"
        },
        "type": "ia.container.flex"
      },
      {
        "children": [
          {
            "meta": {
              "name": "FlexRepeater"
            },
            "position": {
              "basis": "100%",
              "shrink": 0
            },
            "propConfig": {
              "props.instances[0].Business": {
                "binding": {
                  "config": {
                    "path": ".../HeaderContainer/Business_Dropdown.custom.Business_name"
                  },
                  "type": "property"
                }
              },
              "props.instances[0].Business_ID": {
                "binding": {
                  "config": {
                    "path": ".../HeaderContainer/Business_Dropdown.props.value"
                  },
                  "type": "property"
                }
              }
            },
            "props": {
              "elementPosition": {
                "basis": "100%",
                "grow": 0,
                "shrink": 0
              },
              "instances": [
                {
                  "Plant": 1,
                  "instancePosition": {
                    "basis": "100%",
                    "grow": 0,
                    "shrink": 1
                  },
                  "instanceStyle": {
                    "classes": ""
                  }
                }
              ],
              "justify": "center",
              "path": "OEE/Overview/BusinessViewTemplate",
              "style": {
                "paddingLeft": 250,
                "paddingTop": 100
              }
            },
            "type": "ia.display.flex-repeater"
          }
        ],
        "meta": {
          "name": "FlexContainer"
        },
        "position": {
          "basis": "90%",
          "shrink": 0
        },
        "propConfig": {
          "custom.Business": {
            "binding": {
              "config": {
                "expression": "{session.custom.CP_User_Management.BG_DD_DS}"
              },
              "type": "expr"
            }
          }
        },
        "props": {
          "alignContent": "center",
          "alignItems": "baseline",
          "direction": "column",
          "justify": "space-around",
          "style": {
            "gap": "5px"
          }
        },
        "type": "ia.container.flex"
      }
    ],
    "meta": {
      "name": "root"
    },
    "props": {
      "direction": "column",
      "justify": "space-evenly"
    },
    "type": "ia.container.flex"
  }
}