{
  "custom": {
    "Business": "",
    "Cell": "",
    "EndDate": "",
    "Line": "",
    "Machine": "",
    "Machine_Name": "",
    "Plant": "",
    "Shift": "",
    "ShiftID": "",
    "StartDate": "",
    "Toggle": true
  },
  "events": {
    "system": {
      "onStartup": {
        "config": {
          "script": "\tdate\u003dsystem.date.now()\n\tself.getChild(\"root\").getChild(\"Header\").getChild(\"EndDate_Container\").getChild(\"DateTimeInput\").props.value\u003ddate\n\tself.getChild(\"root\").getChild(\"Header\").getChild(\"StartDate_Container\").getChild(\"DateTimeInput\").props.value\u003ddate\n\tself.getChild(\"root\").getChild(\"Header\").getChild(\"StartDate_Container\").getChild(\"DateTimeInput\").props.maxDate\u003d date\n\tself.getChild(\"root\").getChild(\"Header\").getChild(\"EndDate_Container\").getChild(\"DateTimeInput\").props.maxDate\u003ddate\n"
        },
        "scope": "G",
        "type": "script"
      }
    }
  },
  "params": {},
  "propConfig": {
    "custom.Cell": {
      "persistent": true
    },
    "custom.Machine_Name": {
      "persistent": true
    },
    "custom.Toggle": {
      "persistent": true
    }
  },
  "props": {
    "defaultSize": {
      "width": 1412
    }
  },
  "root": {
    "children": [
      {
        "children": [
          {
            "children": [
              {
                "meta": {
                  "name": "Business_Label"
                },
                "position": {
                  "basis": "40%",
                  "grow": 1
                },
                "props": {
                  "style": {
                    "backgroundColor": "#000080",
                    "borderBottomLeftRadius": 15,
                    "borderStyle": "groove",
                    "borderTopLeftRadius": 15,
                    "color": "#FFFFFF",
                    "fontFamily": "Arial",
                    "fontSize": "0.7dvw",
                    "fontWeight": "bolder",
                    "marginRight": 1,
                    "textAlign": "center"
                  },
                  "text": "BUSINESS"
                },
                "type": "ia.display.label"
              },
              {
                "custom": {
                  "Business_name": "RML-SLD",
                  "ID": 1
                },
                "meta": {
                  "name": "Business_Dropdown"
                },
                "position": {
                  "basis": "60%",
                  "grow": 1
                },
                "propConfig": {
                  "props.options": {
                    "binding": {
                      "config": {
                        "path": "session.custom.CP_User_Management.BG_DD_DS"
                      },
                      "type": "property"
                    }
                  },
                  "props.value": {
                    "binding": {
                      "config": {
                        "expression": "if(\r\n  len({this.props.options}) \u003e 0,\r\n  {this.props.options[0].value},\r\n  \"\"\r\n)\r\n"
                      },
                      "type": "expr"
                    },
                    "onChange": {
                      "enabled": null,
                      "script": "\t\t\n    options \u003d self.props.options\n    val \u003d self.props.value\n    labelText \u003d \"\"\n    for option in options:\n        if option[\u0027value\u0027] \u003d\u003d val:\n            labelText \u003d option[\u0027label\u0027]\n            break\n    self.custom.Business_name \u003d labelText"
                    }
                  }
                },
                "props": {
                  "dropdownOptionStyle": {
                    "borderBottomLeftRadius": 15,
                    "borderBottomRightRadius": 15,
                    "borderStyle": "groove",
                    "borderTopLeftRadius": 15,
                    "borderTopRightRadius": 15,
                    "color": "#000000",
                    "fontFamily": "Arial",
                    "fontSize": "0.6dvw",
                    "fontWeight": "bolder",
                    "marginBottom": 1.6,
                    "marginTop": 1.6,
                    "paddingLeft": 2,
                    "textAlign": "center"
                  },
                  "style": {
                    "borderBottomRightRadius": 15,
                    "borderStyle": "groove",
                    "borderTopRightRadius": 15,
                    "color": "#000000",
                    "fontFamily": "Arial",
                    "fontSize": "0.8dvw",
                    "fontWeight": "bolder",
                    "marginBottom": 1.6,
                    "marginLeft": 1,
                    "marginRight": 5,
                    "marginTop": 1.6,
                    "textAlign": "center"
                  },
                  "textAlign": "center"
                },
                "type": "ia.input.dropdown"
              }
            ],
            "meta": {
              "name": "BusinessContainer"
            },
            "position": {
              "basis": "12%",
              "shrink": 0
            },
            "type": "ia.container.flex"
          },
          {
            "children": [
              {
                "meta": {
                  "name": "Plant_Label"
                },
                "position": {
                  "basis": "40%",
                  "grow": 1
                },
                "props": {
                  "style": {
                    "backgroundColor": "#000080",
                    "borderBottomLeftRadius": 15,
                    "borderStyle": "groove",
                    "borderTopLeftRadius": 15,
                    "color": "#FFFFFF",
                    "fontFamily": "Arial",
                    "fontSize": "0.7dvw",
                    "fontWeight": "bolder",
                    "marginRight": 1,
                    "textAlign": "center"
                  },
                  "text": "PLANT"
                },
                "type": "ia.display.label"
              },
              {
                "custom": {
                  "ID": 1,
                  "Plant_name": "Plant-2"
                },
                "meta": {
                  "name": "Plant_Dropdown"
                },
                "position": {
                  "basis": "60%",
                  "grow": 1
                },
                "propConfig": {
                  "props.options": {
                    "binding": {
                      "config": {
                        "path": ".../BusinessContainer/Business_Dropdown.props.value"
                      },
                      "transforms": [
                        {
                          "code": "\titems \u003d Common_Portal.User.Plant_DD_DS(value, self.session.custom.CP_User_Management.Roles)\n\t\n\tif not items:\n\t    return items\n\t\n\t# Sort list of dicts/objects by the \"label\" key\n\treturn sorted(items, key\u003dlambda x: x[\"label\"])",
                          "type": "script"
                        }
                      ],
                      "type": "property"
                    }
                  },
                  "props.value": {
                    "binding": {
                      "config": {
                        "expression": "if(\r\n  len({this.props.options}) \u003e 0,\r\n  {this.props.options[0].value},\r\n  \"\"\r\n)\r\n"
                      },
                      "type": "expr"
                    },
                    "onChange": {
                      "enabled": null,
                      "script": "\t\t\t\n    options \u003d self.props.options\n    val \u003d self.props.value\n    labelText \u003d \"\"\n    for option in options:\n        if option[\u0027value\u0027] \u003d\u003d val:\n            labelText \u003d option[\u0027label\u0027]\n            break\n    self.custom.Plant_name \u003d labelText"
                    }
                  }
                },
                "props": {
                  "dropdownOptionStyle": {
                    "borderBottomLeftRadius": 15,
                    "borderBottomRightRadius": 15,
                    "borderStyle": "groove",
                    "borderTopLeftRadius": 15,
                    "borderTopRightRadius": 15,
                    "color": "#000000",
                    "fontFamily": "Arial",
                    "fontSize": "0.6dvw",
                    "fontWeight": "bolder",
                    "marginBottom": 1.6,
                    "marginTop": 1.6,
                    "paddingLeft": 2,
                    "textAlign": "center"
                  },
                  "style": {
                    "borderBottomRightRadius": 15,
                    "borderStyle": "groove",
                    "borderTopRightRadius": 15,
                    "color": "#000000",
                    "fontFamily": "Arial",
                    "fontSize": "0.8dvw",
                    "fontWeight": "bolder",
                    "marginBottom": 1.6,
                    "marginLeft": 1,
                    "marginRight": 5,
                    "marginTop": 1.6,
                    "textAlign": "center"
                  },
                  "textAlign": "center"
                },
                "type": "ia.input.dropdown"
              }
            ],
            "meta": {
              "name": "Plant_Container"
            },
            "position": {
              "basis": "11.5%",
              "shrink": 0
            },
            "type": "ia.container.flex"
          },
          {
            "children": [
              {
                "meta": {
                  "name": "Cell_Label"
                },
                "position": {
                  "basis": "40%",
                  "grow": 1
                },
                "props": {
                  "style": {
                    "backgroundColor": "#000080",
                    "borderBottomLeftRadius": 15,
                    "borderStyle": "groove",
                    "borderTopLeftRadius": 15,
                    "color": "#FFFFFF",
                    "fontFamily": "Arial",
                    "fontSize": "0.7dvw",
                    "fontWeight": "bolder",
                    "marginRight": 1,
                    "textAlign": "center"
                  },
                  "text": "CELL"
                },
                "type": "ia.display.label"
              },
              {
                "custom": {
                  "Cell_name": "Cell-1",
                  "ID": 1
                },
                "meta": {
                  "name": "Cell_Dropdown"
                },
                "position": {
                  "basis": "60%",
                  "grow": 1
                },
                "propConfig": {
                  "props.options": {
                    "binding": {
                      "config": {
                        "parameters": {
                          "BusinessID": "{.../BusinessContainer/Business_Dropdown.props.value}",
                          "PlantID": "{.../Plant_Container/Plant_Dropdown.props.value}",
                          "ProjectID": "{session.custom.ProjectID_OEE}"
                        },
                        "queryPath": "Common/GetCellDetails"
                      },
                      "type": "query"
                    }
                  },
                  "props.value": {
                    "binding": {
                      "config": {
                        "expression": "if(\r\n  len({this.props.options}) \u003e 0,\r\n  {this.props.options}[0, \"ID\"],\r\n  \"\"\r\n)\r\n"
                      },
                      "type": "expr"
                    },
                    "onChange": {
                      "enabled": null,
                      "script": "\toptions \u003d system.dataset.toPyDataSet(self.props.options)\n\tval \u003d self.props.value  # Only if you are sure value is convertible to int\n\t\n\tfor row in options:\n\t    if row[\"ID\"] \u003d\u003d val:\n\t        self.custom.Cell_name \u003d row[\"Value\"]\n\t        break"
                    }
                  }
                },
                "props": {
                  "dropdownOptionStyle": {
                    "borderBottomLeftRadius": 15,
                    "borderBottomRightRadius": 15,
                    "borderStyle": "groove",
                    "borderTopLeftRadius": 15,
                    "borderTopRightRadius": 15,
                    "color": "#000000",
                    "fontFamily": "Arial",
                    "fontSize": "0.6dvw",
                    "fontWeight": "bolder",
                    "marginBottom": 1.6,
                    "marginTop": 1.6,
                    "paddingLeft": 2,
                    "textAlign": "center"
                  },
                  "style": {
                    "borderBottomRightRadius": 15,
                    "borderStyle": "groove",
                    "borderTopRightRadius": 15,
                    "color": "#000000",
                    "fontFamily": "Arial",
                    "fontSize": "0.8dvw",
                    "fontWeight": "bolder",
                    "marginBottom": 1.6,
                    "marginLeft": 1,
                    "marginRight": 5,
                    "marginTop": 1.6,
                    "textAlign": "center"
                  },
                  "textAlign": "center"
                },
                "type": "ia.input.dropdown"
              }
            ],
            "meta": {
              "name": "Cell_Container"
            },
            "position": {
              "basis": "11.5%",
              "shrink": 0
            },
            "type": "ia.container.flex"
          },
          {
            "children": [
              {
                "meta": {
                  "name": "Line_Label"
                },
                "position": {
                  "basis": "30%",
                  "grow": 1
                },
                "props": {
                  "style": {
                    "backgroundColor": "#000080",
                    "borderBottomLeftRadius": 15,
                    "borderStyle": "groove",
                    "borderTopLeftRadius": 15,
                    "color": "#FFFFFF",
                    "fontFamily": "Arial",
                    "fontSize": "0.7dvw",
                    "fontWeight": "bolder",
                    "marginRight": 1,
                    "textAlign": "center"
                  },
                  "text": "LINE"
                },
                "type": "ia.display.label"
              },
              {
                "custom": {
                  "ID": 1,
                  "Line_name": "Line-1"
                },
                "meta": {
                  "name": "Line_Dropdown"
                },
                "position": {
                  "basis": "70%",
                  "grow": 1
                },
                "propConfig": {
                  "props.options": {
                    "binding": {
                      "config": {
                        "parameters": {
                          "BusinessID": "{.../BusinessContainer/Business_Dropdown.props.value}",
                          "CellID": "{.../Cell_Container/Cell_Dropdown.props.value}",
                          "PlantID": "{.../Plant_Container/Plant_Dropdown.props.value}",
                          "ProjectID": "{session.custom.ProjectID_OEE}"
                        },
                        "queryPath": "Common/GetLineDetails"
                      },
                      "type": "query"
                    }
                  },
                  "props.value": {
                    "binding": {
                      "config": {
                        "expression": "if(\r\n  len({this.props.options}) \u003e 0,\r\n  {this.props.options}[0, \"ID\"],\r\n  \"\"\r\n)\r\n"
                      },
                      "type": "expr"
                    },
                    "onChange": {
                      "enabled": null,
                      "script": "\toptions \u003d system.dataset.toPyDataSet(self.props.options)\n\tval \u003d self.props.value  # Only if you are sure value is convertible to int\n\t\n\tfor row in options:\n\t    if row[\"ID\"] \u003d\u003d val:\n\t        self.custom.Line_name\u003d row[\"LineName\"]\n\t        break"
                    }
                  }
                },
                "props": {
                  "dropdownOptionStyle": {
                    "borderBottomLeftRadius": 15,
                    "borderBottomRightRadius": 15,
                    "borderStyle": "groove",
                    "borderTopLeftRadius": 15,
                    "borderTopRightRadius": 15,
                    "color": "#000000",
                    "fontFamily": "Arial",
                    "fontSize": "0.6dvw",
                    "fontWeight": "bolder",
                    "marginBottom": 1.6,
                    "marginTop": 1.6,
                    "paddingLeft": 2,
                    "textAlign": "center"
                  },
                  "style": {
                    "borderBottomRightRadius": 15,
                    "borderStyle": "groove",
                    "borderTopRightRadius": 15,
                    "color": "#000000",
                    "fontFamily": "Arial",
                    "fontSize": "0.8dvw",
                    "fontWeight": "bolder",
                    "marginBottom": 1.6,
                    "marginLeft": 1,
                    "marginRight": 5,
                    "marginTop": 1.6,
                    "textAlign": "center"
                  },
                  "textAlign": "center"
                },
                "type": "ia.input.dropdown"
              }
            ],
            "meta": {
              "name": "Line_Container"
            },
            "position": {
              "basis": "12%",
              "shrink": 0
            },
            "type": "ia.container.flex"
          },
          {
            "children": [
              {
                "meta": {
                  "name": "Machine_Label"
                },
                "position": {
                  "basis": "40%",
                  "grow": 1
                },
                "props": {
                  "style": {
                    "backgroundColor": "#000080",
                    "borderBottomLeftRadius": 15,
                    "borderStyle": "groove",
                    "borderTopLeftRadius": 15,
                    "color": "#FFFFFF",
                    "fontFamily": "Arial",
                    "fontSize": "0.7dvw",
                    "fontWeight": "bolder",
                    "marginRight": 1,
                    "textAlign": "center"
                  },
                  "text": "MACHINE"
                },
                "type": "ia.display.label"
              },
              {
                "custom": {
                  "ID": 1,
                  "Machine_Name": "IBJ ASSY LINE-2 NEW"
                },
                "meta": {
                  "name": "Machine_Dropdown"
                },
                "position": {
                  "basis": "60%",
                  "shrink": 0
                },
                "propConfig": {
                  "props.options": {
                    "binding": {
                      "config": {
                        "parameters": {
                          "BusinessID": "{.../BusinessContainer/Business_Dropdown.props.value}",
                          "CellID": "{.../Cell_Container/Cell_Dropdown.props.value}",
                          "LineID": "{.../Line_Container/Line_Dropdown.props.value}",
                          "PlantID": "{.../Plant_Container/Plant_Dropdown.props.value}",
                          "ProjectID": "{session.custom.ProjectID_OEE}"
                        },
                        "queryPath": "Common/GetMachineDetails"
                      },
                      "type": "query"
                    }
                  },
                  "props.value": {
                    "binding": {
                      "config": {
                        "expression": "if(\r\n  len({this.props.options}) \u003e 1,\r\n  {this.props.options}[1, \"value\"],\r\n  \"\"\r\n)\r\n"
                      },
                      "type": "expr"
                    },
                    "onChange": {
                      "enabled": null,
                      "script": "\toptions \u003d system.dataset.toPyDataSet(self.props.options)\n\tval \u003d self.props.value  # Only if you are sure value is convertible to int\n\t\n\tfor row in options:\n\t    if row[\"value\"] \u003d\u003d val:\n\t        self.custom.Machine_Name \u003d row[\"label\"]\n\t        break"
                    }
                  }
                },
                "props": {
                  "dropdownOptionStyle": {
                    "borderBottomLeftRadius": 15,
                    "borderBottomRightRadius": 15,
                    "borderStyle": "groove",
                    "borderTopLeftRadius": 15,
                    "borderTopRightRadius": 15,
                    "color": "#000000",
                    "fontFamily": "Arial",
                    "fontSize": "0.6dvw",
                    "fontWeight": "bolder",
                    "marginBottom": 1.6,
                    "marginTop": 1.6,
                    "paddingLeft": 2,
                    "textAlign": "center"
                  },
                  "style": {
                    "borderBottomRightRadius": 15,
                    "borderStyle": "groove",
                    "borderTopRightRadius": 15,
                    "color": "#000000",
                    "fontFamily": "Arial",
                    "fontSize": "0.8dvw",
                    "fontWeight": "bolder",
                    "marginBottom": 1.6,
                    "marginLeft": 1,
                    "marginRight": 5,
                    "marginTop": 1.6,
                    "textAlign": "center"
                  },
                  "textAlign": "center"
                },
                "type": "ia.input.dropdown"
              }
            ],
            "meta": {
              "name": "Machine_Container"
            },
            "position": {
              "basis": "12%",
              "shrink": 0
            },
            "type": "ia.container.flex"
          },
          {
            "children": [
              {
                "meta": {
                  "name": "Date_Label"
                },
                "position": {
                  "basis": "50%",
                  "grow": 1
                },
                "props": {
                  "style": {
                    "backgroundColor": "#000080",
                    "borderBottomLeftRadius": 15,
                    "borderStyle": "groove",
                    "borderTopLeftRadius": 15,
                    "color": "#FFFFFF",
                    "fontFamily": "Arial",
                    "fontSize": "0.7dvw",
                    "fontWeight": "bolder",
                    "marginRight": 1,
                    "textAlign": "center"
                  },
                  "text": "START DATE"
                },
                "type": "ia.display.label"
              },
              {
                "meta": {
                  "name": "DateTimeInput"
                },
                "position": {
                  "basis": "50%",
                  "shrink": 0
                },
                "propConfig": {
                  "props.minDate": {
                    "binding": {
                      "config": {
                        "expression": "dateArithmetic(\r\n  now(), \r\n  -3, \r\n  \"months\"\r\n)\r\n"
                      },
                      "type": "expr"
                    }
                  }
                },
                "props": {
                  "format": "yyyy-MM-DD",
                  "formattedValue": "2025-10-14",
                  "inputProps": {
                    "style": {
                      "borderBottomRightRadius": 25,
                      "borderStyle": "groove",
                      "borderTopRightRadius": 25,
                      "color": "#000000",
                      "fontFamily": "Arial",
                      "fontSize": "0.8dvw",
                      "fontWeight": "bolder",
                      "marginBottom": 1,
                      "marginLeft": 1,
                      "marginRight": 5,
                      "marginTop": 1,
                      "textAlign": "center"
                    }
                  },
                  "maxDate": {
                    "$": [
                      "ts",
                      192,
                      1760431755752
                    ],
                    "$ts": 1760431755747
                  },
                  "pickerType": "date",
                  "style": {
                    "marginBottom": 3,
                    "marginTop": 0.3
                  },
                  "value": {
                    "$": [
                      "ts",
                      192,
                      1760431755752
                    ],
                    "$ts": 1760431755747
                  }
                },
                "type": "ia.input.date-time-input"
              }
            ],
            "meta": {
              "name": "StartDate_Container"
            },
            "position": {
              "basis": "12%",
              "shrink": 0
            },
            "type": "ia.container.flex"
          },
          {
            "children": [
              {
                "meta": {
                  "name": "Date_Label"
                },
                "position": {
                  "basis": "50%",
                  "grow": 1
                },
                "props": {
                  "style": {
                    "backgroundColor": "#000080",
                    "borderBottomLeftRadius": 15,
                    "borderStyle": "groove",
                    "borderTopLeftRadius": 15,
                    "color": "#FFFFFF",
                    "fontFamily": "Arial",
                    "fontSize": "0.7dvw",
                    "fontWeight": "bolder",
                    "marginRight": 1,
                    "textAlign": "center"
                  },
                  "text": "END DATE"
                },
                "type": "ia.display.label"
              },
              {
                "meta": {
                  "name": "DateTimeInput"
                },
                "position": {
                  "basis": "50%",
                  "grow": 1
                },
                "propConfig": {
                  "props.minDate": {
                    "binding": {
                      "config": {
                        "path": ".../StartDate_Container/DateTimeInput.props.value"
                      },
                      "type": "property"
                    }
                  }
                },
                "props": {
                  "format": "yyyy-MM-DD",
                  "formattedValue": "2025-10-14",
                  "inputProps": {
                    "style": {
                      "borderBottomRightRadius": 25,
                      "borderStyle": "groove",
                      "borderTopRightRadius": 25,
                      "color": "#000000",
                      "fontFamily": "Arial",
                      "fontSize": "0.8dvw",
                      "fontWeight": "bolder",
                      "marginBottom": 1,
                      "marginLeft": 1,
                      "marginRight": 5,
                      "marginTop": 1,
                      "textAlign": "center"
                    }
                  },
                  "maxDate": {
                    "$": [
                      "ts",
                      192,
                      1760431755752
                    ],
                    "$ts": 1760431755747
                  },
                  "pickerType": "date",
                  "style": {
                    "marginBottom": 3,
                    "marginTop": 0.3
                  },
                  "value": {
                    "$": [
                      "ts",
                      192,
                      1760431755747
                    ],
                    "$ts": 1760431755747
                  }
                },
                "type": "ia.input.date-time-input"
              }
            ],
            "meta": {
              "name": "EndDate_Container"
            },
            "position": {
              "basis": "12%",
              "shrink": 0
            },
            "type": "ia.container.flex"
          },
          {
            "children": [
              {
                "meta": {
                  "name": "Shift_Label"
                },
                "position": {
                  "basis": "40%",
                  "grow": 1
                },
                "props": {
                  "style": {
                    "backgroundColor": "#000080",
                    "borderBottomLeftRadius": 15,
                    "borderStyle": "groove",
                    "borderTopLeftRadius": 15,
                    "color": "#FFFFFF",
                    "fontFamily": "Arial",
                    "fontSize": "0.7dvw",
                    "fontWeight": "bolder",
                    "marginRight": 1,
                    "textAlign": "center"
                  },
                  "text": "SHIFT"
                },
                "type": "ia.display.label"
              },
              {
                "custom": {
                  "ID": 1,
                  "Shift_name": "All"
                },
                "meta": {
                  "name": "Shift_Dropdown"
                },
                "position": {
                  "basis": "60%",
                  "grow": 1
                },
                "propConfig": {
                  "props.options": {
                    "binding": {
                      "config": {
                        "parameters": {
                          "BusinessID": "{.../BusinessContainer/Business_Dropdown.props.value}",
                          "PlantID": "{.../Plant_Container/Plant_Dropdown.props.value}"
                        },
                        "queryPath": "Common/GetShiftDetails"
                      },
                      "type": "query"
                    }
                  },
                  "props.value": {
                    "onChange": {
                      "enabled": null,
                      "script": "\toptionsDataset \u003d self.props.options\n\t\n\tif optionsDataset and optionsDataset.rowCount \u003e 0:\n\t    pyOptions \u003d system.dataset.toPyDataSet(optionsDataset)\n\t    val \u003d self.props.value\n\t    labelText \u003d \"\"\n\t    for row in pyOptions:\n\t        if row[\u0027value\u0027] \u003d\u003d val:\n\t            labelText \u003d row[\u0027options\u0027]  # or your actual label column\n\t            break\n\t    self.custom.Shift_name \u003d labelText\n\telse:\n\t    self.custom.Shift_name \u003d \"\""
                    }
                  }
                },
                "props": {
                  "dropdownOptionStyle": {
                    "borderBottomLeftRadius": 15,
                    "borderBottomRightRadius": 15,
                    "borderStyle": "groove",
                    "borderTopLeftRadius": 15,
                    "borderTopRightRadius": 15,
                    "color": "#000000",
                    "fontFamily": "Arial",
                    "fontSize": "0.6dvw",
                    "fontWeight": "bolder",
                    "marginBottom": 1.6,
                    "marginTop": 1.6,
                    "paddingLeft": 2,
                    "textAlign": "center"
                  },
                  "style": {
                    "borderBottomRightRadius": 15,
                    "borderStyle": "groove",
                    "borderTopRightRadius": 15,
                    "color": "#000000",
                    "fontFamily": "Arial",
                    "fontSize": "0.8dvw",
                    "fontWeight": "bolder",
                    "marginBottom": 1.6,
                    "marginLeft": 1,
                    "marginRight": 5,
                    "marginTop": 1.6,
                    "textAlign": "center"
                  },
                  "textAlign": "center",
                  "value": 0
                },
                "type": "ia.input.dropdown"
              }
            ],
            "meta": {
              "name": "Shift_Container"
            },
            "position": {
              "basis": "11%",
              "shrink": 0
            },
            "type": "ia.container.flex"
          },
          {
            "meta": {
              "name": "ToggleSwitch"
            },
            "position": {
              "basis": "3%",
              "shrink": 0
            },
            "propConfig": {
              "props.enabled": {
                "binding": {
                  "config": {
                    "expression": "if(\r\n    !({../Checkbox.props.selected}),\r\n    dateDiff(\r\n        {../StartDate_Container/DateTimeInput.props.formattedValue},\r\n        {../EndDate_Container/DateTimeInput.props.formattedValue},\r\n        \"day\"\r\n    ) \u003c\u003d 7,\r\n    false\r\n)\r\n"
                  },
                  "type": "expr"
                }
              },
              "props.selected": {
                "binding": {
                  "config": {
                    "expression": "if(\r\n    {../StartDate_Container/DateTimeInput.props.formattedValue} \u0026\u0026 \r\n    {../EndDate_Container/DateTimeInput.props.formattedValue},\r\n    \r\n    if(\r\n        dateDiff(\r\n            {../StartDate_Container/DateTimeInput.props.formattedValue}, \r\n            {../EndDate_Container/DateTimeInput.props.formattedValue}, \r\n            \"day\"\r\n        ) \u003e 7, \r\n        false,   \r\n        true     \r\n    ),\r\n    \r\n    true   \r\n)\r\n"
                  },
                  "type": "expr"
                }
              }
            },
            "type": "ia.input.toggle-switch"
          },
          {
            "events": {
              "dom": {
                "onClick": {
                  "config": {
                    "script": "\tself.runDataLoad() "
                  },
                  "scope": "G",
                  "type": "script"
                }
              }
            },
            "meta": {
              "name": "Checkbox"
            },
            "position": {
              "basis": "3%",
              "shrink": 0
            },
            "propConfig": {
              "props.selected": {
                "onChange": {
                  "enabled": null,
                  "script": "\tif currentValue.value \u003d\u003d bool(1):\n\t    self.parent.getChild(\"BusinessContainer\").getChild(\"Business_Dropdown\").props.enabled \u003d bool(0)\n\t    self.parent.getChild(\"Plant_Container\").getChild(\"Plant_Dropdown\").props.enabled \u003d bool(0)\n\t    self.parent.getChild(\"Cell_Container\").getChild(\"Cell_Dropdown\").props.enabled \u003d bool(0)\n\t    self.parent.getChild(\"Line_Container\").getChild(\"Line_Dropdown\").props.enabled \u003d bool(0)\n\t    self.parent.getChild(\"Machine_Container\").getChild(\"Machine_Dropdown\").props.enabled \u003d bool(0)\n\t    self.parent.getChild(\"StartDate_Container\").getChild(\"DateTimeInput\").props.enabled \u003d bool(0)\n\t    self.parent.getChild(\"EndDate_Container\").getChild(\"DateTimeInput\").props.enabled \u003d bool(0)\n\t    self.parent.getChild(\"Shift_Container\").getChild(\"Shift_Dropdown\").props.enabled \u003d bool(0)\n\t    self.view.custom.Toggle\u003dbool(0)\n\telse:\n\t    self.parent.getChild(\"BusinessContainer\").getChild(\"Business_Dropdown\").props.enabled \u003d bool(1)\n\t    self.parent.getChild(\"Plant_Container\").getChild(\"Plant_Dropdown\").props.enabled \u003d bool(1)\n\t    self.parent.getChild(\"Cell_Container\").getChild(\"Cell_Dropdown\").props.enabled\u003d bool(1)\n\t    self.parent.getChild(\"Line_Container\").getChild(\"Line_Dropdown\").props.enabled \u003d bool(1)\n\t    self.parent.getChild(\"Machine_Container\").getChild(\"Machine_Dropdown\").props.enabled \u003d bool(1)\n\t    self.parent.getChild(\"StartDate_Container\").getChild(\"DateTimeInput\").props.enabled \u003d bool(1)\n\t    self.parent.getChild(\"EndDate_Container\").getChild(\"DateTimeInput\").props.enabled \u003d bool(1)\n\t    self.parent.getChild(\"Shift_Container\").getChild(\"Shift_Dropdown\").props.enabled \u003d bool(1)\n\t    self.view.custom.Toggle\u003dbool(1)"
                }
              }
            },
            "props": {
              "checkedIcon": {
                "color": {
                  "enabled": "#FF0000"
                },
                "path": "material/lock"
              },
              "text": "",
              "uncheckedIcon": {
                "color": {
                  "enabled": "#00FF00"
                },
                "path": "material/lock_open"
              }
            },
            "scripts": {
              "customMethods": [
                {
                  "name": "runDataLoad",
                  "params": [],
                  "script": "\tbusiness\u003dself.parent.getChild(\"BusinessContainer\").getChild(\"Business_Dropdown\").props.value\n\tplant\u003dself.parent.getChild(\"Plant_Container\").getChild(\"Plant_Dropdown\").props.value\n\tcell\u003dself.parent.getChild(\"Cell_Container\").getChild(\"Cell_Dropdown\").props.value\n\tline\u003dself.parent.getChild(\"Line_Container\").getChild(\"Line_Dropdown\").props.value\n\tmachine\u003d self.parent.getChild(\"Machine_Container\").getChild(\"Machine_Dropdown\").props.value\n\tshift\u003dself.parent.getChild(\"Shift_Container\").getChild(\"Shift_Dropdown\").custom.Shift_name\n\tshift_ID\u003dself.parent.getChild(\"Shift_Container\").getChild(\"Shift_Dropdown\").props.value\n\tstart_date\u003dself.parent.getChild(\"StartDate_Container\").getChild(\"DateTimeInput\").props.formattedValue\n\tend_date\u003dself.parent.getChild(\"EndDate_Container\").getChild(\"DateTimeInput\").props.formattedValue\n\tM_Name\u003dself.parent.getChild(\"Machine_Container\").getChild(\"Machine_Dropdown\").custom.Machine_Name\n\ttoggle\u003dself.getSibling(\"ToggleSwitch\").props.selected\n\tif business is None or plant is None or cell is None or line is None or machine is None or shift is None or shift_ID is None or start_date is None or end_date is None or toggle is None or M_Name is None:\n\t\treturn\n\t\t\n\tself.view.custom.Business \u003dbusiness\n\tself.view.custom.Plant \u003d plant\n\tself.view.custom.Cell \u003dcell\n\tself.view.custom.Line \u003dline\n\tself.view.custom.Machine \u003dmachine\n\tself.view.custom.StartDate \u003dstart_date\n\tself.view.custom.EndDate \u003dend_date\n\tself.view.custom.ShiftID \u003d shift_ID\n\tself.view.custom.Shift \u003d shift\n\tself.view.custom.Toggle\u003dtoggle\n\tself.view.custom.Machine_Name\u003dM_Name\n\tself.view.getChild(\"root\").custom.isFirstLoad\u003dFalse"
                }
              ],
              "extensionFunctions": null,
              "messageHandlers": []
            },
            "type": "ia.input.checkbox"
          }
        ],
        "custom": {
          "LINE": "",
          "LINE_ID": 0,
          "MACHINE": "",
          "MACHINE_ID": 0,
          "MODULE": "",
          "MODULE_ID": 0,
          "PLANT": "",
          "PLANT_ID": 0,
          "SUB_MODULE": "",
          "SUB_MODULE_ID": 0
        },
        "meta": {
          "name": "Header"
        },
        "position": {
          "shrink": 0
        },
        "props": {
          "style": {
            "marginLeft": 1,
            "marginRight": 1,
            "paddingBottom": 2,
            "paddingLeft": 2,
            "paddingRight": 2,
            "paddingTop": 2
          }
        },
        "type": "ia.container.flex"
      },
      {
        "children": [
          {
            "children": [
              {
                "children": [
                  {
                    "meta": {
                      "name": "EmbeddedView"
                    },
                    "position": {
                      "basis": "100%"
                    },
                    "propConfig": {
                      "props.params.Business": {
                        "binding": {
                          "config": {
                            "path": "view.custom.Business"
                          },
                          "type": "property"
                        }
                      },
                      "props.params.Cell": {
                        "binding": {
                          "config": {
                            "path": "view.custom.Cell"
                          },
                          "type": "property"
                        }
                      },
                      "props.params.EndDate": {
                        "binding": {
                          "config": {
                            "path": "view.custom.EndDate"
                          },
                          "type": "property"
                        }
                      },
                      "props.params.Line": {
                        "binding": {
                          "config": {
                            "path": "view.custom.Line"
                          },
                          "type": "property"
                        }
                      },
                      "props.params.Machine": {
                        "binding": {
                          "config": {
                            "path": "view.custom.Machine"
                          },
                          "type": "property"
                        }
                      },
                      "props.params.MachineName": {
                        "binding": {
                          "config": {
                            "path": "view.custom.Machine_Name"
                          },
                          "type": "property"
                        }
                      },
                      "props.params.Plant": {
                        "binding": {
                          "config": {
                            "path": "view.custom.Plant"
                          },
                          "type": "property"
                        }
                      },
                      "props.params.Shift": {
                        "binding": {
                          "config": {
                            "path": "view.custom.Shift"
                          },
                          "type": "property"
                        }
                      },
                      "props.params.ShiftID": {
                        "binding": {
                          "config": {
                            "path": "view.custom.ShiftID"
                          },
                          "type": "property"
                        }
                      },
                      "props.params.StartDate": {
                        "binding": {
                          "config": {
                            "path": "view.custom.StartDate"
                          },
                          "type": "property"
                        }
                      },
                      "props.params.Toggle": {
                        "binding": {
                          "config": {
                            "path": "view.custom.Toggle"
                          },
                          "type": "property"
                        }
                      }
                    },
                    "props": {
                      "path": "OEE/Reports/OverallReport"
                    },
                    "type": "ia.display.view"
                  }
                ],
                "meta": {
                  "name": "Overall_Container"
                },
                "type": "ia.container.flex"
              },
              {
                "children": [
                  {
                    "meta": {
                      "name": "EmbeddedView"
                    },
                    "position": {
                      "basis": "100%"
                    },
                    "propConfig": {
                      "props.params.Business": {
                        "binding": {
                          "config": {
                            "path": "view.custom.Business"
                          },
                          "type": "property"
                        }
                      },
                      "props.params.Cell": {
                        "binding": {
                          "config": {
                            "path": "view.custom.Cell"
                          },
                          "type": "property"
                        }
                      },
                      "props.params.EndDate": {
                        "binding": {
                          "config": {
                            "path": "view.custom.EndDate"
                          },
                          "type": "property"
                        }
                      },
                      "props.params.Line": {
                        "binding": {
                          "config": {
                            "path": "view.custom.Line"
                          },
                          "type": "property"
                        }
                      },
                      "props.params.Machine": {
                        "binding": {
                          "config": {
                            "path": "view.custom.Machine"
                          },
                          "type": "property"
                        }
                      },
                      "props.params.MachineName": {
                        "binding": {
                          "config": {
                            "path": "view.custom.Machine_Name"
                          },
                          "type": "property"
                        }
                      },
                      "props.params.Plant": {
                        "binding": {
                          "config": {
                            "path": "view.custom.Plant"
                          },
                          "type": "property"
                        }
                      },
                      "props.params.Shift": {
                        "binding": {
                          "config": {
                            "path": "view.custom.Shift"
                          },
                          "type": "property"
                        }
                      },
                      "props.params.ShiftID": {
                        "binding": {
                          "config": {
                            "path": "view.custom.ShiftID"
                          },
                          "type": "property"
                        }
                      },
                      "props.params.StartDate": {
                        "binding": {
                          "config": {
                            "path": "view.custom.StartDate"
                          },
                          "type": "property"
                        }
                      },
                      "props.params.Toggle": {
                        "binding": {
                          "config": {
                            "path": "view.custom.Toggle"
                          },
                          "type": "property"
                        }
                      }
                    },
                    "props": {
                      "path": "OEE/Reports/OEE"
                    },
                    "type": "ia.display.view"
                  }
                ],
                "meta": {
                  "name": "OEE_Container"
                },
                "position": {
                  "tabIndex": 1
                },
                "type": "ia.container.flex"
              },
              {
                "children": [
                  {
                    "meta": {
                      "name": "EmbeddedView"
                    },
                    "position": {
                      "basis": "100%"
                    },
                    "propConfig": {
                      "props.params.Business": {
                        "binding": {
                          "config": {
                            "path": "view.custom.Business"
                          },
                          "type": "property"
                        }
                      },
                      "props.params.Cell": {
                        "binding": {
                          "config": {
                            "path": "view.custom.Cell"
                          },
                          "type": "property"
                        }
                      },
                      "props.params.EndDate": {
                        "binding": {
                          "config": {
                            "path": "view.custom.EndDate"
                          },
                          "type": "property"
                        }
                      },
                      "props.params.Line": {
                        "binding": {
                          "config": {
                            "path": "view.custom.Line"
                          },
                          "type": "property"
                        }
                      },
                      "props.params.Machine": {
                        "binding": {
                          "config": {
                            "path": "view.custom.Machine"
                          },
                          "type": "property"
                        }
                      },
                      "props.params.MachineName": {
                        "binding": {
                          "config": {
                            "path": "view.custom.Machine_Name"
                          },
                          "type": "property"
                        }
                      },
                      "props.params.Plant": {
                        "binding": {
                          "config": {
                            "path": "view.custom.Plant"
                          },
                          "type": "property"
                        }
                      },
                      "props.params.Shift": {
                        "binding": {
                          "config": {
                            "path": "view.custom.Shift"
                          },
                          "type": "property"
                        }
                      },
                      "props.params.ShiftID": {
                        "binding": {
                          "config": {
                            "path": "view.custom.ShiftID"
                          },
                          "type": "property"
                        }
                      },
                      "props.params.StartDate": {
                        "binding": {
                          "config": {
                            "path": "view.custom.StartDate"
                          },
                          "type": "property"
                        }
                      },
                      "props.params.Toggle": {
                        "binding": {
                          "config": {
                            "path": "view.custom.Toggle"
                          },
                          "type": "property"
                        }
                      }
                    },
                    "props": {
                      "path": "OEE/Reports/Availability"
                    },
                    "type": "ia.display.view"
                  }
                ],
                "meta": {
                  "name": "Availability_Container"
                },
                "position": {
                  "tabIndex": 2
                },
                "type": "ia.container.flex"
              },
              {
                "children": [
                  {
                    "meta": {
                      "name": "EmbeddedView"
                    },
                    "position": {
                      "basis": "100%"
                    },
                    "propConfig": {
                      "props.params.Business": {
                        "binding": {
                          "config": {
                            "path": "view.custom.Business"
                          },
                          "type": "property"
                        }
                      },
                      "props.params.Cell": {
                        "binding": {
                          "config": {
                            "path": "view.custom.Cell"
                          },
                          "type": "property"
                        }
                      },
                      "props.params.EndDate": {
                        "binding": {
                          "config": {
                            "path": "view.custom.EndDate"
                          },
                          "type": "property"
                        }
                      },
                      "props.params.Line": {
                        "binding": {
                          "config": {
                            "path": "view.custom.Line"
                          },
                          "type": "property"
                        }
                      },
                      "props.params.Machine": {
                        "binding": {
                          "config": {
                            "path": "view.custom.Machine"
                          },
                          "type": "property"
                        }
                      },
                      "props.params.MachineName": {
                        "binding": {
                          "config": {
                            "path": "view.custom.Machine_Name"
                          },
                          "type": "property"
                        }
                      },
                      "props.params.Plant": {
                        "binding": {
                          "config": {
                            "path": "view.custom.Plant"
                          },
                          "type": "property"
                        }
                      },
                      "props.params.Shift": {
                        "binding": {
                          "config": {
                            "path": "view.custom.Shift"
                          },
                          "type": "property"
                        }
                      },
                      "props.params.ShiftID": {
                        "binding": {
                          "config": {
                            "path": "view.custom.ShiftID"
                          },
                          "type": "property"
                        }
                      },
                      "props.params.StartDate": {
                        "binding": {
                          "config": {
                            "path": "view.custom.StartDate"
                          },
                          "type": "property"
                        }
                      },
                      "props.params.Toggle": {
                        "binding": {
                          "config": {
                            "path": "view.custom.Toggle"
                          },
                          "type": "property"
                        }
                      }
                    },
                    "props": {
                      "path": "OEE/Reports/Performance"
                    },
                    "type": "ia.display.view"
                  }
                ],
                "meta": {
                  "name": "Performance_Container"
                },
                "position": {
                  "tabIndex": 3
                },
                "type": "ia.container.flex"
              },
              {
                "children": [
                  {
                    "meta": {
                      "name": "EmbeddedView"
                    },
                    "position": {
                      "basis": "100%"
                    },
                    "propConfig": {
                      "props.params.Business": {
                        "binding": {
                          "config": {
                            "path": "view.custom.Business"
                          },
                          "type": "property"
                        }
                      },
                      "props.params.Cell": {
                        "binding": {
                          "config": {
                            "path": "view.custom.Cell"
                          },
                          "type": "property"
                        }
                      },
                      "props.params.EndDate": {
                        "binding": {
                          "config": {
                            "path": "view.custom.EndDate"
                          },
                          "type": "property"
                        }
                      },
                      "props.params.Line": {
                        "binding": {
                          "config": {
                            "path": "view.custom.Line"
                          },
                          "type": "property"
                        }
                      },
                      "props.params.Machine": {
                        "binding": {
                          "config": {
                            "path": "view.custom.Machine"
                          },
                          "type": "property"
                        }
                      },
                      "props.params.MachineName": {
                        "binding": {
                          "config": {
                            "path": "view.custom.Machine_Name"
                          },
                          "type": "property"
                        }
                      },
                      "props.params.Plant": {
                        "binding": {
                          "config": {
                            "path": "view.custom.Plant"
                          },
                          "type": "property"
                        }
                      },
                      "props.params.Shift": {
                        "binding": {
                          "config": {
                            "path": "view.custom.Shift"
                          },
                          "type": "property"
                        }
                      },
                      "props.params.ShiftID": {
                        "binding": {
                          "config": {
                            "path": "view.custom.ShiftID"
                          },
                          "type": "property"
                        }
                      },
                      "props.params.StartDate": {
                        "binding": {
                          "config": {
                            "path": "view.custom.StartDate"
                          },
                          "type": "property"
                        }
                      },
                      "props.params.Toggle": {
                        "binding": {
                          "config": {
                            "path": "view.custom.Toggle"
                          },
                          "type": "property"
                        }
                      }
                    },
                    "props": {
                      "path": "OEE/Reports/Quality"
                    },
                    "type": "ia.display.view"
                  }
                ],
                "meta": {
                  "name": "Quality_Container"
                },
                "position": {
                  "tabIndex": 4
                },
                "type": "ia.container.flex"
              },
              {
                "children": [
                  {
                    "meta": {
                      "name": "EmbeddedView"
                    },
                    "position": {
                      "basis": "100%"
                    },
                    "propConfig": {
                      "props.params.Business": {
                        "binding": {
                          "config": {
                            "path": "view.custom.Business"
                          },
                          "type": "property"
                        }
                      },
                      "props.params.Business_Name": {
                        "binding": {
                          "config": {
                            "path": "...../Header/BusinessContainer/Business_Dropdown.custom.Business_name"
                          },
                          "type": "property"
                        }
                      },
                      "props.params.Cell": {
                        "binding": {
                          "config": {
                            "path": "view.custom.Cell"
                          },
                          "type": "property"
                        }
                      },
                      "props.params.Cell_Name": {
                        "binding": {
                          "config": {
                            "path": "...../Header/Cell_Container/Cell_Dropdown.custom.Cell_name"
                          },
                          "type": "property"
                        }
                      },
                      "props.params.EndDate": {
                        "binding": {
                          "config": {
                            "path": "view.custom.EndDate"
                          },
                          "type": "property"
                        }
                      },
                      "props.params.Line": {
                        "binding": {
                          "config": {
                            "path": "view.custom.Line"
                          },
                          "type": "property"
                        }
                      },
                      "props.params.Line_Name": {
                        "binding": {
                          "config": {
                            "path": "...../Header/Line_Container/Line_Dropdown.custom.Line_name"
                          },
                          "type": "property"
                        }
                      },
                      "props.params.Machine": {
                        "binding": {
                          "config": {
                            "path": "view.custom.Machine"
                          },
                          "type": "property"
                        }
                      },
                      "props.params.Machine_Name": {
                        "binding": {
                          "config": {
                            "path": "view.custom.Machine_Name"
                          },
                          "type": "property"
                        }
                      },
                      "props.params.Plant": {
                        "binding": {
                          "config": {
                            "path": "view.custom.Plant"
                          },
                          "type": "property"
                        }
                      },
                      "props.params.Plant_Name": {
                        "binding": {
                          "config": {
                            "path": "...../Header/Plant_Container/Plant_Dropdown.custom.Plant_name"
                          },
                          "type": "property"
                        }
                      },
                      "props.params.Shift": {
                        "binding": {
                          "config": {
                            "path": "view.custom.Shift"
                          },
                          "type": "property"
                        }
                      },
                      "props.params.ShiftID": {
                        "binding": {
                          "config": {
                            "path": "view.custom.ShiftID"
                          },
                          "type": "property"
                        }
                      },
                      "props.params.StartDate": {
                        "binding": {
                          "config": {
                            "path": "view.custom.StartDate"
                          },
                          "type": "property"
                        }
                      }
                    },
                    "props": {
                      "path": "OEE/Reports/Global_Trend"
                    },
                    "type": "ia.display.view"
                  }
                ],
                "meta": {
                  "name": "GlobalTrend_Container"
                },
                "position": {
                  "tabIndex": 5
                },
                "props": {
                  "direction": "column"
                },
                "type": "ia.container.flex"
              },
              {
                "children": [
                  {
                    "meta": {
                      "name": "EmbeddedView"
                    },
                    "position": {
                      "basis": "100%"
                    },
                    "propConfig": {
                      "props.params.Business": {
                        "binding": {
                          "config": {
                            "path": "view.custom.Business"
                          },
                          "type": "property"
                        }
                      },
                      "props.params.Business_Name": {
                        "binding": {
                          "config": {
                            "path": "...../Header/BusinessContainer/Business_Dropdown.custom.Business_name"
                          },
                          "type": "property"
                        }
                      },
                      "props.params.Cell": {
                        "binding": {
                          "config": {
                            "path": "view.custom.Cell"
                          },
                          "type": "property"
                        }
                      },
                      "props.params.Cell_Name": {
                        "binding": {
                          "config": {
                            "path": "...../Header/Cell_Container/Cell_Dropdown.custom.Cell_name"
                          },
                          "type": "property"
                        }
                      },
                      "props.params.EndDate": {
                        "binding": {
                          "config": {
                            "path": "view.custom.EndDate"
                          },
                          "type": "property"
                        }
                      },
                      "props.params.Line": {
                        "binding": {
                          "config": {
                            "path": "view.custom.Line"
                          },
                          "type": "property"
                        }
                      },
                      "props.params.Line_Name": {
                        "binding": {
                          "config": {
                            "path": "...../Header/Line_Container/Line_Dropdown.custom.Line_name"
                          },
                          "type": "property"
                        }
                      },
                      "props.params.Machine": {
                        "binding": {
                          "config": {
                            "path": "view.custom.Machine"
                          },
                          "type": "property"
                        }
                      },
                      "props.params.Machine_Name": {
                        "binding": {
                          "config": {
                            "path": "view.custom.Machine_Name"
                          },
                          "type": "property"
                        }
                      },
                      "props.params.Plant": {
                        "binding": {
                          "config": {
                            "path": "view.custom.Plant"
                          },
                          "type": "property"
                        }
                      },
                      "props.params.Plant_Name": {
                        "binding": {
                          "config": {
                            "path": "...../Header/Plant_Container/Plant_Dropdown.custom.Plant_name"
                          },
                          "type": "property"
                        }
                      },
                      "props.params.Shift": {
                        "binding": {
                          "config": {
                            "path": "view.custom.Shift"
                          },
                          "type": "property"
                        }
                      },
                      "props.params.ShiftID": {
                        "binding": {
                          "config": {
                            "path": "view.custom.ShiftID"
                          },
                          "type": "property"
                        }
                      },
                      "props.params.StartDate": {
                        "binding": {
                          "config": {
                            "path": "view.custom.StartDate"
                          },
                          "type": "property"
                        }
                      }
                    },
                    "props": {
                      "path": "OEE/Reports/Local_Trend"
                    },
                    "type": "ia.display.view"
                  }
                ],
                "meta": {
                  "name": "LocalTrend_Container"
                },
                "position": {
                  "tabIndex": 6
                },
                "props": {
                  "direction": "column"
                },
                "type": "ia.container.flex"
              },
              {
                "children": [
                  {
                    "meta": {
                      "name": "EmbeddedView"
                    },
                    "position": {
                      "basis": "100%"
                    },
                    "propConfig": {
                      "props.params.Business": {
                        "binding": {
                          "config": {
                            "path": "view.custom.Business"
                          },
                          "type": "property"
                        }
                      },
                      "props.params.Business_Name": {
                        "binding": {
                          "config": {
                            "path": "...../Header/BusinessContainer/Business_Dropdown.custom.Business_name"
                          },
                          "type": "property"
                        }
                      },
                      "props.params.Cell": {
                        "binding": {
                          "config": {
                            "path": "view.custom.Cell"
                          },
                          "type": "property"
                        }
                      },
                      "props.params.Cell_Name": {
                        "binding": {
                          "config": {
                            "path": "...../Header/Cell_Container/Cell_Dropdown.custom.Cell_name"
                          },
                          "type": "property"
                        }
                      },
                      "props.params.EndDate": {
                        "binding": {
                          "config": {
                            "path": "view.custom.EndDate"
                          },
                          "type": "property"
                        }
                      },
                      "props.params.Line": {
                        "binding": {
                          "config": {
                            "path": "view.custom.Line"
                          },
                          "type": "property"
                        }
                      },
                      "props.params.Line_Name": {
                        "binding": {
                          "config": {
                            "path": "...../Header/Line_Container/Line_Dropdown.custom.Line_name"
                          },
                          "type": "property"
                        }
                      },
                      "props.params.Machine": {
                        "binding": {
                          "config": {
                            "path": "view.custom.Machine"
                          },
                          "type": "property"
                        }
                      },
                      "props.params.Machine_Name": {
                        "binding": {
                          "config": {
                            "path": "view.custom.Machine_Name"
                          },
                          "type": "property"
                        }
                      },
                      "props.params.Plant": {
                        "binding": {
                          "config": {
                            "path": "view.custom.Plant"
                          },
                          "type": "property"
                        }
                      },
                      "props.params.Plant_Name": {
                        "binding": {
                          "config": {
                            "path": "...../Header/Plant_Container/Plant_Dropdown.custom.Plant_name"
                          },
                          "type": "property"
                        }
                      },
                      "props.params.Shift": {
                        "binding": {
                          "config": {
                            "path": "view.custom.Shift"
                          },
                          "type": "property"
                        }
                      },
                      "props.params.ShiftID": {
                        "binding": {
                          "config": {
                            "path": "view.custom.ShiftID"
                          },
                          "type": "property"
                        }
                      },
                      "props.params.StartDate": {
                        "binding": {
                          "config": {
                            "path": "view.custom.StartDate"
                          },
                          "type": "property"
                        }
                      }
                    },
                    "props": {
                      "path": "OEE/Reports/Monthly_Trend"
                    },
                    "type": "ia.display.view"
                  }
                ],
                "meta": {
                  "name": "MonthlyTrend_Container"
                },
                "position": {
                  "tabIndex": 7
                },
                "props": {
                  "direction": "column"
                },
                "type": "ia.container.flex"
              },
              {
                "children": [
                  {
                    "meta": {
                      "name": "EmbeddedView"
                    },
                    "position": {
                      "basis": "100%"
                    },
                    "propConfig": {
                      "props.params.Business": {
                        "binding": {
                          "config": {
                            "path": "view.custom.Business"
                          },
                          "type": "property"
                        }
                      },
                      "props.params.Business_Name": {
                        "binding": {
                          "config": {
                            "path": "...../Header/BusinessContainer/Business_Dropdown.custom.Business_name"
                          },
                          "type": "property"
                        }
                      },
                      "props.params.Cell": {
                        "binding": {
                          "config": {
                            "path": "view.custom.Cell"
                          },
                          "type": "property"
                        }
                      },
                      "props.params.Cell_Name": {
                        "binding": {
                          "config": {
                            "path": "...../Header/Cell_Container/Cell_Dropdown.custom.Cell_name"
                          },
                          "type": "property"
                        }
                      },
                      "props.params.EndDate": {
                        "binding": {
                          "config": {
                            "path": "view.custom.EndDate"
                          },
                          "type": "property"
                        }
                      },
                      "props.params.Line": {
                        "binding": {
                          "config": {
                            "path": "view.custom.Line"
                          },
                          "type": "property"
                        }
                      },
                      "props.params.Line_Name": {
                        "binding": {
                          "config": {
                            "path": "...../Header/Line_Container/Line_Dropdown.custom.Line_name"
                          },
                          "type": "property"
                        }
                      },
                      "props.params.Machine": {
                        "binding": {
                          "config": {
                            "path": "view.custom.Machine"
                          },
                          "type": "property"
                        }
                      },
                      "props.params.Machine_Name": {
                        "binding": {
                          "config": {
                            "path": "view.custom.Machine_Name"
                          },
                          "type": "property"
                        }
                      },
                      "props.params.Plant": {
                        "binding": {
                          "config": {
                            "path": "view.custom.Plant"
                          },
                          "type": "property"
                        }
                      },
                      "props.params.Plant_Name": {
                        "binding": {
                          "config": {
                            "path": "...../Header/Plant_Container/Plant_Dropdown.custom.Plant_name"
                          },
                          "type": "property"
                        }
                      },
                      "props.params.Shift": {
                        "binding": {
                          "config": {
                            "path": "view.custom.Shift"
                          },
                          "type": "property"
                        }
                      },
                      "props.params.ShiftID": {
                        "binding": {
                          "config": {
                            "path": "view.custom.ShiftID"
                          },
                          "type": "property"
                        }
                      },
                      "props.params.StartDate": {
                        "binding": {
                          "config": {
                            "path": "view.custom.StartDate"
                          },
                          "type": "property"
                        }
                      }
                    },
                    "props": {
                      "path": "OEE/Reports/MinorLoss"
                    },
                    "type": "ia.display.view"
                  }
                ],
                "meta": {
                  "name": "MinorLoss_Container"
                },
                "position": {
                  "tabIndex": 8
                },
                "props": {
                  "direction": "column"
                },
                "type": "ia.container.flex"
              }
            ],
            "meta": {
              "name": "TabContainer"
            },
            "position": {
              "basis": "100%"
            },
            "props": {
              "contentStyle": {
                "color": "#FFFFFF"
              },
              "currentTabIndex": 1,
              "menuStyle": {
                "backgroundColor": "#000080",
                "color": "#FFFFFF",
                "fontFamily": "Arial",
                "fontSize": "0.5dvw",
                "fontWeight": "bolder",
                "textAlign": "center"
              },
              "menuType": "modern",
              "style": {
                "color": "#FFFFFF",
                "fontFamily": "Arial",
                "fontSize": "0.5dvw",
                "fontWeight": "normal",
                "textAlign": "center"
              },
              "tabSize": {
                "height": 40,
                "width": 300
              },
              "tabStyle": {
                "active": {
                  "color": "#FFFFFF",
                  "fontFamily": "Arial",
                  "fontSize": "1.2dvw",
                  "fontWeight": "bold"
                },
                "inactive": {
                  "color": "#FFFFFF",
                  "fontFamily": "Arial",
                  "fontSize": "1dvw"
                }
              },
              "tabs": [
                "OVERALL",
                "OEE",
                "AVAILABILITY",
                "PERFORMANCE",
                "QUALITY",
                "GLOBAL TREND",
                "LOCAL TREND",
                "MONTHLY TREND",
                "MINOR LOSS"
              ]
            },
            "type": "ia.container.tab"
          }
        ],
        "meta": {
          "name": "BodyContainer"
        },
        "position": {
          "basis": "90%"
        },
        "type": "ia.container.flex"
      }
    ],
    "custom": {
      "isFirstLoad": true
    },
    "meta": {
      "name": "root"
    },
    "props": {
      "direction": "column"
    },
    "type": "ia.container.flex"
  }
}