{
  "custom": {
    "CurrentIndex": 0,
    "Params": [
      null,
      null,
      null,
      null
    ]
  },
  "params": {
    "Business_ID": "value",
    "Current": "value",
    "Energy": "value",
    "Line_ID": "value",
    "Machine_ID": "value",
    "Machine_Name": "value",
    "PF": "value",
    "Plant_ID": "value",
    "Voltage": "value"
  },
  "propConfig": {
    "custom.CurrentIndex": {
      "binding": {
        "config": {
          "expression": "floor((getSecond(now())/ 5) % len({view.custom.Params}))"
        },
        "type": "expr"
      },
      "persistent": true
    },
    "custom.Params": {
      "persistent": true
    },
    "custom.Params[0]": {
      "binding": {
        "config": {
          "path": "view.params.Voltage"
        },
        "type": "property"
      }
    },
    "custom.Params[1]": {
      "binding": {
        "config": {
          "path": "view.params.Current"
        },
        "type": "property"
      }
    },
    "custom.Params[2]": {
      "binding": {
        "config": {
          "path": "view.params.PF"
        },
        "type": "property"
      }
    },
    "custom.Params[3]": {
      "binding": {
        "config": {
          "path": "view.params.Energy"
        },
        "type": "property"
      }
    },
    "params.Business_ID": {
      "paramDirection": "input",
      "persistent": true
    },
    "params.Current": {
      "paramDirection": "input",
      "persistent": true
    },
    "params.Energy": {
      "paramDirection": "input",
      "persistent": true
    },
    "params.Line_ID": {
      "paramDirection": "input",
      "persistent": true
    },
    "params.Machine_ID": {
      "paramDirection": "input",
      "persistent": true
    },
    "params.Machine_Name": {
      "paramDirection": "input",
      "persistent": true
    },
    "params.PF": {
      "paramDirection": "input",
      "persistent": true
    },
    "params.Plant_ID": {
      "paramDirection": "input",
      "persistent": true
    },
    "params.Voltage": {
      "paramDirection": "input",
      "persistent": true
    }
  },
  "props": {
    "defaultSize": {
      "height": 97,
      "width": 206
    }
  },
  "root": {
    "children": [
      {
        "children": [
          {
            "meta": {
              "name": "Sensor"
            },
            "position": {
              "height": 0.8293,
              "width": 0.9872,
              "x": 0.0097,
              "y": 0.076
            },
            "propConfig": {
              "props.label.text": {
                "binding": {
                  "config": {
                    "path": "view.params.Machine_Name"
                  },
                  "type": "property"
                }
              },
              "props.value.text": {
                "binding": {
                  "config": {
                    "expression": "if({view.custom.CurrentIndex} \u003d 0, \"Voltage: \" + {view.params.Voltage},\r\nif({view.custom.CurrentIndex} \u003d 1, \"Current: \" + {view.params.Current},\r\nif({view.custom.CurrentIndex} \u003d 2, \"Power Factor: \" + {view.params.PF},\r\n\"Energy: \" + {view.params.Energy})))"
                  },
                  "type": "expr"
                }
              }
            },
            "props": {
              "label": {
                "location": "top",
                "style": {
                  "backgroundColor": "#CCCCFF",
                  "color": "#000000",
                  "fontFamily": "inherit",
                  "fontSize": 15,
                  "fontWeight": "bolder"
                }
              },
              "style": {
                "color": "#000000"
              },
              "value": {
                "location": "bottom",
                "style": {
                  "fontWeight": "bold"
                }
              }
            },
            "type": "ia.symbol.sensor"
          }
        ],
        "events": {
          "dom": {
            "onClick": {
              "config": {
                "script": "\t# Safe access to parameters\n\tline_id \u003d getattr(self.view.params, \u0027Line_ID\u0027, None)\n\tcell_id \u003d getattr(self.view.params, \u0027Cell_ID\u0027, None)\n\tmachine_id \u003d getattr(self.view.params, \u0027Machine_ID\u0027, None)\n\tbusiness_id \u003d getattr(self.view.params, \u0027Business_ID\u0027, None)\n\tplant_id \u003d getattr(self.view.params, \u0027Plant_ID\u0027, None)  # Fixed value\n\t\n\t# Convert to string if not None\n\tif business_id is not None:\n\t    business_id \u003d str(business_id)\n\tif plant_id is not None:\n\t    plant_id \u003d str(plant_id)\n\t\n\t# Prepare params dictionary\n\tparams \u003d {\n\t    \u0027ll_line\u0027: line_id,\n\t    \u0027ll_cell\u0027: cell_id,\n\t    \u0027mm\u0027: machine_id,\n\t    \u0027business\u0027: business_id,\n\t    \u0027Plant\u0027: plant_id\n\t}\n\t\n\t# Remove None values\n\tfiltered_params \u003d {k: v for k, v in params.items() if v is not None}\n\t\n\t# Navigate\n\tsystem.perspective.navigate(\n\t    view\u003d\"EMS/Overview/EMS_Overview_SGD\",\n\t    params\u003dfiltered_params\n\t)"
              },
              "scope": "G",
              "type": "script"
            }
          }
        },
        "meta": {
          "name": "CoordinateContainer"
        },
        "position": {
          "height": 0.9725,
          "width": 0.9769,
          "x": -0.0093,
          "y": -0.0862
        },
        "props": {
          "mode": "percent",
          "style": {
            "backgroundColor": "#CCCCFF",
            "borderBottomLeftRadius": 8,
            "borderBottomRightRadius": 8,
            "borderColor": "#335475",
            "borderStyle": "inset",
            "borderTopLeftRadius": 8,
            "borderTopRightRadius": 8,
            "borderWidth": 8,
            "fill": "#804600",
            "marginBottom": 10,
            "marginLeft": 2.5,
            "marginRight": 2.5,
            "marginTop": 10
          }
        },
        "type": "ia.container.coord"
      }
    ],
    "meta": {
      "name": "root"
    },
    "props": {
      "mode": "percent"
    },
    "type": "ia.container.coord"
  }
}