{
  "custom": {},
  "params": {
    "BG": "",
    "BG_ID": "",
    "CHECKLIST_UNIQUE_ID": "value",
    "GEN_ID": "value",
    "MACHINE": "value",
    "NAME": "value",
    "PARAMS": {
      "BG": "ZRAI-SGD",
      "BG_ID": 4,
      "DEPT": "value",
      "DEPT_ID": 0,
      "LINE": "value",
      "LINE_ID": 0,
      "MACHINE": "value",
      "MACHINE_CODE": 0,
      "MACHINE_ID": 0,
      "MACHINE_TYPE": "value",
      "MODULE": "value",
      "MODULE_ID": 0,
      "PLANT": "value",
      "PLANT_ID": 0,
      "SUB_MODULE": "value",
      "SUB_MODULE_ID": 0
    },
    "PLANT": "value",
    "STATUS": "COMPLETED",
    "SUB_MODULE": "value"
  },
  "propConfig": {
    "params.BG": {
      "binding": {
        "config": {
          "path": "session.custom.CP_User_Management.BG_Name"
        },
        "type": "property"
      },
      "paramDirection": "inout",
      "persistent": true
    },
    "params.BG_ID": {
      "binding": {
        "config": {
          "path": "session.custom.CP_User_Management.BG_ID"
        },
        "type": "property"
      },
      "paramDirection": "inout",
      "persistent": true
    },
    "params.CHECKLIST_UNIQUE_ID": {
      "paramDirection": "inout",
      "persistent": true
    },
    "params.GEN_ID": {
      "paramDirection": "inout",
      "persistent": true
    },
    "params.MACHINE": {
      "paramDirection": "input",
      "persistent": true
    },
    "params.NAME": {
      "paramDirection": "inout",
      "persistent": true
    },
    "params.PARAMS": {
      "paramDirection": "inout",
      "persistent": true
    },
    "params.PLANT": {
      "paramDirection": "input",
      "persistent": true
    },
    "params.STATUS": {
      "paramDirection": "input",
      "persistent": true
    },
    "params.SUB_MODULE": {
      "paramDirection": "input",
      "persistent": true
    }
  },
  "props": {
    "defaultSize": {
      "height": 500,
      "width": 600
    }
  },
  "root": {
    "children": [
      {
        "meta": {
          "name": "Header"
        },
        "props": {
          "style": {
            "backgroundColor": "#000080",
            "color": "#FFFFFF",
            "fontFamily": "Arial",
            "fontSize": "2.5dvw",
            "fontWeight": "bolder",
            "marginBottom": 2.5,
            "paddingBottom": 10,
            "paddingTop": 10,
            "textAlign": "center"
          },
          "text": "Next Shedule"
        },
        "type": "ia.display.label"
      },
      {
        "children": [
          {
            "children": [
              {
                "meta": {
                  "name": "Label"
                },
                "props": {
                  "style": {
                    "color": "#FFFFFF",
                    "fontFamily": "Arial",
                    "fontSize": "1.2dvw",
                    "fontWeight": "bolder",
                    "paddingBottom": 5,
                    "paddingLeft": 5,
                    "paddingRight": 5,
                    "paddingTop": 5,
                    "textAlign": "center"
                  },
                  "text": "GEN ID"
                },
                "type": "ia.display.label"
              },
              {
                "meta": {
                  "name": "TextField"
                },
                "props": {
                  "placeholder": "Please enter the GEN ID..",
                  "style": {
                    "color": "#000000",
                    "fontFamily": "Arial",
                    "fontSize": "1.2dvw",
                    "fontWeight": "bold",
                    "paddingBottom": 5,
                    "paddingLeft": 5,
                    "paddingRight": 5,
                    "paddingTop": 5,
                    "textAlign": "center"
                  }
                },
                "type": "ia.input.text-field"
              }
            ],
            "meta": {
              "name": "Gen_ID"
            },
            "props": {
              "style": {
                "backgroundColor": "#000080",
                "borderBottomLeftRadius": 10,
                "borderBottomRightRadius": 10,
                "borderTopLeftRadius": 10,
                "borderTopRightRadius": 10,
                "paddingLeft": 5
              }
            },
            "type": "ia.container.flex"
          },
          {
            "children": [
              {
                "meta": {
                  "name": "Label"
                },
                "props": {
                  "style": {
                    "color": "#FFFFFF",
                    "fontFamily": "Arial",
                    "fontSize": "1.2dvw",
                    "fontWeight": "bolder",
                    "paddingBottom": 5,
                    "paddingLeft": 5,
                    "paddingRight": 5,
                    "paddingTop": 5,
                    "textAlign": "center"
                  },
                  "text": "NAME"
                },
                "type": "ia.display.label"
              },
              {
                "meta": {
                  "name": "TextField"
                },
                "props": {
                  "placeholder": "Please enter the NAME..",
                  "style": {
                    "color": "#000000",
                    "fontFamily": "Arial",
                    "fontSize": "1.2dvw",
                    "fontWeight": "bold",
                    "paddingBottom": 5,
                    "paddingLeft": 5,
                    "paddingRight": 5,
                    "paddingTop": 5,
                    "textAlign": "center"
                  }
                },
                "type": "ia.input.text-field"
              }
            ],
            "meta": {
              "name": "Name"
            },
            "props": {
              "style": {
                "backgroundColor": "#000080",
                "borderBottomLeftRadius": 10,
                "borderBottomRightRadius": 10,
                "borderTopLeftRadius": 10,
                "borderTopRightRadius": 10,
                "paddingLeft": 5
              }
            },
            "type": "ia.container.flex"
          }
        ],
        "meta": {
          "name": "Name \u0026 Gen_Id"
        },
        "position": {
          "display": false
        },
        "props": {
          "justify": "space-around",
          "style": {
            "paddingBottom": 2.5,
            "paddingTop": 2.5
          }
        },
        "type": "ia.container.flex"
      },
      {
        "children": [
          {
            "meta": {
              "name": "TextArea"
            },
            "position": {
              "grow": 1
            },
            "propConfig": {
              "props.text": {
                "binding": {
                  "config": {
                    "expression": "\"Dear \"+{view.params.NAME}+\" (\"+{view.params.GEN_ID}+\"), \\n\"+\r\n\"\\tPlease select the date for the next \"+{view.params.PARAMS.SUB_MODULE}+\" checklist schedule for \"+{view.params.PARAMS.MACHINE}+\"(\"+{view.params.PARAMS.MACHINE_CODE}+\")\"+\" using the date picker below.\" "
                  },
                  "type": "expr"
                }
              }
            },
            "props": {
              "enabled": false,
              "style": {
                "backgroundColor": "#FFFFFF",
                "fontFamily": "Arial",
                "fontSize": "1.2dvw",
                "fontWeight": "normal"
              }
            },
            "type": "ia.input.text-area"
          }
        ],
        "meta": {
          "name": "TextField"
        },
        "props": {
          "style": {
            "paddingBottom": 2.5,
            "paddingTop": 2.5
          }
        },
        "type": "ia.container.flex"
      },
      {
        "children": [
          {
            "meta": {
              "name": "DateTimePicker"
            },
            "position": {
              "basis": "360px"
            },
            "propConfig": {
              "props.formattedValue": {
                "onChange": {
                  "enabled": null,
                  "script": "\tself.parent.getChild(\"SELECTED DATE\").getChild(\"DateTime\").props.text \u003d currentValue.value"
                }
              },
              "props.minDate": {
                "binding": {
                  "config": {
                    "expression": "addDays(now(), 1)"
                  },
                  "type": "expr"
                }
              }
            },
            "props": {
              "format": "yyyy-MM-DD",
              "formattedValue": "2024-07-06",
              "pickerType": "date",
              "style": {
                "backgroundImage": "linear-gradient(rgba(0, 0, 255, 0.5), rgba(255, 255, 0, 0.5)),url(\"/system/images/calender.jpg\")",
                "backgroundPosition": "center",
                "backgroundSize": "cover",
                "borderColor": "#437AB4",
                "borderStyle": "solid",
                "borderWidth": 5,
                "fontFamily": "Arial",
                "fontSize": "1.2dvw",
                "fontWeight": "bolder",
                "marginBottom": 5
              },
              "value": {
                "$": [
                  "ts",
                  0,
                  1720161758900
                ],
                "$ts": 1720290032000
              }
            },
            "type": "ia.input.date-time-picker"
          },
          {
            "children": [
              {
                "meta": {
                  "name": "Label"
                },
                "props": {
                  "style": {
                    "backgroundColor": "#555555",
                    "borderBottomLeftRadius": 15,
                    "borderColor": "#2B2B2B",
                    "borderStyle": "solid",
                    "borderTopLeftRadius": 15,
                    "borderWidth": 1,
                    "color": "#FFFFFF",
                    "fontFamily": "Arial",
                    "fontSize": "1.8dvw",
                    "fontWeight": "bold",
                    "marginRight": 1,
                    "paddingBottom": 5,
                    "paddingLeft": 10,
                    "paddingRight": 10,
                    "paddingTop": 5,
                    "textAlign": "center"
                  },
                  "text": "SELECTED DATE"
                },
                "type": "ia.display.label"
              },
              {
                "meta": {
                  "name": "DateTime"
                },
                "props": {
                  "style": {
                    "backgroundColor": "#FFFFFF",
                    "borderBottomRightRadius": 15,
                    "borderColor": "#2B2B2B",
                    "borderStyle": "solid",
                    "borderTopRightRadius": 15,
                    "borderWidth": 1,
                    "fontFamily": "Arial",
                    "fontSize": "1.8dvw",
                    "fontWeight": "bold",
                    "paddingBottom": 5,
                    "paddingLeft": 10,
                    "paddingRight": 10,
                    "paddingTop": 5,
                    "textAlign": "center"
                  }
                },
                "type": "ia.display.label"
              }
            ],
            "meta": {
              "name": "SELECTED DATE"
            },
            "type": "ia.container.flex"
          }
        ],
        "meta": {
          "name": "Shedule"
        },
        "props": {
          "alignItems": "center",
          "direction": "column",
          "justify": "space-around",
          "style": {
            "paddingBottom": 5,
            "paddingLeft": 5,
            "paddingRight": 5,
            "paddingTop": 5
          }
        },
        "type": "ia.container.flex"
      },
      {
        "children": [
          {
            "events": {
              "dom": {
                "onClick": {
                  "config": {
                    "script": "\tNEXT_SHEDULE_DATE \u003d self.parent.parent.getChild(\"Shedule\").getChild(\"SELECTED DATE\").getChild(\"DateTime\").props.text\n\tTODAY \u003d system.date.now()\n\tDATE \u003d system.date.format(TODAY,\"YYYY-MM-dd HH:mm:ss\")\n\tPARAMS \u003d self.view.params.PARAMS\n\tUNIQUE_ID \u003d self.view.params.CHECKLIST_UNIQUE_ID\n\tProject_Name \u003d system.tag.read(\"[default]PMC/Project Name\").value\n\tdb \u003d system.tag.read(\"[default]PMC/DB\").value\n\tTo \u003d [\"b.mohamedshifan@ranegroup.com\", \"ar.ramya@ranegroup.com\", \"m.sudhanthiralakshmi@ranegroup.com\", \"n.vinodhini@ranegroup.com\"]\n\tCC \u003d [\"k.muralikanthan@ranegroup.com\", \"u.rajasekar@ranegroup.com\"]\n\tFrom \u003d \"info@ranegroup.com\"\n\tSubject \u003d \"{} ({}) {} CHECKLIST (CHECKLIST ID : {})\".format(PARAMS.MACHINE, PARAMS.MACHINE_CODE, PARAMS.SUB_MODULE, UNIQUE_ID)\n\tat_name  \u003d \"{} Failed Prameter List.pdf\".format(PARAMS.MACHINE)\n\tParameters \u003d {\"CHECKLIST_UNIQUE_CODE\": UNIQUE_ID, \"bg\": PARAMS.BG, \"plant\": PARAMS.PLANT, \"line\": PARAMS.LINE, \"machine\": PARAMS.MACHINE, \"Checklist Type\": PARAMS.SUB_MODULE, \"Status\": \"COMPLETED\"}\n\tSTATUS \u003d self.view.params.STATUS\n\tif STATUS \u003d\u003d \u0027PENDING\u0027:\n\t\tPK_ID \u003d system.db.runPrepQuery(\"SELECT TOP(1) ID FROM SHEDULE_TABLE WHERE BG_ID \u003d ? AND BG \u003d ? AND PLANT_ID \u003d ? AND PLANT \u003d ? AND LINE_ID \u003d ? AND LINE \u003d ? AND MACHINE_ID \u003d ? AND MACHINE \u003d ? AND MACHINE_CODE \u003d ? AND MACHINE_TYPE \u003d ? AND MODULE_ID \u003d ? AND MODULE \u003d ? AND SUB_MODULE_ID \u003d ? AND SUB_MODULE \u003d ? AND DEPT_ID \u003d ? AND DEPT \u003d ? ORDER BY DATE DESC\", [PARAMS.BG_ID, PARAMS.BG, PARAMS.PLANT_ID, PARAMS.PLANT, PARAMS.LINE_ID, PARAMS.LINE, PARAMS.MACHINE_ID, PARAMS.MACHINE, PARAMS.MACHINE_CODE, PARAMS.MACHINE_TYPE, PARAMS.MODULE_ID, PARAMS.MODULE, PARAMS.SUB_MODULE_ID, PARAMS.SUB_MODULE, PARAMS.DEPT_ID, PARAMS.DEPT], db)\n\t\tif PK_ID and PK_ID[0][\u0027ID\u0027] is not None:\n\t\t\tsystem.db.runPrepUpdate(\"UPDATE SHEDULE_TABLE SET STATUS \u003d \u0027COMPLETED\u0027 WHERE ID \u003d ? \",[PK_ID[0][\u0027ID\u0027]], db)\n\t\tsystem.db.runPrepUpdate(\u0027INSERT INTO SHEDULE_TABLE (BG_ID, BG, PLANT_ID, PLANT, LINE_ID, LINE, MACHINE_ID, MACHINE, MACHINE_CODE, MACHINE_TYPE, MODULE_ID, MODULE, SUB_MODULE_ID, SUB_MODULE, DEPT_ID, DEPT, NEXT_SHEDULE_DATE, DATE, STATUS) VALUES (?,?,?,?,?,?,?,?,?,?,?,?,?,?,?,?,?,?,?)\u0027,[PARAMS.BG_ID, PARAMS.BG, PARAMS.PLANT_ID, PARAMS.PLANT, PARAMS.LINE_ID, PARAMS.LINE, PARAMS.MACHINE_ID, PARAMS.MACHINE, PARAMS.MACHINE_CODE, PARAMS.MACHINE_TYPE, PARAMS.MODULE_ID, PARAMS.MODULE, PARAMS.SUB_MODULE_ID, PARAMS.SUB_MODULE, PARAMS.DEPT_ID, PARAMS.DEPT, NEXT_SHEDULE_DATE, DATE, \u0027YET TO START\u0027],db)\n\t\tsystem.db.runPrepUpdate(\u0027UPDATE CHECKLIST_DATA_UPDATE SET NEXT_SHEDULE \u003d ? WHERE CHECKLIST_UNIQUE_ID \u003d ?\u0027,[NEXT_SHEDULE_DATE, UNIQUE_ID],db)\n\t\tBody \u003d \"\u003cHTML\u003e\u003ch4\u003eDear Team\u003c/h4\u003e\u003cp\u003e\t\tThe checklist has been Completed and the fail parameters are attached below for your refrence. The details are as follows: \u003cbr\u003e\u003cbr\u003e\u003cb\u003eCHECKLIST ID :\u003c/b\u003e \"+str(UNIQUE_ID)+\"\u003cbr\u003e\u003cb\u003eSTATUS : \u003cfont color\u003d\u0027green\u0027\u003e  COMPLETED \u003c/b\u003e\u003cbr\u003e\u003cb\u003eNEXT SHEDULE : \"+NEXT_SHEDULE_DATE+\" \u003c/b\u003e\u003cbr\u003e\u003cbr\u003e\u003c/p\u003e\u003cp1\u003e\u003cfont color\u003d\u0027red\u0027\u003e\u003cb\u003e NOTE: This is an automatically generated email - please do not reply to it.\u003c/b\u003e\u003cp1\u003e\u003c/HTML\u003e\"\n\t\tsystem.report.executeAndDistribute(path\u003d\"Fail_Parameters\", project\u003dProject_Name, parameters \u003d Parameters, action\u003d \"email\", actionSettings \u003d {\"to\":To, \"cc\":CC, \"smtpServerName\":\"RANE_MAIL\", \"from\":From, \"subject\":Subject, \"body\":Body, \"attachmentName\":at_name})\n\t\tsystem.perspective.closePopup(\u0027SHEDLE_POPUP\u0027)\n\tif STATUS \u003d\u003d \u0027COMPLETED\u0027:\n\t\tPK_ID \u003d system.db.runPrepQuery(\"SELECT TOP(1) ID FROM SHEDULE_TABLE WHERE BG_ID \u003d ? AND BG \u003d ? AND PLANT_ID \u003d ? AND PLANT \u003d ? AND LINE_ID \u003d ? AND LINE \u003d ? AND MACHINE_ID \u003d ? AND MACHINE \u003d ? AND MACHINE_CODE \u003d ? AND MACHINE_TYPE \u003d ? AND MODULE_ID \u003d ? AND MODULE \u003d ? AND SUB_MODULE_ID \u003d ? AND SUB_MODULE \u003d ? AND DEPT_ID \u003d ? AND DEPT \u003d ? ORDER BY DATE DESC\", [PARAMS.BG_ID, PARAMS.BG, PARAMS.PLANT_ID, PARAMS.PLANT, PARAMS.LINE_ID, PARAMS.LINE, PARAMS.MACHINE_ID, PARAMS.MACHINE, PARAMS.MACHINE_CODE, PARAMS.MACHINE_TYPE, PARAMS.MODULE_ID, PARAMS.MODULE, PARAMS.SUB_MODULE_ID, PARAMS.SUB_MODULE, PARAMS.DEPT_ID, PARAMS.DEPT], db)\n\t\tif PK_ID and PK_ID[0][\u0027ID\u0027] is not None:\n\t\t\tsystem.db.runPrepUpdate(\"UPDATE SHEDULE_TABLE SET STATUS \u003d \u0027COMPLETED\u0027 WHERE ID \u003d ? \",[PK_ID[0][\u0027ID\u0027]], db)\n\t\tsystem.db.runPrepUpdate(\u0027INSERT INTO SHEDULE_TABLE (BG_ID, BG, PLANT_ID, PLANT, LINE_ID, LINE, MACHINE_ID, MACHINE, MACHINE_CODE, MACHINE_TYPE, MODULE_ID, MODULE, SUB_MODULE_ID, SUB_MODULE, DEPT_ID, DEPT, NEXT_SHEDULE_DATE, DATE, STATUS) VALUES (?,?,?,?,?,?,?,?,?,?,?,?,?,?,?,?,?,?,?)\u0027,[PARAMS.BG_ID, PARAMS.BG, PARAMS.PLANT_ID, PARAMS.PLANT, PARAMS.LINE_ID, PARAMS.LINE, PARAMS.MACHINE_ID, PARAMS.MACHINE, PARAMS.MACHINE_CODE, PARAMS.MACHINE_TYPE, PARAMS.MODULE_ID, PARAMS.MODULE, PARAMS.SUB_MODULE_ID, PARAMS.SUB_MODULE, PARAMS.DEPT_ID, PARAMS.DEPT, NEXT_SHEDULE_DATE, DATE, \u0027YET TO START\u0027],db)\n\t\tsystem.db.runPrepUpdate(\u0027UPDATE CHECKLIST_DATA_UPDATE SET NEXT_SHEDULE \u003d ? WHERE CHECKLIST_UNIQUE_ID \u003d ?\u0027,[NEXT_SHEDULE_DATE, UNIQUE_ID],db)\n\t\tBody \u003d \"\u003cHTML\u003e\u003ch4\u003eDear Team\u003c/h4\u003e\u003cp\u003e\t\tThe checklist has been filled out and updated successfully without any fail parameters. The details are as follows: \u003cbr\u003e\u003cbr\u003e\u003cb\u003eCHECKLIST ID :\u003c/b\u003e \"+str(UNIQUE_ID)+\"\u003cbr\u003e\u003cb\u003eSTATUS : \u003cfont color\u003d\u0027green\u0027\u003e  COMPLETED \u003c/b\u003e\u003cbr\u003e\u003cb\u003eNEXT SHEDULE : \"+NEXT_SHEDULE_DATE+\" \u003c/b\u003e\u003cbr\u003e\u003cbr\u003e\u003c/p\u003e\u003cp1\u003e\u003cfont color\u003d\u0027red\u0027\u003e\u003cb\u003e NOTE: This is an automatically generated email - please do not reply to it.\u003c/b\u003e\u003cp1\u003e\u003c/HTML\u003e\"\n\t\tsystem.net.sendEmail(smtpProfile\u003d\"RANE_MAIL\", fromAddr\u003dFrom, subject\u003dSubject, body\u003dBody, html\u003d1, to\u003dTo, cc\u003dCC)\n\t\tsystem.perspective.closePopup(\u0027SHEDLE_POPUP\u0027)"
                  },
                  "scope": "G",
                  "type": "script"
                }
              }
            },
            "meta": {
              "name": "Summit"
            },
            "position": {
              "basis": "80px"
            },
            "props": {
              "style": {
                "backgroundColor": "#00AC00",
                "fontFamily": "Arial",
                "fontSize": "1.5dvw",
                "paddingBottom": 3,
                "paddingLeft": 5,
                "paddingRight": 5,
                "paddingTop": 3
              },
              "text": "SUMMIT"
            },
            "type": "ia.input.button"
          }
        ],
        "meta": {
          "name": "Summit"
        },
        "propConfig": {
          "position.display": {
            "binding": {
              "config": {
                "expression": "if({../Shedule/SELECTED DATE/DateTime.props.text}!\u003d\u0027\u0027,true,false)"
              },
              "type": "expr"
            }
          }
        },
        "props": {
          "justify": "center",
          "style": {
            "paddingBottom": 2.5,
            "paddingTop": 2.5
          }
        },
        "type": "ia.container.flex"
      }
    ],
    "meta": {
      "name": "root"
    },
    "props": {
      "direction": "column",
      "style": {
        "backgroundColor": "#D5D5D5",
        "paddingBottom": 5,
        "paddingLeft": 5,
        "paddingRight": 5,
        "paddingTop": 5
      }
    },
    "type": "ia.container.flex"
  }
}