{
  "custom": {},
  "params": {},
  "props": {
    "defaultSize": {
      "width": 1451
    }
  },
  "root": {
    "children": [
      {
        "children": [
          {
            "meta": {
              "name": "ProductionScheduler"
            },
            "position": {
              "basis": "675px"
            },
            "props": {
              "style": {
                "color": "#FFFFFF",
                "fontFamily": "Arial",
                "fontSize": "5vmins",
                "fontWeight": "bolder"
              },
              "text": "Downtime Status Progress Bar"
            },
            "type": "ia.display.label"
          },
          {
            "meta": {
              "name": "StartDate"
            },
            "position": {
              "basis": "200px"
            },
            "props": {
              "style": {
                "color": "#FFFFFF",
                "fontFamily": "Arial",
                "fontSize": "3vmin",
                "fontWeight": "bolder",
                "textAlign": "right"
              },
              "text": "Start Date :-"
            },
            "type": "ia.display.label"
          },
          {
            "meta": {
              "name": "StartDateTimeInput"
            },
            "position": {
              "basis": "200px"
            },
            "props": {
              "format": "DD-MM-YYYY",
              "formattedValue": "24-10-2024",
              "inputProps": {
                "style": {
                  "backgroundColor": "#AC5F00",
                  "color": "#FFFFFF",
                  "fontFamily": "Arial",
                  "fontSize": "3vmin",
                  "fontWeight": "bold"
                }
              },
              "style": {
                "fontFamily": "Arial",
                "fontSize": "3vmin",
                "fontWeight": "bolder",
                "textAlign": "center"
              },
              "value": {
                "$": [
                  "ts",
                  0,
                  1732016462584
                ],
                "$ts": 1729708200000
              }
            },
            "type": "ia.input.date-time-input"
          },
          {
            "meta": {
              "name": "EndDate"
            },
            "position": {
              "basis": "200px"
            },
            "props": {
              "style": {
                "color": "#FFFFFF",
                "fontFamily": "Arial",
                "fontSize": "3vmin",
                "fontWeight": "bolder",
                "textAlign": "right"
              },
              "text": "End Date :-"
            },
            "type": "ia.display.label"
          },
          {
            "meta": {
              "name": "EndDateTimeInput"
            },
            "position": {
              "basis": "200px"
            },
            "props": {
              "format": "DD-MM-YYYY",
              "formattedValue": "25-10-2024",
              "inputProps": {
                "style": {
                  "backgroundColor": "#AC5F00",
                  "color": "#FFFFFF",
                  "fontFamily": "Arial",
                  "fontSize": "3vmin",
                  "fontWeight": "bold"
                }
              },
              "style": {
                "textAlign": "center"
              },
              "value": {
                "$": [
                  "ts",
                  0,
                  1732016490601
                ],
                "$ts": 1729794600000
              }
            },
            "type": "ia.input.date-time-input"
          }
        ],
        "meta": {
          "name": "ParameterContainer"
        },
        "position": {
          "basis": "60px"
        },
        "props": {
          "justify": "space-around",
          "style": {
            "backgroundColor": "#000500",
            "overflow": "hidden"
          }
        },
        "type": "ia.container.flex"
      },
      {
        "children": [
          {
            "meta": {
              "name": "EquipmentSchedule"
            },
            "position": {
              "align": "auto",
              "basis": "3000px"
            },
            "propConfig": {
              "props.dateRange.endDate": {
                "binding": {
                  "config": {
                    "path": ".../ParameterContainer/EndDateTimeInput.props.value"
                  },
                  "type": "property"
                }
              },
              "props.dateRange.startDate": {
                "binding": {
                  "config": {
                    "path": ".../ParameterContainer/StartDateTimeInput.props.value"
                  },
                  "type": "property"
                }
              },
              "props.defaultZoom": {
                "access": "PUBLIC"
              },
              "props.downtimeEvents": {
                "binding": {
                  "config": {
                    "parameters": {
                      "endDate": "{.../ParameterContainer/EndDateTimeInput.props.value}",
                      "newValue1": "2",
                      "startDate": "{.../ParameterContainer/StartDateTimeInput.props.value}"
                    },
                    "queryPath": "OEE/MachineStatusbar/GetMachineStatusbar",
                    "returnFormat": "dataset"
                  },
                  "type": "query"
                }
              },
              "props.items": {
                "binding": {
                  "config": {
                    "parameters": {
                      "newValue1": "2"
                    },
                    "queryPath": "OEE/ProductionOFFScheduler/GetMachine",
                    "returnFormat": "json"
                  },
                  "type": "query"
                }
              }
            },
            "props": {
              "addEnabled": false,
              "bodyStyle": {
                "backgroundColor": "#CCCCFF",
                "borderColor": "#000000",
                "borderStyle": "solid"
              },
              "breakEventStyle": {
                "$": [
                  "ds",
                  192,
                  1732018136469
                ],
                "$columns": [
                  {
                    "data": [
                      1001,
                      1001,
                      1001,
                      1001,
                      1001,
                      1001,
                      1001,
                      1001,
                      1001,
                      1001,
                      1001,
                      1001,
                      1001,
                      1001,
                      2001,
                      2001,
                      2001,
                      2001,
                      2001,
                      2001,
                      2001,
                      2001,
                      2001,
                      2001,
                      2001,
                      2001,
                      2001,
                      2001,
                      2001,
                      2001,
                      2001,
                      2001,
                      2001,
                      2001,
                      2001,
                      2001,
                      2001,
                      2001,
                      2001,
                      2001,
                      2001,
                      2001,
                      2001,
                      2001,
                      2001,
                      2001,
                      2001,
                      3003,
                      3003,
                      3003,
                      3003,
                      3003,
                      3003,
                      3003,
                      3003,
                      3003,
                      3003,
                      3003,
                      3003,
                      3003,
                      3003,
                      3003,
                      3003,
                      3003,
                      3003,
                      3003,
                      3003,
                      3003,
                      3003,
                      3003,
                      3003,
                      3003,
                      3003,
                      3003,
                      3003,
                      3002,
                      3002,
                      3002,
                      3002,
                      3002,
                      3002,
                      3002,
                      3002,
                      3002,
                      3002,
                      3002,
                      3002,
                      3002,
                      3002,
                      3002,
                      3002,
                      3002,
                      3002,
                      3002,
                      3002,
                      3002,
                      3002,
                      3002,
                      3002,
                      3002,
                      3002,
                      3002,
                      3002,
                      3002,
                      3002,
                      3001,
                      3001,
                      3001,
                      3001,
                      3001,
                      3001,
                      3001,
                      3001,
                      3001,
                      3001,
                      3001,
                      4001,
                      4001,
                      4001,
                      4001,
                      4001,
                      4001,
                      4001,
                      4001,
                      4001,
                      4001,
                      4001,
                      4001,
                      4001,
                      4001,
                      4001,
                      4001,
                      4001,
                      4001,
                      4001,
                      4001,
                      5001,
                      5001,
                      5001,
                      5001,
                      5001,
                      5001,
                      5001,
                      5001,
                      5001,
                      5001,
                      5001,
                      5001,
                      5001,
                      5001,
                      5001,
                      5001,
                      5001,
                      6001,
                      6001,
                      6001,
                      6001,
                      6001,
                      6001,
                      6001,
                      6001,
                      6001,
                      6001,
                      6001,
                      6001,
                      6001,
                      6001,
                      6001,
                      6001,
                      6001,
                      6001,
                      6001,
                      6001,
                      6001,
                      6001,
                      6001,
                      6001,
                      6001,
                      6001,
                      6001,
                      6001,
                      6001,
                      7002,
                      7002,
                      7002,
                      7002,
                      7002,
                      7002,
                      7002,
                      7002,
                      7002,
                      7002,
                      7002,
                      7002,
                      7002,
                      7002,
                      7002,
                      7002,
                      7001,
                      7001,
                      7001,
                      7001,
                      7001,
                      7001,
                      7001,
                      7001,
                      7001,
                      7001,
                      7001,
                      7001,
                      7001,
                      7001,
                      7001,
                      7001,
                      7001,
                      7001,
                      7001,
                      8004,
                      8004,
                      8004,
                      8004,
                      8004,
                      8004,
                      8004,
                      8004,
                      8004,
                      8004,
                      8004,
                      8004,
                      8004,
                      8004,
                      8004,
                      8004,
                      8004,
                      8004,
                      8004,
                      8004,
                      8004,
                      9001,
                      9001,
                      9001,
                      9001,
                      10001,
                      10001,
                      10001,
                      10001,
                      10001,
                      10001,
                      10001,
                      10001,
                      10001,
                      10001,
                      11001,
                      11001,
                      11001
                    ],
                    "name": "itemId",
                    "type": "Integer"
                  },
                  {
                    "data": [
                      2136766,
                      2136872,
                      2136663,
                      2137195,
                      2137238,
                      2136731,
                      2137063,
                      2136963,
                      2137183,
                      2136642,
                      2137122,
                      2135739,
                      2137002,
                      2137159,
                      2137199,
                      2136306,
                      2135871,
                      2136386,
                      2137005,
                      2137114,
                      2136435,
                      2136584,
                      2137288,
                      2135740,
                      2136241,
                      2136358,
                      2136636,
                      2135706,
                      2136685,
                      2136768,
                      2136862,
                      2136925,
                      2137057,
                      2136794,
                      2136101,
                      2137209,
                      2137166,
                      2137175,
                      2136829,
                      2135907,
                      2137081,
                      2136549,
                      2135965,
                      2137190,
                      2136185,
                      2136961,
                      2136878,
                      2136898,
                      2136208,
                      2136858,
                      2136632,
                      2136758,
                      2136806,
                      2135936,
                      2137287,
                      2135727,
                      2135813,
                      2137258,
                      2137301,
                      2135881,
                      2136949,
                      2136159,
                      2136379,
                      2137017,
                      2136233,
                      2136736,
                      2136662,
                      2136828,
                      2136527,
                      2137062,
                      2136289,
                      2137225,
                      2136467,
                      2137154,
                      2137239,
                      2136240,
                      2136638,
                      2137285,
                      2137056,
                      2136203,
                      2136962,
                      2137079,
                      2136487,
                      2135720,
                      2136765,
                      2137243,
                      2136871,
                      2136719,
                      2136802,
                      2135889,
                      2136330,
                      2136130,
                      2136078,
                      2137006,
                      2135833,
                      2136832,
                      2137161,
                      2137201,
                      2137273,
                      2136543,
                      2136274,
                      2137210,
                      2137233,
                      2135953,
                      2137038,
                      2136629,
                      2136609,
                      2136686,
                      2137060,
                      2135764,
                      2136888,
                      2136857,
                      2136937,
                      2136976,
                      2135708,
                      2136767,
                      2136232,
                      2136604,
                      2136667,
                      2137300,
                      2136312,
                      2137194,
                      2136707,
                      2136635,
                      2135984,
                      2135709,
                      2137157,
                      2136545,
                      2136090,
                      2136356,
                      2137261,
                      2137241,
                      2136749,
                      2137121,
                      2137290,
                      2136466,
                      2135962,
                      2136660,
                      2136746,
                      2136634,
                      2136336,
                      2136158,
                      2136919,
                      2136186,
                      2136295,
                      2136830,
                      2137065,
                      2135705,
                      2135863,
                      2135906,
                      2136713,
                      2136948,
                      2136547,
                      2136831,
                      2136544,
                      2136335,
                      2137271,
                      2136120,
                      2135814,
                      2135885,
                      2136243,
                      2136369,
                      2136492,
                      2136764,
                      2137282,
                      2137302,
                      2137163,
                      2136865,
                      2136665,
                      2135783,
                      2136293,
                      2136651,
                      2137218,
                      2137198,
                      2136886,
                      2135707,
                      2137173,
                      2137247,
                      2136045,
                      2137047,
                      2136938,
                      2137021,
                      2136108,
                      2135710,
                      2136995,
                      2136935,
                      2137061,
                      2136528,
                      2136385,
                      2136502,
                      2136657,
                      2137009,
                      2135918,
                      2136287,
                      2136884,
                      2136192,
                      2136779,
                      2136716,
                      2136968,
                      2136882,
                      2136905,
                      2135743,
                      2136630,
                      2136496,
                      2135940,
                      2136950,
                      2136827,
                      2136406,
                      2135866,
                      2136582,
                      2136668,
                      2136720,
                      2136763,
                      2136351,
                      2137007,
                      2136294,
                      2137064,
                      2136214,
                      2137024,
                      2136091,
                      2136583,
                      2135704,
                      2136548,
                      2136846,
                      2136333,
                      2136628,
                      2136980,
                      2136027,
                      2136868,
                      2136877,
                      2135908,
                      2135794,
                      2136266,
                      2136656,
                      2136753,
                      2136799,
                      2137059,
                      2136936,
                      2135798,
                      2135987,
                      2135712,
                      2135862,
                      2136400,
                      2136188,
                      2135993,
                      2136308,
                      2136331,
                      2135752,
                      2136479,
                      2135711,
                      2136238,
                      2135912,
                      2135760,
                      2136552,
                      2137058
                    ],
                    "name": "eventId",
                    "type": "Integer"
                  },
                  {
                    "data": [
                      11.066666666666666,
                      14.866666666666667,
                      15.333333333333334,
                      13,
                      13.883333333333333,
                      15.616666666666667,
                      6.383333333333334,
                      2.75,
                      25.35,
                      23.583333333333332,
                      30.733333333333334,
                      23.866666666666667,
                      15.2,
                      15.616666666666667,
                      13.9,
                      25.316666666666666,
                      29.883333333333333,
                      16.366666666666667,
                      15.25,
                      15.45,
                      6.066666666666666,
                      0,
                      3.9833333333333334,
                      12.016666666666667,
                      12.783333333333333,
                      0,
                      0,
                      0,
                      23.516666666666666,
                      10.933333333333334,
                      30.516666666666666,
                      1.8333333333333333,
                      0,
                      14.766666666666667,
                      26.233333333333334,
                      13.183333333333334,
                      28.816666666666666,
                      11.55,
                      0,
                      13.316666666666666,
                      13.783333333333333,
                      11.75,
                      15.183333333333334,
                      26.5,
                      9.716666666666667,
                      23.816666666666666,
                      12.95,
                      15.6,
                      10.166666666666666,
                      0.6833333333333333,
                      5.75,
                      11.266666666666667,
                      11.516666666666667,
                      15.616666666666667,
                      0,
                      0,
                      12.166666666666666,
                      13.966666666666667,
                      0,
                      13.6,
                      3.0833333333333335,
                      11.516666666666667,
                      4.566666666666666,
                      15.433333333333334,
                      9.7,
                      5.833333333333333,
                      15.6,
                      0,
                      0.85,
                      3.683333333333333,
                      11.433333333333334,
                      15.516666666666667,
                      9.55,
                      15.616666666666667,
                      11.05,
                      10.2,
                      3.6333333333333333,
                      15.583333333333334,
                      6.15,
                      15.183333333333334,
                      4.7,
                      0,
                      14.966666666666667,
                      13.316666666666666,
                      11.15,
                      0,
                      26.183333333333334,
                      13.85,
                      3.9166666666666665,
                      15.516666666666667,
                      0,
                      13.766666666666667,
                      10.9,
                      15.183333333333334,
                      13.183333333333334,
                      0,
                      15.616666666666667,
                      0,
                      13.9,
                      5.883333333333334,
                      13.116666666666667,
                      0,
                      3.5833333333333335,
                      26.25,
                      15.433333333333334,
                      0,
                      10.083333333333334,
                      28.15,
                      23.416666666666668,
                      23.433333333333334,
                      13.916666666666666,
                      20.833333333333332,
                      11.566666666666666,
                      15.1,
                      0.75,
                      2.8666666666666667,
                      12.833333333333334,
                      13.266666666666667,
                      9.333333333333334,
                      0,
                      11.05,
                      15.616666666666667,
                      15.433333333333334,
                      7.1,
                      14.266666666666667,
                      0.3333333333333333,
                      15.45,
                      7.333333333333333,
                      12.433333333333334,
                      24.233333333333334,
                      9.333333333333334,
                      13.883333333333333,
                      5.083333333333333,
                      15.516666666666667,
                      0,
                      25.666666666666668,
                      27.116666666666667,
                      13.133333333333333,
                      13.45,
                      6.9,
                      0,
                      3.8333333333333335,
                      30.233333333333334,
                      12.8,
                      4.633333333333334,
                      0.05,
                      8.05,
                      0.3333333333333333,
                      20.816666666666666,
                      13.4,
                      11.433333333333334,
                      8.266666666666667,
                      2.6,
                      0,
                      11.933333333333334,
                      0,
                      13.65,
                      13.183333333333334,
                      23.383333333333333,
                      13.983333333333333,
                      12.833333333333334,
                      16.933333333333334,
                      13.933333333333334,
                      8.066666666666666,
                      13.966666666666667,
                      0,
                      27.066666666666666,
                      29.133333333333333,
                      12.433333333333334,
                      11.366666666666667,
                      3.3,
                      18.833333333333332,
                      6.066666666666666,
                      14.266666666666667,
                      13.35,
                      0,
                      12.283333333333333,
                      26.766666666666666,
                      16.95,
                      11.166666666666666,
                      2.6333333333333333,
                      14.95,
                      15.35,
                      0.25,
                      11.066666666666666,
                      9.566666666666666,
                      0,
                      0.016666666666666666,
                      0.016666666666666666,
                      0,
                      15.4,
                      8.066666666666666,
                      11.633333333333333,
                      8.066666666666666,
                      13.833333333333334,
                      13.616666666666667,
                      23.633333333333333,
                      15.2,
                      12.783333333333333,
                      12.383333333333333,
                      27.066666666666666,
                      16.633333333333333,
                      3.216666666666667,
                      13.666666666666666,
                      9.716666666666667,
                      2.65,
                      0,
                      23.466666666666665,
                      16.95,
                      0,
                      6.933333333333334,
                      2.3666666666666667,
                      4.433333333333334,
                      16.35,
                      23.083333333333332,
                      10.983333333333333,
                      5.266666666666667,
                      15.616666666666667,
                      0,
                      15.616666666666667,
                      0,
                      0.3333333333333333,
                      14.916666666666666,
                      15.616666666666667,
                      4.55,
                      10.633333333333333,
                      31.05,
                      13.916666666666666,
                      28.966666666666665,
                      13.883333333333333,
                      13.15,
                      13.916666666666666,
                      4.5,
                      9.466666666666667,
                      10.983333333333333,
                      2.4166666666666665,
                      0,
                      0,
                      12.516666666666667,
                      2.4166666666666665,
                      0,
                      4.35,
                      4.766666666666667,
                      7.866666666666666,
                      7.383333333333334,
                      4.733333333333333,
                      0,
                      10.333333333333334,
                      0,
                      0,
                      10.25,
                      9.983333333333333,
                      0,
                      0,
                      0
                    ],
                    "name": "label",
                    "type": "Double"
                  },
                  {
                    "data": [
                      "2024-10-24 17:00:00",
                      "2024-10-24 18:44:59",
                      "2024-10-24 15:29:59",
                      "2024-10-24 01:44:59",
                      "2024-10-24 02:59:59",
                      "2024-10-24 16:29:59",
                      "2024-10-24 22:06:21",
                      "2024-10-24 20:00:00",
                      "2024-10-24 00:59:59",
                      "2024-10-24 14:59:59",
                      "2024-10-24 23:15:00",
                      "2024-10-24 06:00:12",
                      "2024-10-24 21:14:59",
                      "2024-10-24 00:29:59",
                      "2024-10-24 01:44:59",
                      "2024-10-24 11:30:00",
                      "2024-10-24 07:30:00",
                      "2024-10-24 12:33:29",
                      "2024-10-24 21:14:59",
                      "2024-10-24 23:14:59",
                      "2024-10-24 13:06:08",
                      "2024-10-24 14:30:12",
                      "2024-10-24 04:14:59",
                      "2024-10-24 06:29:59",
                      "2024-10-24 11:00:00",
                      "2024-10-24 12:01:00",
                      "2024-10-24 14:59:59",
                      "2024-10-24 06:00:12",
                      "2024-10-24 15:34:26",
                      "2024-10-24 17:00:00",
                      "2024-10-24 18:30:00",
                      "2024-10-24 19:30:00",
                      "2024-10-24 21:59:59",
                      "2024-10-24 17:29:59",
                      "2024-10-24 09:30:00",
                      "2024-10-24 02:00:00",
                      "2024-10-24 00:29:59",
                      "2024-10-24 00:59:59",
                      "2024-10-24 18:00:00",
                      "2024-10-24 07:59:59",
                      "2024-10-24 22:30:07",
                      "2024-10-24 14:00:00",
                      "2024-10-24 08:29:59",
                      "2024-10-24 01:15:00",
                      "2024-10-24 10:00:00",
                      "2024-10-24 20:15:00",
                      "2024-10-24 18:59:59",
                      "2024-10-24 19:14:59",
                      "2024-10-24 10:44:59",
                      "2024-10-24 18:30:00",
                      "2024-10-24 15:00:01",
                      "2024-10-24 16:59:59",
                      "2024-10-24 17:44:59",
                      "2024-10-24 08:14:59",
                      "2024-10-24 03:59:59",
                      "2024-10-24 06:00:12",
                      "2024-10-24 07:00:00",
                      "2024-10-24 03:15:00",
                      "2024-10-24 04:59:59",
                      "2024-10-24 07:44:59",
                      "2024-10-24 19:59:59",
                      "2024-10-24 10:14:59",
                      "2024-10-24 12:07:01",
                      "2024-10-24 21:29:59",
                      "2024-10-24 11:00:01",
                      "2024-10-24 16:29:59",
                      "2024-10-24 15:29:59",
                      "2024-10-24 18:00:00",
                      "2024-10-24 14:00:00",
                      "2024-10-24 22:03:43",
                      "2024-10-24 11:29:59",
                      "2024-10-24 02:14:59",
                      "2024-10-24 13:29:59",
                      "2024-10-24 00:14:59",
                      "2024-10-24 02:59:59",
                      "2024-10-24 11:00:01",
                      "2024-10-24 14:59:59",
                      "2024-10-24 04:29:59",
                      "2024-10-24 22:00:00",
                      "2024-10-24 10:44:59",
                      "2024-10-24 19:59:59",
                      "2024-10-24 22:30:13",
                      "2024-10-24 13:44:59",
                      "2024-10-24 06:14:59",
                      "2024-10-24 17:00:00",
                      "2024-10-24 03:00:00",
                      "2024-10-24 18:30:00",
                      "2024-10-24 16:15:00",
                      "2024-10-24 17:19:39",
                      "2024-10-24 07:44:59",
                      "2024-10-24 12:00:58",
                      "2024-10-24 09:59:59",
                      "2024-10-24 09:29:59",
                      "2024-10-24 21:14:59",
                      "2024-10-24 07:14:59",
                      "2024-10-24 18:00:00",
                      "2024-10-24 00:29:59",
                      "2024-10-24 00:59:59",
                      "2024-10-24 03:59:59",
                      "2024-10-24 14:00:00",
                      "2024-10-24 11:29:59",
                      "2024-10-24 02:00:00",
                      "2024-10-24 02:29:59",
                      "2024-10-24 08:14:59",
                      "2024-10-24 21:44:59",
                      "2024-10-24 15:00:01",
                      "2024-10-24 14:44:59",
                      "2024-10-24 15:29:59",
                      "2024-10-24 21:59:59",
                      "2024-10-24 06:30:00",
                      "2024-10-24 18:59:59",
                      "2024-10-24 18:15:00",
                      "2024-10-24 19:59:59",
                      "2024-10-24 20:44:59",
                      "2024-10-24 06:00:12",
                      "2024-10-24 17:00:00",
                      "2024-10-24 11:00:01",
                      "2024-10-24 14:40:15",
                      "2024-10-24 15:29:59",
                      "2024-10-24 05:00:00",
                      "2024-10-24 11:30:00",
                      "2024-10-24 01:44:59",
                      "2024-10-24 16:14:59",
                      "2024-10-24 14:59:59",
                      "2024-10-24 08:29:59",
                      "2024-10-24 06:00:12",
                      "2024-10-24 00:29:59",
                      "2024-10-24 13:59:59",
                      "2024-10-24 09:44:59",
                      "2024-10-24 12:01:31",
                      "2024-10-24 03:15:00",
                      "2024-10-24 02:59:59",
                      "2024-10-24 16:30:00",
                      "2024-10-24 23:29:59",
                      "2024-10-24 03:59:59",
                      "2024-10-24 13:15:00",
                      "2024-10-24 08:15:00",
                      "2024-10-24 15:29:59",
                      "2024-10-24 16:40:12",
                      "2024-10-24 14:59:59",
                      "2024-10-24 12:00:58",
                      "2024-10-24 10:14:59",
                      "2024-10-24 19:15:00",
                      "2024-10-24 10:30:06",
                      "2024-10-24 11:15:57",
                      "2024-10-24 18:00:00",
                      "2024-10-24 21:59:59",
                      "2024-10-24 06:00:12",
                      "2024-10-24 07:30:00",
                      "2024-10-24 07:59:59",
                      "2024-10-24 16:14:59",
                      "2024-10-24 20:14:59",
                      "2024-10-24 14:00:00",
                      "2024-10-24 18:00:00",
                      "2024-10-24 14:00:00",
                      "2024-10-24 12:00:58",
                      "2024-10-24 03:59:59",
                      "2024-10-24 09:59:59",
                      "2024-10-24 07:00:00",
                      "2024-10-24 07:44:59",
                      "2024-10-24 11:00:02",
                      "2024-10-24 12:25:21",
                      "2024-10-24 13:44:59",
                      "2024-10-24 16:59:59",
                      "2024-10-24 04:29:59",
                      "2024-10-24 05:00:00",
                      "2024-10-24 00:29:59",
                      "2024-10-24 18:30:00",
                      "2024-10-24 15:29:59",
                      "2024-10-24 06:44:59",
                      "2024-10-24 11:30:01",
                      "2024-10-24 14:59:59",
                      "2024-10-24 02:00:00",
                      "2024-10-24 01:44:59",
                      "2024-10-24 18:59:59",
                      "2024-10-24 06:00:12",
                      "2024-10-24 00:59:59",
                      "2024-10-24 02:59:59",
                      "2024-10-24 09:11:21",
                      "2024-10-24 21:59:59",
                      "2024-10-24 19:59:59",
                      "2024-10-24 21:29:59",
                      "2024-10-24 09:44:59",
                      "2024-10-24 06:00:12",
                      "2024-10-24 20:59:59",
                      "2024-10-24 19:59:59",
                      "2024-10-24 21:59:59",
                      "2024-10-24 14:00:00",
                      "2024-10-24 12:04:41",
                      "2024-10-24 13:06:59",
                      "2024-10-24 15:29:59",
                      "2024-10-24 21:15:00",
                      "2024-10-24 07:59:59",
                      "2024-10-24 11:44:59",
                      "2024-10-24 18:59:59",
                      "2024-10-24 10:44:59",
                      "2024-10-24 16:59:59",
                      "2024-10-24 16:14:59",
                      "2024-10-24 20:43:36",
                      "2024-10-24 18:59:59",
                      "2024-10-24 19:15:00",
                      "2024-10-24 06:14:59",
                      "2024-10-24 14:59:59",
                      "2024-10-24 13:44:59",
                      "2024-10-24 08:14:59",
                      "2024-10-24 19:59:59",
                      "2024-10-24 17:59:59",
                      "2024-10-24 12:30:00",
                      "2024-10-24 07:30:00",
                      "2024-10-24 14:30:11",
                      "2024-10-24 15:29:59",
                      "2024-10-24 15:59:59",
                      "2024-10-24 16:59:59",
                      "2024-10-24 12:07:09",
                      "2024-10-24 21:00:00",
                      "2024-10-24 11:44:59",
                      "2024-10-24 22:14:59",
                      "2024-10-24 10:44:59",
                      "2024-10-24 21:00:01",
                      "2024-10-24 09:44:59",
                      "2024-10-24 14:30:11",
                      "2024-10-24 06:00:12",
                      "2024-10-24 14:14:59",
                      "2024-10-24 18:14:59",
                      "2024-10-24 12:01:35",
                      "2024-10-24 14:59:59",
                      "2024-10-24 20:23:26",
                      "2024-10-24 08:59:59",
                      "2024-10-24 18:30:01",
                      "2024-10-24 18:59:59",
                      "2024-10-24 07:59:59",
                      "2024-10-24 06:59:59",
                      "2024-10-24 11:15:58",
                      "2024-10-24 15:29:59",
                      "2024-10-24 16:44:59",
                      "2024-10-24 17:30:00",
                      "2024-10-24 21:59:59",
                      "2024-10-24 19:59:59",
                      "2024-10-24 06:59:59",
                      "2024-10-24 08:15:00",
                      "2024-10-24 06:00:12",
                      "2024-10-24 07:15:00",
                      "2024-10-24 12:22:29",
                      "2024-10-24 10:29:59",
                      "2024-10-24 08:44:59",
                      "2024-10-24 11:32:57",
                      "2024-10-24 12:01:00",
                      "2024-10-24 06:30:00",
                      "2024-10-24 13:00:01",
                      "2024-10-24 06:00:07",
                      "2024-10-24 11:00:01",
                      "2024-10-24 07:59:59",
                      "2024-10-24 06:00:07",
                      "2024-10-24 06:59:59",
                      "2024-10-24 14:30:01"
                    ],
                    "name": "startDate",
                    "type": "String"
                  },
                  {
                    "data": [
                      "2024-10-24 17:21:52",
                      "2024-10-24 19:00:00",
                      "2024-10-24 15:45:00",
                      "2024-10-24 02:00:00",
                      "2024-10-24 03:15:00",
                      "2024-10-24 16:45:00",
                      "2024-10-24 22:30:01",
                      "2024-10-24 20:47:14",
                      "2024-10-24 01:30:00",
                      "2024-10-24 15:29:59",
                      "2024-10-24 23:45:00",
                      "2024-10-24 06:45:00",
                      "2024-10-24 21:30:00",
                      "2024-10-24 00:45:00",
                      "2024-10-24 02:00:00",
                      "2024-10-24 12:01:00",
                      "2024-10-24 07:59:59",
                      "2024-10-24 13:00:00",
                      "2024-10-24 21:30:00",
                      "2024-10-24 23:30:00",
                      "2024-10-24 13:23:06",
                      "2024-10-24 14:51:24",
                      "2024-10-24 04:59:59",
                      "2024-10-24 06:45:00",
                      "2024-10-24 11:24:14",
                      "2024-10-24 12:33:29",
                      "2024-10-24 15:23:42",
                      "2024-10-24 06:18:09",
                      "2024-10-24 16:00:01",
                      "2024-10-24 17:27:46",
                      "2024-10-24 18:59:59",
                      "2024-10-24 20:00:00",
                      "2024-10-24 22:30:01",
                      "2024-10-24 17:45:00",
                      "2024-10-24 10:00:00",
                      "2024-10-24 02:20:17",
                      "2024-10-24 00:59:59",
                      "2024-10-24 01:15:00",
                      "2024-10-24 18:19:07",
                      "2024-10-24 08:15:00",
                      "2024-10-24 22:59:59",
                      "2024-10-24 14:30:01",
                      "2024-10-24 08:45:00",
                      "2024-10-24 01:44:59",
                      "2024-10-24 10:48:52",
                      "2024-10-24 20:45:00",
                      "2024-10-24 19:15:00",
                      "2024-10-24 19:30:00",
                      "2024-10-24 11:00:01",
                      "2024-10-24 18:47:05",
                      "2024-10-24 15:20:31",
                      "2024-10-24 17:15:14",
                      "2024-10-24 18:00:00",
                      "2024-10-24 08:30:00",
                      "2024-10-24 04:59:59",
                      "2024-10-24 06:37:13",
                      "2024-10-24 07:25:47",
                      "2024-10-24 03:59:59",
                      "2024-10-24 05:38:15",
                      "2024-10-24 08:00:00",
                      "2024-10-24 20:40:40",
                      "2024-10-24 10:32:38",
                      "2024-10-24 12:48:52",
                      "2024-10-24 21:45:00",
                      "2024-10-24 11:16:00",
                      "2024-10-24 16:45:31",
                      "2024-10-24 15:45:00",
                      "2024-10-24 18:18:28",
                      "2024-10-24 14:16:53",
                      "2024-10-24 22:30:01",
                      "2024-10-24 12:00:58",
                      "2024-10-24 02:50:45",
                      "2024-10-24 13:45:00",
                      "2024-10-24 00:30:00",
                      "2024-10-24 03:15:00",
                      "2024-10-24 11:21:30",
                      "2024-10-24 15:24:22",
                      "2024-10-24 04:45:00",
                      "2024-10-24 22:30:01",
                      "2024-10-24 11:00:01",
                      "2024-10-24 20:45:53",
                      "2024-10-24 22:46:05",
                      "2024-10-24 14:00:00",
                      "2024-10-24 06:30:00",
                      "2024-10-24 17:19:39",
                      "2024-10-24 03:28:15",
                      "2024-10-24 19:00:00",
                      "2024-10-24 16:34:08",
                      "2024-10-24 18:00:00",
                      "2024-10-24 08:00:00",
                      "2024-10-24 12:20:15",
                      "2024-10-24 10:15:00",
                      "2024-10-24 09:45:00",
                      "2024-10-24 21:30:00",
                      "2024-10-24 07:30:00",
                      "2024-10-24 18:22:50",
                      "2024-10-24 00:45:01",
                      "2024-10-24 02:00:00",
                      "2024-10-24 04:15:00",
                      "2024-10-24 14:30:01",
                      "2024-10-24 11:45:00",
                      "2024-10-24 02:29:44",
                      "2024-10-24 03:00:00",
                      "2024-10-24 08:45:00",
                      "2024-10-24 22:00:00",
                      "2024-10-24 15:17:13",
                      "2024-10-24 15:00:01",
                      "2024-10-24 16:00:01",
                      "2024-10-24 22:30:01",
                      "2024-10-24 07:00:00",
                      "2024-10-24 19:15:00",
                      "2024-10-24 18:45:00",
                      "2024-10-24 20:24:57",
                      "2024-10-24 21:00:00",
                      "2024-10-24 06:20:15",
                      "2024-10-24 17:22:47",
                      "2024-10-24 11:16:00",
                      "2024-10-24 14:59:59",
                      "2024-10-24 15:46:51",
                      "2024-10-24 05:37:38",
                      "2024-10-24 12:01:00",
                      "2024-10-24 02:00:00",
                      "2024-10-24 16:30:00",
                      "2024-10-24 15:22:14",
                      "2024-10-24 09:00:00",
                      "2024-10-24 06:20:49",
                      "2024-10-24 00:45:00",
                      "2024-10-24 14:30:01",
                      "2024-10-24 10:00:00",
                      "2024-10-24 12:30:01",
                      "2024-10-24 03:59:59",
                      "2024-10-24 03:15:00",
                      "2024-10-24 17:00:00",
                      "2024-10-24 23:45:00",
                      "2024-10-24 05:00:00",
                      "2024-10-24 13:45:00",
                      "2024-10-24 08:45:00",
                      "2024-10-24 15:45:00",
                      "2024-10-24 17:00:00",
                      "2024-10-24 15:21:50",
                      "2024-10-24 12:26:57",
                      "2024-10-24 10:30:06",
                      "2024-10-24 19:59:59",
                      "2024-10-24 10:50:46",
                      "2024-10-24 12:00:58",
                      "2024-10-24 18:19:53",
                      "2024-10-24 22:30:01",
                      "2024-10-24 06:17:35",
                      "2024-10-24 07:58:27",
                      "2024-10-24 08:15:00",
                      "2024-10-24 16:30:00",
                      "2024-10-24 20:31:32",
                      "2024-10-24 14:30:01",
                      "2024-10-24 18:20:28",
                      "2024-10-24 14:30:01",
                      "2024-10-24 12:25:21",
                      "2024-10-24 04:15:00",
                      "2024-10-24 10:15:00",
                      "2024-10-24 07:29:59",
                      "2024-10-24 08:00:00",
                      "2024-10-24 11:24:36",
                      "2024-10-24 12:45:00",
                      "2024-10-24 14:00:00",
                      "2024-10-24 17:17:37",
                      "2024-10-24 04:45:00",
                      "2024-10-24 05:43:36",
                      "2024-10-24 00:59:59",
                      "2024-10-24 18:59:59",
                      "2024-10-24 15:45:00",
                      "2024-10-24 07:00:00",
                      "2024-10-24 12:00:58",
                      "2024-10-24 15:29:59",
                      "2024-10-24 02:31:59",
                      "2024-10-24 02:00:00",
                      "2024-10-24 19:15:00",
                      "2024-10-24 06:19:44",
                      "2024-10-24 01:15:00",
                      "2024-10-24 03:30:00",
                      "2024-10-24 09:30:00",
                      "2024-10-24 22:28:50",
                      "2024-10-24 20:28:03",
                      "2024-10-24 21:45:00",
                      "2024-10-24 10:00:00",
                      "2024-10-24 06:23:19",
                      "2024-10-24 21:15:00",
                      "2024-10-24 20:15:00",
                      "2024-10-24 22:30:01",
                      "2024-10-24 14:19:43",
                      "2024-10-24 13:00:00",
                      "2024-10-24 14:00:00",
                      "2024-10-24 15:45:00",
                      "2024-10-24 21:33:30",
                      "2024-10-24 08:15:00",
                      "2024-10-24 12:00:57",
                      "2024-10-24 19:15:00",
                      "2024-10-24 11:00:00",
                      "2024-10-24 17:30:00",
                      "2024-10-24 16:30:00",
                      "2024-10-24 21:00:00",
                      "2024-10-24 19:15:00",
                      "2024-10-24 19:45:00",
                      "2024-10-24 06:45:00",
                      "2024-10-24 15:17:24",
                      "2024-10-24 14:00:00",
                      "2024-10-24 08:30:00",
                      "2024-10-24 20:43:36",
                      "2024-10-24 18:16:08",
                      "2024-10-24 13:00:01",
                      "2024-10-24 07:59:59",
                      "2024-10-24 14:47:36",
                      "2024-10-24 15:51:24",
                      "2024-10-24 16:37:46",
                      "2024-10-24 17:17:22",
                      "2024-10-24 12:30:00",
                      "2024-10-24 21:30:00",
                      "2024-10-24 12:00:58",
                      "2024-10-24 22:30:01",
                      "2024-10-24 11:00:02",
                      "2024-10-24 21:59:59",
                      "2024-10-24 10:00:00",
                      "2024-10-24 14:48:44",
                      "2024-10-24 06:16:07",
                      "2024-10-24 14:30:01",
                      "2024-10-24 18:30:01",
                      "2024-10-24 12:24:32",
                      "2024-10-24 15:15:01",
                      "2024-10-24 21:00:01",
                      "2024-10-24 09:15:00",
                      "2024-10-24 18:59:59",
                      "2024-10-24 19:15:00",
                      "2024-10-24 08:15:00",
                      "2024-10-24 07:15:00",
                      "2024-10-24 11:32:44",
                      "2024-10-24 15:45:00",
                      "2024-10-24 17:00:00",
                      "2024-10-24 17:53:43",
                      "2024-10-24 22:30:01",
                      "2024-10-24 20:23:26",
                      "2024-10-24 07:15:00",
                      "2024-10-24 09:00:00",
                      "2024-10-24 06:28:35",
                      "2024-10-24 07:45:22",
                      "2024-10-24 13:00:01",
                      "2024-10-24 10:58:03",
                      "2024-10-24 09:00:00",
                      "2024-10-24 12:01:00",
                      "2024-10-24 12:22:29",
                      "2024-10-24 06:59:00",
                      "2024-10-24 13:49:31",
                      "2024-10-24 06:26:13",
                      "2024-10-24 11:18:55",
                      "2024-10-24 08:15:00",
                      "2024-10-24 06:59:59",
                      "2024-10-24 14:30:01",
                      "2024-10-24 22:30:01"
                    ],
                    "name": "endDate",
                    "type": "String"
                  },
                  {
                    "data": [
                      0,
                      0,
                      0,
                      0,
                      0,
                      0,
                      0,
                      0,
                      0,
                      0,
                      0,
                      0,
                      0,
                      0,
                      0,
                      0,
                      0,
                      0,
                      0,
                      0,
                      0,
                      0,
                      0,
                      0,
                      0,
                      0,
                      0,
                      0,
                      0,
                      0,
                      0,
                      0,
                      0,
                      0,
                      0,
                      0,
                      0,
                      0,
                      0,
                      0,
                      0,
                      0,
                      0,
                      0,
                      0,
                      0,
                      0,
                      0,
                      0,
                      0,
                      0,
                      0,
                      0,
                      0,
                      0,
                      0,
                      0,
                      0,
                      0,
                      0,
                      0,
                      0,
                      0,
                      0,
                      0,
                      0,
                      0,
                      0,
                      0,
                      0,
                      0,
                      0,
                      0,
                      0,
                      0,
                      0,
                      0,
                      0,
                      0,
                      0,
                      0,
                      0,
                      0,
                      0,
                      0,
                      0,
                      0,
                      0,
                      0,
                      0,
                      0,
                      0,
                      0,
                      0,
                      0,
                      0,
                      0,
                      0,
                      0,
                      0,
                      0,
                      0,
                      0,
                      0,
                      0,
                      0,
                      0,
                      0,
                      0,
                      0,
                      0,
                      0,
                      0,
                      0,
                      0,
                      0,
                      0,
                      0,
                      0,
                      0,
                      0,
                      0,
                      0,
                      0,
                      0,
                      0,
                      0,
                      0,
                      0,
                      0,
                      0,
                      0,
                      0,
                      0,
                      0,
                      0,
                      0,
                      0,
                      0,
                      0,
                      0,
                      0,
                      0,
                      0,
                      0,
                      0,
                      0,
                      0,
                      0,
                      0,
                      0,
                      0,
                      0,
                      0,
                      0,
                      0,
                      0,
                      0,
                      0,
                      0,
                      0,
                      0,
                      0,
                      0,
                      0,
                      0,
                      0,
                      0,
                      0,
                      0,
                      0,
                      0,
                      0,
                      0,
                      0,
                      0,
                      0,
                      0,
                      0,
                      0,
                      0,
                      0,
                      0,
                      0,
                      0,
                      0,
                      0,
                      0,
                      0,
                      0,
                      0,
                      0,
                      0,
                      0,
                      0,
                      0,
                      0,
                      0,
                      0,
                      0,
                      0,
                      0,
                      0,
                      0,
                      0,
                      0,
                      0,
                      0,
                      0,
                      0,
                      0,
                      0,
                      0,
                      0,
                      0,
                      0,
                      0,
                      0,
                      0,
                      0,
                      0,
                      0,
                      0,
                      0,
                      0,
                      0,
                      0,
                      0,
                      0,
                      0,
                      0,
                      0,
                      0,
                      0,
                      0,
                      0,
                      0,
                      0,
                      0,
                      0,
                      0,
                      0,
                      0,
                      0,
                      0,
                      0,
                      0,
                      0,
                      0,
                      0,
                      0,
                      0,
                      0,
                      0,
                      0
                    ],
                    "name": "leadTime",
                    "type": "Integer"
                  }
                ]
              },
              "currentTimeIndicator": {
                "color": "#0000D9",
                "width": 3
              },
              "dateRange": {},
              "defaultZoom": "day",
              "deleteEnabled": false,
              "downtimeEventStyle": {
                "backgroundColor": "#D90000",
                "borderColor": "#000000",
                "borderStyle": "none",
                "borderWidth": 2,
                "captionSide": "top",
                "outlineColor": "#D90000",
                "outlineStyle": "none"
              },
              "headerStyles": {
                "primaryHeaderStyle": {
                  "backgroundColor": "#2B2B2B",
                  "color": "#FFFFFF",
                  "fontFamily": "Arial",
                  "fontSize": 26,
                  "fontWeight": "bolder"
                },
                "secondaryHeaderStyle": {
                  "backgroundColor": "#555555",
                  "borderStyle": "none",
                  "color": "#FFFFFF",
                  "fontFamily": "Arial",
                  "fontWeight": "bolder"
                },
                "tertiaryHeaderStyle": {
                  "backgroundColor": "#808080",
                  "borderStyle": "none",
                  "color": "#FFFFFF",
                  "fontWeight": "bolder"
                }
              },
              "moveEnabled": false,
              "progressBar": {
                "bar": {
                  "color": "#FFFFFF",
                  "style": {
                    "classes": "exchange/perspective-screenshot/flash"
                  }
                },
                "valueDisplay": {
                  "enabled": true,
                  "format": "0,0"
                }
              },
              "resizeEnabled": false,
              "rowHeight": 70,
              "rowStyle": {
                "backgroundColor": "#00174D",
                "borderColor": "#AAAAAA",
                "borderStyle": "solid",
                "color": "#FFFFFF",
                "fontFamily": "Arial",
                "fontSize": 16,
                "fontWeight": "bolder",
                "textAlign": "left"
              },
              "scheduledEventStyle": {
                "backgroundColor": "#FFFF00",
                "borderBottomLeftRadius": 101,
                "borderBottomRightRadius": 101,
                "borderColor": "#000000",
                "borderStyle": "solid",
                "borderTopLeftRadius": 101,
                "borderTopRightRadius": 101,
                "boxDecorationBreak": "slice",
                "color": "#000000",
                "fontFamily": "Arial",
                "fontSize": "3vmins",
                "fontWeight": "bolder",
                "lineBreak": "normal",
                "marginBottom": 10,
                "marginRight": 2,
                "marginTop": 10,
                "outlineColor": "#FFFFFF",
                "outlineStyle": "none",
                "paddingBottom": 4,
                "paddingLeft": 2,
                "paddingRight": 4,
                "paddingTop": 4,
                "textAlign": "center"
              },
              "selectedEvent": {
                "eventId": 3719342,
                "itemId": 2001
              },
              "selectedEventStyle": {
                "backgroundColor": "#47FF47",
                "columnFill": "auto",
                "emptyCells": "show",
                "textJustify": "none"
              },
              "style": {
                "borderStyle": "solid"
              }
            },
            "type": "ia.display.equipmentschedule"
          }
        ],
        "meta": {
          "name": "OverviewContainer"
        },
        "position": {
          "basis": "200px",
          "grow": 1
        },
        "props": {
          "style": {
            "overflow": "hidden"
          }
        },
        "type": "ia.container.flex"
      }
    ],
    "meta": {
      "name": "root"
    },
    "props": {
      "direction": "column",
      "style": {
        "overflow": "hidden"
      }
    },
    "type": "ia.container.flex"
  }
}