{
  "custom": {
    "key": [
      {
        "Current": "7 A",
        "Energy": "34.4 kWh",
        "Line_ID": "L253200101",
        "Machine_Name": "DPO 530",
        "PF": "1 pf",
        "Voltage": "410 V",
        "business_id": "3000",
        "machine_id": "1",
        "plant_id": "3200"
      },
      {
        "Current": "23 A",
        "Energy": "61 kWh",
        "Line_ID": "L253200101",
        "Machine_Name": "DPO 522",
        "PF": "0.64 pf",
        "Voltage": "410 V",
        "business_id": "3000",
        "machine_id": "10",
        "plant_id": "3200"
      },
      {
        "Current": "0 A",
        "Energy": "22 kWh",
        "Line_ID": "L253200101",
        "Machine_Name": "DPO 529",
        "PF": "0 pf",
        "Voltage": "0 V",
        "business_id": "3000",
        "machine_id": "2",
        "plant_id": "3200"
      },
      {
        "Current": "16 A",
        "Energy": "32.2 kWh",
        "Line_ID": "L253200101",
        "Machine_Name": "DPO 528",
        "PF": "0.74 pf",
        "Voltage": "412 V",
        "business_id": "3000",
        "machine_id": "3",
        "plant_id": "3200"
      },
      {
        "Current": "17 A",
        "Energy": "55.1 kWh",
        "Line_ID": "L253200101",
        "Machine_Name": "DPO 527",
        "PF": "0.91 pf",
        "Voltage": "414 V",
        "business_id": "3000",
        "machine_id": "4",
        "plant_id": "3200"
      },
      {
        "Current": "11 A",
        "Energy": "52.3 kWh",
        "Line_ID": "L253200101",
        "Machine_Name": "DPO 526",
        "PF": "0.8 pf",
        "Voltage": "414 V",
        "business_id": "3000",
        "machine_id": "5",
        "plant_id": "3200"
      },
      {
        "Current": "12 A",
        "Energy": "57.9 kWh",
        "Line_ID": "L253200101",
        "Machine_Name": "DPO 525",
        "PF": "0.84 pf",
        "Voltage": "413 V",
        "business_id": "3000",
        "machine_id": "6",
        "plant_id": "3200"
      },
      {
        "Current": "8 A",
        "Energy": "28.4 kWh",
        "Line_ID": "L253200101",
        "Machine_Name": "DPO 531",
        "PF": "0.99 pf",
        "Voltage": "412 V",
        "business_id": "3000",
        "machine_id": "7",
        "plant_id": "3200"
      },
      {
        "Current": "14 A",
        "Energy": "70.1 kWh",
        "Line_ID": "L253200101",
        "Machine_Name": "DPO 524",
        "PF": "0.81 pf",
        "Voltage": "413 V",
        "business_id": "3000",
        "machine_id": "8",
        "plant_id": "3200"
      },
      {
        "Current": "1 A",
        "Energy": "57.2 kWh",
        "Line_ID": "L253200101",
        "Machine_Name": "DPO 523",
        "PF": "0.93 pf",
        "Voltage": "413 V",
        "business_id": "3000",
        "machine_id": "9",
        "plant_id": "3200"
      }
    ]
  },
  "params": {
    "Business": 3000,
    "Plant": 3200,
    "key_2": "value",
    "key_3": "value"
  },
  "propConfig": {
    "custom.key": {
      "binding": {
        "config": {
          "parameters": {
            "bg": "{view.params.Business}",
            "dd": "{[default]EMS/EMS/PresentDay}",
            "pl": "{view.params.Plant}"
          },
          "queryPath": "EMS/Layout/layout Query_test"
        },
        "transforms": [
          {
            "code": "\t# Get column headers\n\theaders \u003d list(value.getColumnNames())\n\t\n\t# Initialize result list\n\tresult \u003d []\n\t\n\t# Define possible candidate column names\n\tpossible_id_columns \u003d [\"Line_ID/Cell_ID\", \"Cell_ID/Line_ID\", \"ID\", \"LineCell_ID\"]  # add your possible names here\n\t\n\t# Find the actual column name present in the dataset\n\tid_column_name \u003d None\n\tfor col_name in possible_id_columns:\n\t    if col_name in headers:\n\t        id_column_name \u003d col_name\n\t        break\n\t\n\tfor row in range(value.getRowCount()):\n\t    row_data \u003d {headers[col]: value.getValueAt(row, col) for col in range(value.getColumnCount())}\n\t\n\t    if id_column_name:\n\t        id_value \u003d row_data.pop(id_column_name, None)\n\t    else:\n\t        id_value \u003d None\n\t\n\t    row_instance \u003d dict(row_data)  # Copy base data\n\t    if id_value:\n\t        row_instance[\"Line_ID\"] \u003d id_value  # Always store under \"Line_ID\"\n\t    \n\t    result.append(row_instance)\n\t\n\t# Return the result list\n\treturn result",
            "type": "script"
          }
        ],
        "type": "query"
      },
      "persistent": true
    },
    "params.Business": {
      "paramDirection": "input",
      "persistent": true
    },
    "params.Plant": {
      "paramDirection": "input",
      "persistent": true
    },
    "params.key_2": {
      "paramDirection": "input",
      "persistent": true
    },
    "params.key_3": {
      "paramDirection": "input",
      "persistent": true
    }
  },
  "props": {},
  "root": {
    "children": [
      {
        "meta": {
          "name": "Carousel"
        },
        "position": {
          "grow": 1
        },
        "propConfig": {
          "props.views": {
            "binding": {
              "config": {
                "path": "view.custom.key"
              },
              "transforms": [
                {
                  "code": "\t# Ensure we always get a Python list\n\tif hasattr(value, \"getColumnNames\"):\n\t    pyData \u003d system.dataset.toPyDataSet(value)\n\t    instances \u003d [dict(row) for row in pyData]\n\telse:\n\t    instances \u003d value or []\n\t\n\tperPage \u003d 4   # number of instances per carousel page\n\tviews \u003d []\n\t\n\tfor i in range(0, len(instances), perPage):\n\t    views.append({\n\t        \"viewPath\": \"EMS/Layout/layout_Test\",   # 👈 path to your embedded view\n\t        \"viewParams\": {\n\t            \"instances\": instances[i:i+perPage]\n\t        }\n\t    })\n\t\n\treturn views",
                  "type": "script"
                }
              ],
              "type": "property"
            }
          }
        },
        "props": {
          "autoplay": {
            "enabled": true,
            "pauseOnHover": true,
            "transitionDelay": 1000
          }
        },
        "type": "ia.display.carousel"
      }
    ],
    "meta": {
      "name": "root"
    },
    "props": {
      "direction": "column"
    },
    "type": "ia.container.flex"
  }
}