{
  "custom": {},
  "params": {
    "BG": "",
    "BG_ID": "",
    "CL_UNIQUE_ID": "",
    "DEPT": "PLE",
    "DEPT_ID": 1,
    "Header": "STATUS",
    "MODULE": "PMC",
    "MODULE_ID": 1,
    "PLANT": "",
    "PLANT_ID": 6,
    "STATUS": "value",
    "SUB_MODULE": "BI-YEARLY",
    "SUB_MODULE_ID": 5
  },
  "propConfig": {
    "params.BG": {
      "binding": {
        "config": {
          "path": "session.custom.CP_User_Management.BG_Name"
        },
        "type": "property"
      },
      "paramDirection": "inout",
      "persistent": true
    },
    "params.BG_ID": {
      "binding": {
        "config": {
          "path": "session.custom.CP_User_Management.BG_ID"
        },
        "type": "property"
      },
      "paramDirection": "inout",
      "persistent": true
    },
    "params.CL_UNIQUE_ID": {
      "onChange": {
        "enabled": null,
        "script": "\tif currentValue !\u003d \u0027\u0027:\n\t\tCL_STATUS \u003d self.getChild(\"root\").getChild(\"Header\").getChild(\"Status\").getChild(\"Dropdown\").props.value\n\t\tsystem.perspective.navigate(view \u003d \u0027PMC/Checklist/COMPLETED_PMC\u0027, params \u003d {\u0027CHECKLIST_UNIQUE_CODE\u0027:currentValue.value, \u0027CL_STATUS\u0027:CL_STATUS})"
      },
      "paramDirection": "inout",
      "persistent": true
    },
    "params.DEPT": {
      "paramDirection": "input",
      "persistent": true
    },
    "params.DEPT_ID": {
      "paramDirection": "input",
      "persistent": true
    },
    "params.Header": {
      "paramDirection": "inout",
      "persistent": true
    },
    "params.MODULE": {
      "paramDirection": "input",
      "persistent": true
    },
    "params.MODULE_ID": {
      "paramDirection": "input",
      "persistent": true
    },
    "params.PLANT": {
      "paramDirection": "inout",
      "persistent": true
    },
    "params.PLANT_ID": {
      "paramDirection": "inout",
      "persistent": true
    },
    "params.STATUS": {
      "paramDirection": "inout",
      "persistent": true
    },
    "params.SUB_MODULE": {
      "paramDirection": "inout",
      "persistent": true
    },
    "params.SUB_MODULE_ID": {
      "paramDirection": "input",
      "persistent": true
    }
  },
  "props": {},
  "root": {
    "children": [
      {
        "meta": {
          "name": "EmbeddedView"
        },
        "position": {
          "basis": "7%"
        },
        "propConfig": {
          "props.params.Module_Name": {
            "binding": {
              "config": {
                "path": "view.params.Header"
              },
              "type": "property"
            }
          }
        },
        "props": {
          "path": "PMC/Header/header"
        },
        "type": "ia.display.view"
      },
      {
        "children": [
          {
            "children": [
              {
                "meta": {
                  "name": "Label"
                },
                "position": {
                  "grow": 1
                },
                "props": {
                  "style": {
                    "backgroundColor": "#D5D5D5",
                    "color": "#000000",
                    "fontFamily": "serif",
                    "fontSize": "1.2dvw",
                    "paddingBottom": 2,
                    "paddingLeft": 5,
                    "paddingRight": 5,
                    "paddingTop": 2,
                    "textAlign": "center"
                  },
                  "text": "PLANT"
                },
                "type": "ia.display.label"
              },
              {
                "custom": {
                  "ID": 6
                },
                "meta": {
                  "name": "Dropdown"
                },
                "position": {
                  "grow": 1
                },
                "propConfig": {
                  "props.options": {
                    "binding": {
                      "config": {
                        "path": "session.custom.CP_User_Management.Roles"
                      },
                      "transforms": [
                        {
                          "code": "\treturn Common_Portal.User.Plant_DD(self.session.custom.CP_User_Management.BG_ID, value)",
                          "type": "script"
                        }
                      ],
                      "type": "property"
                    }
                  },
                  "props.value": {
                    "onChange": {
                      "enabled": null,
                      "script": "\tval \u003d currentValue.value\n\tif val is not None:\n\t    options \u003d self.props.options\n\t    for item in options:\n\t        if item[\"value\"] \u003d\u003d val:\n\t            self.custom.ID \u003d item[\"ID\"]\n\t            break  # Exit loop once match is found\n\tself.view.params.PLANT  \u003d val\n\tself.view.params.PLANT_ID \u003d self.custom.ID"
                    }
                  }
                },
                "props": {
                  "dropdownOptionStyle": {
                    "backgroundColor": "#FFFFFF",
                    "color": "#000000",
                    "fontFamily": "serif",
                    "fontSize": "1.2dvw",
                    "paddingBottom": 2,
                    "paddingLeft": 5,
                    "paddingRight": 5,
                    "paddingTop": 2,
                    "textAlign": "center"
                  },
                  "placeholder": {
                    "color": "#FFFFFF"
                  },
                  "style": {
                    "backgroundColor": "#242489",
                    "color": "#FFFFFF",
                    "fontFamily": "serif",
                    "fontSize": "1.2dvw",
                    "paddingBottom": 2,
                    "paddingLeft": 5,
                    "paddingRight": 5,
                    "paddingTop": 2,
                    "textAlign": "center"
                  },
                  "textAlign": "center"
                },
                "type": "ia.input.dropdown"
              }
            ],
            "meta": {
              "name": "Plant"
            },
            "position": {
              "basis": "30%"
            },
            "props": {
              "style": {
                "borderBottomLeftRadius": 20,
                "borderBottomRightRadius": 20,
                "borderStyle": "groove",
                "borderTopLeftRadius": 20,
                "borderTopRightRadius": 20
              }
            },
            "type": "ia.container.flex"
          },
          {
            "children": [
              {
                "meta": {
                  "name": "Label"
                },
                "position": {
                  "grow": 1
                },
                "props": {
                  "style": {
                    "backgroundColor": "#D5D5D5",
                    "color": "#000000",
                    "fontFamily": "serif",
                    "fontSize": "1.2dvw",
                    "paddingBottom": 2,
                    "paddingLeft": 5,
                    "paddingRight": 5,
                    "paddingTop": 2,
                    "textAlign": "center"
                  },
                  "text": "MODULE"
                },
                "type": "ia.display.label"
              },
              {
                "meta": {
                  "name": "Dropdown"
                },
                "position": {
                  "grow": 1
                },
                "propConfig": {
                  "props.options": {
                    "binding": {
                      "config": {
                        "parameters": {
                          "column": "\u0027MODULE as label, MODULE as value, MODULE_ID as id\u0027",
                          "condition": "\u0027\u0027",
                          "table": "\u0027MODULE\u0027",
                          "where": "\"BG \u003d \u0027\"+{session.custom.CP_User_Management.BG_Name}+\"\u0027 AND BG_ID \u003d \"+{session.custom.CP_User_Management.BG_ID}"
                        },
                        "queryPath": "PMC/NEW_TEST/ACTIONS/SELECT _WITHOUT_STATUS"
                      },
                      "type": "query"
                    }
                  },
                  "props.value": {
                    "onChange": {
                      "enabled": null,
                      "script": "\tval \u003d currentValue.value\n\tif val is not None:\n\t\tcount \u003d self.props.options.getRowCount()\n\t\tfor i in range(0, count):\n\t\t\tif self.props.options.getValueAt(i, \"value\") \u003d\u003d val:\n\t\t\t\tself.view.params.MODULE_ID \u003d self.props.options.getValueAt(i, \"ID\")\n\t\t\t\tself.view.params.MODULE \u003d val"
                    }
                  }
                },
                "props": {
                  "dropdownOptionStyle": {
                    "backgroundColor": "#FFFFFF",
                    "color": "#000000",
                    "fontFamily": "serif",
                    "fontSize": "1.2dvw",
                    "paddingBottom": 2,
                    "paddingLeft": 5,
                    "paddingRight": 5,
                    "paddingTop": 2,
                    "textAlign": "center"
                  },
                  "placeholder": {
                    "color": "#FFFFFF"
                  },
                  "style": {
                    "backgroundColor": "#242489",
                    "color": "#FFFFFF",
                    "fontFamily": "serif",
                    "fontSize": "1.2dvw",
                    "paddingBottom": 2,
                    "paddingLeft": 5,
                    "paddingRight": 5,
                    "paddingTop": 2,
                    "textAlign": "center"
                  },
                  "textAlign": "center",
                  "value": "PMC"
                },
                "type": "ia.input.dropdown"
              }
            ],
            "meta": {
              "name": "MODULE"
            },
            "position": {
              "basis": "30%"
            },
            "props": {
              "style": {
                "borderBottomLeftRadius": 20,
                "borderBottomRightRadius": 20,
                "borderStyle": "groove",
                "borderTopLeftRadius": 20,
                "borderTopRightRadius": 20
              }
            },
            "type": "ia.container.flex"
          },
          {
            "children": [
              {
                "meta": {
                  "name": "Label"
                },
                "position": {
                  "grow": 1
                },
                "props": {
                  "style": {
                    "backgroundColor": "#D5D5D5",
                    "color": "#000000",
                    "fontFamily": "serif",
                    "fontSize": "1.2dvw",
                    "paddingBottom": 2,
                    "paddingLeft": 5,
                    "paddingRight": 5,
                    "paddingTop": 2,
                    "textAlign": "center"
                  },
                  "text": "SUB MODULE"
                },
                "type": "ia.display.label"
              },
              {
                "meta": {
                  "name": "Dropdown"
                },
                "position": {
                  "grow": 1
                },
                "propConfig": {
                  "props.options": {
                    "binding": {
                      "config": {
                        "parameters": {
                          "column": "\u0027SUB_MODULE as label, SUB_MODULE as value, SUB_MODULE_ID as id\u0027",
                          "condition": "\u0027\u0027",
                          "table": "\u0027SUB_MODULE\u0027",
                          "where": "\"BG \u003d \u0027\"+{session.custom.CP_User_Management.BG_Name}+\"\u0027 AND BG_ID \u003d \"+{session.custom.CP_User_Management.BG_ID}+\" AND MODULE \u003d \u0027\"+{view.params.MODULE}+\"\u0027 AND MODULE_ID \u003d \"+{view.params.MODULE_ID}"
                        },
                        "queryPath": "PMC/NEW_TEST/ACTIONS/SELECT _WITHOUT_STATUS"
                      },
                      "type": "query"
                    }
                  },
                  "props.value": {
                    "onChange": {
                      "enabled": null,
                      "script": "\tval \u003d currentValue.value\n\tif val is not None:\n\t\tcount \u003d self.props.options.getRowCount()\n\t\tfor i in range(0, count):\n\t\t\tif self.props.options.getValueAt(i, \"value\") \u003d\u003d val:\n\t\t\t\tself.view.params.SUB_MODULE_ID \u003d self.props.options.getValueAt(i, \"ID\")\n\t\t\t\tself.view.params.SUB_MODULE \u003d val"
                    }
                  }
                },
                "props": {
                  "dropdownOptionStyle": {
                    "backgroundColor": "#FFFFFF",
                    "color": "#000000",
                    "fontFamily": "serif",
                    "fontSize": "1.2dvw",
                    "paddingBottom": 2,
                    "paddingLeft": 5,
                    "paddingRight": 5,
                    "paddingTop": 2,
                    "textAlign": "center"
                  },
                  "placeholder": {
                    "color": "#FFFFFF"
                  },
                  "style": {
                    "backgroundColor": "#242489",
                    "color": "#FFFFFF",
                    "fontFamily": "serif",
                    "fontSize": "1.2dvw",
                    "paddingBottom": 2,
                    "paddingLeft": 5,
                    "paddingRight": 5,
                    "paddingTop": 2,
                    "textAlign": "center"
                  },
                  "textAlign": "center",
                  "value": "BI-YEARLY"
                },
                "type": "ia.input.dropdown"
              }
            ],
            "meta": {
              "name": "SUB_MODULE"
            },
            "position": {
              "basis": "30%"
            },
            "props": {
              "style": {
                "borderBottomLeftRadius": 20,
                "borderBottomRightRadius": 20,
                "borderStyle": "groove",
                "borderTopLeftRadius": 20,
                "borderTopRightRadius": 20
              }
            },
            "type": "ia.container.flex"
          },
          {
            "children": [
              {
                "meta": {
                  "name": "Label"
                },
                "position": {
                  "grow": 1
                },
                "props": {
                  "style": {
                    "backgroundColor": "#D5D5D5",
                    "color": "#000000",
                    "fontFamily": "serif",
                    "fontSize": "1.2dvw",
                    "paddingBottom": 2,
                    "paddingLeft": 5,
                    "paddingRight": 5,
                    "paddingTop": 2,
                    "textAlign": "center"
                  },
                  "text": "DEPT"
                },
                "type": "ia.display.label"
              },
              {
                "meta": {
                  "name": "Dropdown"
                },
                "position": {
                  "grow": 1
                },
                "propConfig": {
                  "props.value": {
                    "onChange": {
                      "enabled": null,
                      "script": "\tval \u003d currentValue.value\n\tif val is not None:\n\t\tcount \u003d self.props.options.getRowCount()\n\t\tfor i in range(0, count):\n\t\t\tif self.props.options.getValueAt(i, \"value\") \u003d\u003d val:\n\t\t\t\tself.view.params.PLANT_ID \u003d self.props.options.getValueAt(i, \"ID\")\n\t\t\t\tself.view.params.PLANT \u003d val"
                    }
                  }
                },
                "props": {
                  "dropdownOptionStyle": {
                    "backgroundColor": "#FFFFFF",
                    "color": "#000000",
                    "fontFamily": "serif",
                    "fontSize": "1.2dvw",
                    "paddingBottom": 2,
                    "paddingLeft": 5,
                    "paddingRight": 5,
                    "paddingTop": 2,
                    "textAlign": "center"
                  },
                  "options": {
                    "$": [
                      "ds",
                      192,
                      1721126081963
                    ],
                    "$columns": [
                      {
                        "data": [
                          "PMC",
                          "QC"
                        ],
                        "name": "label",
                        "type": "String"
                      },
                      {
                        "data": [
                          "PMC",
                          "QC"
                        ],
                        "name": "value",
                        "type": "String"
                      },
                      {
                        "data": [
                          1,
                          2
                        ],
                        "name": "id",
                        "type": "Integer"
                      }
                    ]
                  },
                  "placeholder": {
                    "color": "#FFFFFF"
                  },
                  "style": {
                    "backgroundColor": "#242489",
                    "color": "#FFFFFF",
                    "fontFamily": "serif",
                    "fontSize": "1.2dvw",
                    "paddingBottom": 2,
                    "paddingLeft": 5,
                    "paddingRight": 5,
                    "paddingTop": 2,
                    "textAlign": "center"
                  },
                  "textAlign": "center",
                  "value": "PLANT-1"
                },
                "type": "ia.input.dropdown"
              }
            ],
            "meta": {
              "name": "DEPT"
            },
            "position": {
              "basis": "30%",
              "display": false
            },
            "props": {
              "style": {
                "borderBottomLeftRadius": 20,
                "borderBottomRightRadius": 20,
                "borderStyle": "groove",
                "borderTopLeftRadius": 20,
                "borderTopRightRadius": 20
              }
            },
            "type": "ia.container.flex"
          },
          {
            "children": [
              {
                "meta": {
                  "name": "Label"
                },
                "position": {
                  "grow": 1
                },
                "props": {
                  "style": {
                    "backgroundColor": "#D5D5D5",
                    "color": "#000000",
                    "fontFamily": "serif",
                    "fontSize": "1.2dvw",
                    "paddingBottom": 2,
                    "paddingLeft": 5,
                    "paddingRight": 5,
                    "paddingTop": 2,
                    "textAlign": "center"
                  },
                  "text": "STATUS"
                },
                "type": "ia.display.label"
              },
              {
                "meta": {
                  "name": "Dropdown"
                },
                "position": {
                  "grow": 1
                },
                "propConfig": {
                  "props.options": {
                    "binding": {
                      "config": {
                        "parameters": {
                          "column": "\u0027STATUS AS label, STATUS as value\u0027",
                          "condition": "\u0027GROUP BY STATUS\u0027",
                          "table": "\u0027CHECKLIST_DATA_UPDATE\u0027",
                          "where": "\"BG \u003d \u0027\"+{view.params.BG}+\"\u0027 AND BG_ID \u003d \"+{view.params.BG_ID}+\" AND PLANT \u003d \u0027\"+{view.params.PLANT}+\"\u0027 AND PLANT_ID \u003d \"+{view.params.PLANT_ID}"
                        },
                        "polling": {
                          "enabled": true,
                          "rate": "30"
                        },
                        "queryPath": "PMC/NEW_TEST/ACTIONS/SELECT _WITHOUT_STATUS"
                      },
                      "type": "query"
                    }
                  }
                },
                "props": {
                  "dropdownOptionStyle": {
                    "backgroundColor": "#FFFFFF",
                    "color": "#000000",
                    "fontFamily": "serif",
                    "fontSize": "1.2dvw",
                    "paddingBottom": 2,
                    "paddingLeft": 5,
                    "paddingRight": 5,
                    "paddingTop": 2,
                    "textAlign": "center"
                  },
                  "placeholder": {
                    "color": "#FFFFFF"
                  },
                  "style": {
                    "backgroundColor": "#242489",
                    "color": "#FFFFFF",
                    "fontFamily": "serif",
                    "fontSize": "1.2dvw",
                    "paddingBottom": 2,
                    "paddingLeft": 5,
                    "paddingRight": 5,
                    "paddingTop": 2,
                    "textAlign": "center"
                  },
                  "textAlign": "center",
                  "value": "COMPLETED"
                },
                "type": "ia.input.dropdown"
              }
            ],
            "meta": {
              "name": "Status"
            },
            "position": {
              "basis": "30%"
            },
            "props": {
              "style": {
                "borderBottomLeftRadius": 20,
                "borderBottomRightRadius": 20,
                "borderStyle": "groove",
                "borderTopLeftRadius": 20,
                "borderTopRightRadius": 20
              }
            },
            "type": "ia.container.flex"
          }
        ],
        "meta": {
          "name": "Header"
        },
        "props": {
          "justify": "space-evenly",
          "style": {
            "paddingBottom": 5,
            "paddingTop": 5
          }
        },
        "type": "ia.container.flex"
      },
      {
        "children": [
          {
            "meta": {
              "name": "Header"
            },
            "propConfig": {
              "props.text": {
                "binding": {
                  "config": {
                    "path": ".../Header/Status/Dropdown.props.value"
                  },
                  "type": "property"
                }
              }
            },
            "props": {
              "style": {
                "backgroundColor": "#808080",
                "borderBottomLeftRadius": 15,
                "borderBottomRightRadius": 15,
                "borderStyle": "ridge",
                "borderTopLeftRadius": 15,
                "borderTopRightRadius": 15,
                "color": "#FFFFFF",
                "fontFamily": "Arial",
                "fontSize": "2dvw",
                "fontWeight": "bolder",
                "paddingBottom": 5,
                "paddingTop": 5,
                "textAlign": "center"
              }
            },
            "type": "ia.display.label"
          },
          {
            "custom": {
              "key": "value",
              "previos_row_selection": null
            },
            "events": {
              "component": {
                "onRowClick": {
                  "config": {
                    "script": "\t#self.view.params.CL_UNIQUE_ID \u003d self.props.selection.data[0][\u0027Checklist ID\u0027]\n\tSelected_Row \u003d self.props.selection.selectedRow\n\tif self.props.selection.selectedColumn \u003d\u003d \u0027Checklist ID\u0027:\n\t\tif Selected_Row !\u003d self.custom.previos_row_selection:\n\t\t\tself.view.params.CL_UNIQUE_ID \u003d self.props.selection.data[0][\u0027Checklist ID\u0027]\n\tif self.props.selection.selectedColumn \u003d\u003d \u0027Duplicate Checklist\u0027:\n\t\tif Selected_Row !\u003d self.custom.previos_row_selection:\n\t\t\tChecklist_Id \u003d self.props.data.getValueAt(Selected_Row, \"Checklist ID\")\n\t\t\tself.session.custom.Duplication_Checklist.Checklist_ID \u003d Checklist_Id\n\t\t\tself.session.custom.Duplication_Checklist.PLANT \u003d self.view.params.PLANT\n\t\t\tself.session.custom.Duplication_Checklist.PLANT_ID \u003d self.view.params.PLANT_ID\n\t\t\tself.session.custom.Duplication_Checklist.MODULE \u003d self.view.params.MODULE\n\t\t\tself.session.custom.Duplication_Checklist.MODULE_ID \u003d self.view.params.MODULE_ID\n\t\t\tself.session.custom.Duplication_Checklist.SUB_MODULE \u003d self.view.params.SUB_MODULE\n\t\t\tself.session.custom.Duplication_Checklist.SUB_MODULE_ID \u003d self.view.params.SUB_MODULE_ID\n\t\t\tself.session.custom.Duplication_Checklist.DEPT \u003d self.view.params.DEPT\n\t\t\tself.session.custom.Duplication_Checklist.DEPT_ID \u003d self.view.params.DEPT_ID\n\t\t\tsystem.perspective.navigate(view \u003d \u0027PMC/Popup/Duplicate_Checklist_Popup\u0027)\n\t\t\t\t"
                  },
                  "scope": "G",
                  "type": "script"
                }
              }
            },
            "meta": {
              "name": "Table"
            },
            "position": {
              "grow": 1
            },
            "propConfig": {
              "custom.Row_Count": {
                "binding": {
                  "config": {
                    "expression": "len({this.props.data})"
                  },
                  "type": "expr"
                }
              },
              "props.columns[7].visible": {
                "binding": {
                  "config": {
                    "expression": "if({.../Header/Status/Dropdown.props.value}\u003d\u0027COMPLETED\u0027,true,false)"
                  },
                  "type": "expr"
                }
              },
              "props.data": {
                "binding": {
                  "config": {
                    "parameters": {
                      "column": "\"CONVERT(VARCHAR,DATE,20) as Date, DEPT as Department, CHECKLIST_UNIQUE_ID AS \u0027Checklist ID\u0027, LINE AS \u0027Line\u0027, CONCAT(MACHINE,\u0027 (\u0027,MACHINE_CODE,\u0027) - \u0027, MACHINE_TYPE) as \u0027Machine\u0027, CONCAT(\u0027FORM NO: \u0027,FORM_NO,\u0027 REV: \u0027,FORM_NO_REV) as \u0027Form No\u0027, CONCAT(\u0027DOC NO: \u0027,DOC_NO,\u0027 REV: \u0027,DOC_NO_REV) as \u0027Doc No\u0027,\u0027YES\u0027 AS \u0027Fail Parameters\u0027, \u0027Duplicate\u0027 as \u0027Duplicate Checklist\u0027\"",
                      "condition": "\u0027ORDER BY DATE DESC\u0027",
                      "table": "\u0027CHECKLIST_DATA_UPDATE\u0027",
                      "where": "\"BG \u003d \u0027\"+{session.custom.CP_User_Management.BG_Name}+\"\u0027 AND BG_ID \u003d \"+{session.custom.CP_User_Management.BG_ID}+\" AND PLANT \u003d \u0027\"+{view.params.PLANT}+\"\u0027 AND PLANT_ID \u003d \"+{view.params.PLANT_ID}+\" AND MODULE \u003d \u0027\"+{view.params.MODULE}+\"\u0027 AND MODULE_ID \u003d \"+{view.params.MODULE_ID}+\" AND SUB_MODULE \u003d \u0027\"+{view.params.SUB_MODULE}+\"\u0027 AND SUB_MODULE_ID \u003d \"+{view.params.SUB_MODULE_ID}+\" AND  STATUS \u003d \u0027\"+{.../Header/Status/Dropdown.props.value}+\"\u0027\""
                    },
                    "polling": {
                      "enabled": true,
                      "rate": "5"
                    },
                    "queryPath": "PMC/NEW_TEST/ACTIONS/SELECT _WITHOUT_STATUS"
                  },
                  "type": "query"
                }
              },
              "props.rows.striped.color.even": {
                "binding": {
                  "config": {
                    "path": ".../Header/Status/Dropdown.props.value"
                  },
                  "transforms": [
                    {
                      "fallback": "#D5D5D5",
                      "inputType": "scalar",
                      "mappings": [
                        {
                          "input": "COMPLETED",
                          "output": "#00FF00"
                        },
                        {
                          "input": "PENDING",
                          "output": "#F88404"
                        }
                      ],
                      "outputType": "color",
                      "type": "map"
                    }
                  ],
                  "type": "property"
                }
              },
              "props.selection.selectedRow": {
                "onChange": {
                  "enabled": null,
                  "script": "\tself.custom.previos_row_selection \u003d previousValue.value"
                }
              }
            },
            "props": {
              "cells": {
                "style": {
                  "textAlign": "center"
                }
              },
              "columns": [
                {
                  "align": "center",
                  "boolean": "checkbox",
                  "dateFormat": "YYYY-MM-DD HH:mm:ss",
                  "editable": false,
                  "field": "Date",
                  "filter": {
                    "boolean": {
                      "condition": ""
                    },
                    "date": {
                      "condition": "",
                      "value": ""
                    },
                    "enabled": true,
                    "number": {
                      "condition": "",
                      "value": ""
                    },
                    "string": {
                      "condition": "",
                      "value": ""
                    },
                    "visible": "on-hover"
                  },
                  "footer": {
                    "align": "center",
                    "justify": "left",
                    "style": {
                      "classes": ""
                    },
                    "title": ""
                  },
                  "header": {
                    "align": "center",
                    "justify": "center",
                    "style": {
                      "backgroundColor": "#555555",
                      "borderBottomLeftRadius": 5,
                      "borderBottomRightRadius": 5,
                      "borderColor": "#FFFFFF",
                      "borderStyle": "solid",
                      "borderTopLeftRadius": 5,
                      "borderTopRightRadius": 5,
                      "borderWidth": 2,
                      "classes": "",
                      "color": "#FFFFFF",
                      "fontFamily": "Arial",
                      "fontSize": "1.8dvw",
                      "fontWeight": "bolder",
                      "paddingBottom": 2,
                      "paddingLeft": 2,
                      "paddingRight": 2,
                      "paddingTop": 2,
                      "textAlign": "center"
                    },
                    "title": ""
                  },
                  "justify": "center",
                  "nullFormat": {
                    "includeNullStrings": false,
                    "nullFormatValue": "",
                    "strict": false
                  },
                  "number": "value",
                  "numberFormat": "0,0.##",
                  "progressBar": {
                    "bar": {
                      "color": "",
                      "style": {
                        "classes": ""
                      }
                    },
                    "max": 100,
                    "min": 0,
                    "track": {
                      "color": "",
                      "style": {
                        "classes": ""
                      }
                    },
                    "value": {
                      "enabled": true,
                      "format": "0,0.##",
                      "justify": "center",
                      "style": {
                        "classes": ""
                      }
                    }
                  },
                  "render": "date",
                  "resizable": true,
                  "sort": "none",
                  "sortable": false,
                  "strictWidth": false,
                  "style": {
                    "borderBottomLeftRadius": 5,
                    "borderBottomRightRadius": 5,
                    "borderColor": "#808080",
                    "borderStyle": "solid",
                    "borderTopLeftRadius": 5,
                    "borderTopRightRadius": 5,
                    "borderWidth": 1,
                    "classes": "",
                    "fontFamily": "Arial",
                    "fontSize": "1.2dvw",
                    "fontWeight": "bold",
                    "paddingBottom": 2,
                    "paddingLeft": 2,
                    "paddingRight": 2,
                    "paddingTop": 2,
                    "textAlign": "center"
                  },
                  "toggleSwitch": {
                    "color": {
                      "selected": "",
                      "unselected": ""
                    }
                  },
                  "viewParams": {},
                  "viewPath": "",
                  "visible": true,
                  "width": "auto"
                },
                {
                  "align": "center",
                  "boolean": "checkbox",
                  "dateFormat": "YYYY-MM-DD HH:mm:ss",
                  "editable": false,
                  "field": "Checklist ID",
                  "filter": {
                    "boolean": {
                      "condition": ""
                    },
                    "date": {
                      "condition": "",
                      "value": ""
                    },
                    "enabled": true,
                    "number": {
                      "condition": "",
                      "value": ""
                    },
                    "string": {
                      "condition": "",
                      "value": ""
                    },
                    "visible": "on-hover"
                  },
                  "footer": {
                    "align": "center",
                    "justify": "left",
                    "style": {
                      "classes": ""
                    },
                    "title": ""
                  },
                  "header": {
                    "align": "center",
                    "justify": "center",
                    "style": {
                      "backgroundColor": "#555555",
                      "borderBottomLeftRadius": 5,
                      "borderBottomRightRadius": 5,
                      "borderColor": "#FFFFFF",
                      "borderStyle": "solid",
                      "borderTopLeftRadius": 5,
                      "borderTopRightRadius": 5,
                      "borderWidth": 2,
                      "classes": "",
                      "color": "#FFFFFF",
                      "fontFamily": "Arial",
                      "fontSize": "1.8dvw",
                      "fontWeight": "bolder",
                      "paddingBottom": 2,
                      "paddingLeft": 2,
                      "paddingRight": 2,
                      "paddingTop": 2,
                      "textAlign": "center"
                    },
                    "title": ""
                  },
                  "justify": "center",
                  "nullFormat": {
                    "includeNullStrings": false,
                    "nullFormatValue": "",
                    "strict": false
                  },
                  "number": "value",
                  "numberFormat": "0,0.##",
                  "progressBar": {
                    "bar": {
                      "color": "",
                      "style": {
                        "classes": ""
                      }
                    },
                    "max": 100,
                    "min": 0,
                    "track": {
                      "color": "",
                      "style": {
                        "classes": ""
                      }
                    },
                    "value": {
                      "enabled": true,
                      "format": "0,0.##",
                      "justify": "center",
                      "style": {
                        "classes": ""
                      }
                    }
                  },
                  "render": "auto",
                  "resizable": true,
                  "sort": "none",
                  "sortable": false,
                  "strictWidth": false,
                  "style": {
                    "borderBottomLeftRadius": 5,
                    "borderBottomRightRadius": 5,
                    "borderColor": "#808080",
                    "borderStyle": "solid",
                    "borderTopLeftRadius": 5,
                    "borderTopRightRadius": 5,
                    "borderWidth": 1,
                    "classes": "",
                    "fontFamily": "Arial",
                    "fontSize": "1.2dvw",
                    "fontWeight": "bold",
                    "paddingBottom": 2,
                    "paddingLeft": 2,
                    "paddingRight": 2,
                    "paddingTop": 2,
                    "textAlign": "center"
                  },
                  "toggleSwitch": {
                    "color": {
                      "selected": "",
                      "unselected": ""
                    }
                  },
                  "viewParams": {},
                  "viewPath": "",
                  "visible": true,
                  "width": ""
                },
                {
                  "align": "center",
                  "boolean": "checkbox",
                  "dateFormat": "YYYY-MM-DD HH:mm:ss",
                  "editable": false,
                  "field": "Line",
                  "filter": {
                    "boolean": {
                      "condition": ""
                    },
                    "date": {
                      "condition": "",
                      "value": ""
                    },
                    "enabled": true,
                    "number": {
                      "condition": "",
                      "value": ""
                    },
                    "string": {
                      "condition": "",
                      "value": ""
                    },
                    "visible": "on-hover"
                  },
                  "footer": {
                    "align": "center",
                    "justify": "left",
                    "style": {
                      "classes": ""
                    },
                    "title": ""
                  },
                  "header": {
                    "align": "center",
                    "justify": "center",
                    "style": {
                      "backgroundColor": "#555555",
                      "borderBottomLeftRadius": 5,
                      "borderBottomRightRadius": 5,
                      "borderColor": "#FFFFFF",
                      "borderStyle": "solid",
                      "borderTopLeftRadius": 5,
                      "borderTopRightRadius": 5,
                      "borderWidth": 2,
                      "classes": "",
                      "color": "#FFFFFF",
                      "fontFamily": "Arial",
                      "fontSize": "1.8dvw",
                      "fontWeight": "bolder",
                      "paddingBottom": 2,
                      "paddingLeft": 2,
                      "paddingRight": 2,
                      "paddingTop": 2,
                      "textAlign": "center"
                    },
                    "title": ""
                  },
                  "justify": "center",
                  "nullFormat": {
                    "includeNullStrings": false,
                    "nullFormatValue": "",
                    "strict": false
                  },
                  "number": "value",
                  "numberFormat": "0,0.##",
                  "progressBar": {
                    "bar": {
                      "color": "",
                      "style": {
                        "classes": ""
                      }
                    },
                    "max": 100,
                    "min": 0,
                    "track": {
                      "color": "",
                      "style": {
                        "classes": ""
                      }
                    },
                    "value": {
                      "enabled": true,
                      "format": "0,0.##",
                      "justify": "center",
                      "style": {
                        "classes": ""
                      }
                    }
                  },
                  "render": "auto",
                  "resizable": true,
                  "sort": "none",
                  "sortable": false,
                  "strictWidth": false,
                  "style": {
                    "borderBottomLeftRadius": 5,
                    "borderBottomRightRadius": 5,
                    "borderColor": "#808080",
                    "borderStyle": "solid",
                    "borderTopLeftRadius": 5,
                    "borderTopRightRadius": 5,
                    "borderWidth": 1,
                    "classes": "",
                    "fontFamily": "Arial",
                    "fontSize": "1.2dvw",
                    "fontWeight": "bold",
                    "paddingBottom": 2,
                    "paddingLeft": 2,
                    "paddingRight": 2,
                    "paddingTop": 2,
                    "textAlign": "center"
                  },
                  "toggleSwitch": {
                    "color": {
                      "selected": "",
                      "unselected": ""
                    }
                  },
                  "viewParams": {},
                  "viewPath": "",
                  "visible": true,
                  "width": ""
                },
                {
                  "align": "center",
                  "boolean": "checkbox",
                  "dateFormat": "YYYY-MM-DD HH:mm:ss",
                  "editable": false,
                  "field": "Machine",
                  "filter": {
                    "boolean": {
                      "condition": ""
                    },
                    "date": {
                      "condition": "",
                      "value": ""
                    },
                    "enabled": true,
                    "number": {
                      "condition": "",
                      "value": ""
                    },
                    "string": {
                      "condition": "",
                      "value": ""
                    },
                    "visible": "on-hover"
                  },
                  "footer": {
                    "align": "center",
                    "justify": "left",
                    "style": {
                      "classes": ""
                    },
                    "title": ""
                  },
                  "header": {
                    "align": "center",
                    "justify": "center",
                    "style": {
                      "backgroundColor": "#555555",
                      "borderBottomLeftRadius": 5,
                      "borderBottomRightRadius": 5,
                      "borderColor": "#FFFFFF",
                      "borderStyle": "solid",
                      "borderTopLeftRadius": 5,
                      "borderTopRightRadius": 5,
                      "borderWidth": 2,
                      "classes": "",
                      "color": "#FFFFFF",
                      "fontFamily": "Arial",
                      "fontSize": "1.8dvw",
                      "fontWeight": "bolder",
                      "paddingBottom": 2,
                      "paddingLeft": 2,
                      "paddingRight": 2,
                      "paddingTop": 2,
                      "textAlign": "center"
                    },
                    "title": ""
                  },
                  "justify": "center",
                  "nullFormat": {
                    "includeNullStrings": false,
                    "nullFormatValue": "",
                    "strict": false
                  },
                  "number": "value",
                  "numberFormat": "0,0.##",
                  "progressBar": {
                    "bar": {
                      "color": "",
                      "style": {
                        "classes": ""
                      }
                    },
                    "max": 100,
                    "min": 0,
                    "track": {
                      "color": "",
                      "style": {
                        "classes": ""
                      }
                    },
                    "value": {
                      "enabled": true,
                      "format": "0,0.##",
                      "justify": "center",
                      "style": {
                        "classes": ""
                      }
                    }
                  },
                  "render": "auto",
                  "resizable": true,
                  "sort": "none",
                  "sortable": false,
                  "strictWidth": false,
                  "style": {
                    "borderBottomLeftRadius": 5,
                    "borderBottomRightRadius": 5,
                    "borderColor": "#808080",
                    "borderStyle": "solid",
                    "borderTopLeftRadius": 5,
                    "borderTopRightRadius": 5,
                    "borderWidth": 1,
                    "classes": "",
                    "fontFamily": "Arial",
                    "fontSize": "1.2dvw",
                    "fontWeight": "bold",
                    "paddingBottom": 2,
                    "paddingLeft": 2,
                    "paddingRight": 2,
                    "paddingTop": 2,
                    "textAlign": "center"
                  },
                  "toggleSwitch": {
                    "color": {
                      "selected": "",
                      "unselected": ""
                    }
                  },
                  "viewParams": {},
                  "viewPath": "",
                  "visible": true,
                  "width": ""
                },
                {
                  "align": "center",
                  "boolean": "checkbox",
                  "dateFormat": "YYYY-MM-DD HH:mm:ss",
                  "editable": false,
                  "field": "Form No",
                  "filter": {
                    "boolean": {
                      "condition": ""
                    },
                    "date": {
                      "condition": "",
                      "value": ""
                    },
                    "enabled": true,
                    "number": {
                      "condition": "",
                      "value": ""
                    },
                    "string": {
                      "condition": "",
                      "value": ""
                    },
                    "visible": "on-hover"
                  },
                  "footer": {
                    "align": "center",
                    "justify": "left",
                    "style": {
                      "classes": ""
                    },
                    "title": ""
                  },
                  "header": {
                    "align": "center",
                    "justify": "center",
                    "style": {
                      "backgroundColor": "#555555",
                      "borderBottomLeftRadius": 5,
                      "borderBottomRightRadius": 5,
                      "borderColor": "#FFFFFF",
                      "borderStyle": "solid",
                      "borderTopLeftRadius": 5,
                      "borderTopRightRadius": 5,
                      "borderWidth": 2,
                      "classes": "",
                      "color": "#FFFFFF",
                      "fontFamily": "Arial",
                      "fontSize": "1.8dvw",
                      "fontWeight": "bolder",
                      "paddingBottom": 2,
                      "paddingLeft": 2,
                      "paddingRight": 2,
                      "paddingTop": 2,
                      "textAlign": "center"
                    },
                    "title": ""
                  },
                  "justify": "center",
                  "nullFormat": {
                    "includeNullStrings": false,
                    "nullFormatValue": "",
                    "strict": false
                  },
                  "number": "value",
                  "numberFormat": "0,0.##",
                  "progressBar": {
                    "bar": {
                      "color": "",
                      "style": {
                        "classes": ""
                      }
                    },
                    "max": 100,
                    "min": 0,
                    "track": {
                      "color": "",
                      "style": {
                        "classes": ""
                      }
                    },
                    "value": {
                      "enabled": true,
                      "format": "0,0.##",
                      "justify": "center",
                      "style": {
                        "classes": ""
                      }
                    }
                  },
                  "render": "auto",
                  "resizable": true,
                  "sort": "none",
                  "sortable": false,
                  "strictWidth": false,
                  "style": {
                    "borderBottomLeftRadius": 5,
                    "borderBottomRightRadius": 5,
                    "borderColor": "#808080",
                    "borderStyle": "solid",
                    "borderTopLeftRadius": 5,
                    "borderTopRightRadius": 5,
                    "borderWidth": 1,
                    "classes": "",
                    "fontFamily": "Arial",
                    "fontSize": "1.2dvw",
                    "fontWeight": "bold",
                    "paddingBottom": 2,
                    "paddingLeft": 2,
                    "paddingRight": 2,
                    "paddingTop": 2,
                    "textAlign": "center"
                  },
                  "toggleSwitch": {
                    "color": {
                      "selected": "",
                      "unselected": ""
                    }
                  },
                  "viewParams": {},
                  "viewPath": "",
                  "visible": true,
                  "width": ""
                },
                {
                  "align": "center",
                  "boolean": "checkbox",
                  "dateFormat": "YYYY-MM-DD HH:mm:ss",
                  "editable": false,
                  "field": "Doc No",
                  "filter": {
                    "boolean": {
                      "condition": ""
                    },
                    "date": {
                      "condition": "",
                      "value": ""
                    },
                    "enabled": true,
                    "number": {
                      "condition": "",
                      "value": ""
                    },
                    "string": {
                      "condition": "",
                      "value": ""
                    },
                    "visible": "on-hover"
                  },
                  "footer": {
                    "align": "center",
                    "justify": "left",
                    "style": {
                      "classes": ""
                    },
                    "title": ""
                  },
                  "header": {
                    "align": "center",
                    "justify": "center",
                    "style": {
                      "backgroundColor": "#555555",
                      "borderBottomLeftRadius": 5,
                      "borderBottomRightRadius": 5,
                      "borderColor": "#FFFFFF",
                      "borderStyle": "solid",
                      "borderTopLeftRadius": 5,
                      "borderTopRightRadius": 5,
                      "borderWidth": 2,
                      "classes": "",
                      "color": "#FFFFFF",
                      "fontFamily": "Arial",
                      "fontSize": "1.8dvw",
                      "fontWeight": "bolder",
                      "paddingBottom": 2,
                      "paddingLeft": 2,
                      "paddingRight": 2,
                      "paddingTop": 2,
                      "textAlign": "center"
                    },
                    "title": ""
                  },
                  "justify": "center",
                  "nullFormat": {
                    "includeNullStrings": false,
                    "nullFormatValue": "",
                    "strict": false
                  },
                  "number": "value",
                  "numberFormat": "0,0.##",
                  "progressBar": {
                    "bar": {
                      "color": "",
                      "style": {
                        "classes": ""
                      }
                    },
                    "max": 100,
                    "min": 0,
                    "track": {
                      "color": "",
                      "style": {
                        "classes": ""
                      }
                    },
                    "value": {
                      "enabled": true,
                      "format": "0,0.##",
                      "justify": "center",
                      "style": {
                        "classes": ""
                      }
                    }
                  },
                  "render": "auto",
                  "resizable": true,
                  "sort": "none",
                  "sortable": false,
                  "strictWidth": false,
                  "style": {
                    "borderBottomLeftRadius": 5,
                    "borderBottomRightRadius": 5,
                    "borderColor": "#808080",
                    "borderStyle": "solid",
                    "borderTopLeftRadius": 5,
                    "borderTopRightRadius": 5,
                    "borderWidth": 1,
                    "classes": "",
                    "fontFamily": "Arial",
                    "fontSize": "1.2dvw",
                    "fontWeight": "bold",
                    "paddingBottom": 2,
                    "paddingLeft": 2,
                    "paddingRight": 2,
                    "paddingTop": 2,
                    "textAlign": "center"
                  },
                  "toggleSwitch": {
                    "color": {
                      "selected": "",
                      "unselected": ""
                    }
                  },
                  "viewParams": {},
                  "viewPath": "",
                  "visible": true,
                  "width": ""
                },
                {
                  "align": "center",
                  "boolean": "checkbox",
                  "dateFormat": "YYYY-MM-DD HH:mm:ss",
                  "editable": false,
                  "field": "Fail Parameters",
                  "filter": {
                    "boolean": {
                      "condition": ""
                    },
                    "date": {
                      "condition": "",
                      "value": ""
                    },
                    "enabled": true,
                    "number": {
                      "condition": "",
                      "value": ""
                    },
                    "string": {
                      "condition": "",
                      "value": ""
                    },
                    "visible": "on-hover"
                  },
                  "footer": {
                    "align": "center",
                    "justify": "left",
                    "style": {
                      "classes": ""
                    },
                    "title": ""
                  },
                  "header": {
                    "align": "center",
                    "justify": "center",
                    "style": {
                      "backgroundColor": "#555555",
                      "borderBottomLeftRadius": 5,
                      "borderBottomRightRadius": 5,
                      "borderColor": "#FFFFFF",
                      "borderStyle": "solid",
                      "borderTopLeftRadius": 5,
                      "borderTopRightRadius": 5,
                      "borderWidth": 2,
                      "classes": "",
                      "color": "#FFFFFF",
                      "fontFamily": "Arial",
                      "fontSize": "1.8dvw",
                      "fontWeight": "bolder",
                      "paddingBottom": 2,
                      "paddingLeft": 2,
                      "paddingRight": 2,
                      "paddingTop": 2,
                      "textAlign": "center"
                    },
                    "title": ""
                  },
                  "justify": "center",
                  "nullFormat": {
                    "includeNullStrings": false,
                    "nullFormatValue": "",
                    "strict": false
                  },
                  "number": "value",
                  "numberFormat": "0,0.##",
                  "progressBar": {
                    "bar": {
                      "color": "",
                      "style": {
                        "classes": ""
                      }
                    },
                    "max": 100,
                    "min": 0,
                    "track": {
                      "color": "",
                      "style": {
                        "classes": ""
                      }
                    },
                    "value": {
                      "enabled": true,
                      "format": "0,0.##",
                      "justify": "center",
                      "style": {
                        "classes": ""
                      }
                    }
                  },
                  "render": "auto",
                  "resizable": true,
                  "sort": "none",
                  "sortable": false,
                  "strictWidth": false,
                  "style": {
                    "borderBottomLeftRadius": 5,
                    "borderBottomRightRadius": 5,
                    "borderColor": "#808080",
                    "borderStyle": "solid",
                    "borderTopLeftRadius": 5,
                    "borderTopRightRadius": 5,
                    "borderWidth": 1,
                    "classes": "",
                    "fontFamily": "Arial",
                    "fontSize": "1.2dvw",
                    "fontWeight": "bold",
                    "paddingBottom": 2,
                    "paddingLeft": 2,
                    "paddingRight": 2,
                    "paddingTop": 2,
                    "textAlign": "center"
                  },
                  "toggleSwitch": {
                    "color": {
                      "selected": "",
                      "unselected": ""
                    }
                  },
                  "viewParams": {},
                  "viewPath": "",
                  "visible": true,
                  "width": ""
                },
                {
                  "align": "center",
                  "boolean": "toggle",
                  "dateFormat": "YYYY-MM-DD HH:mm:ss",
                  "editable": true,
                  "field": "Duplicate Checklist",
                  "filter": {
                    "boolean": {
                      "condition": ""
                    },
                    "date": {
                      "condition": "",
                      "value": ""
                    },
                    "enabled": true,
                    "number": {
                      "condition": "",
                      "value": ""
                    },
                    "string": {
                      "condition": "",
                      "value": ""
                    },
                    "visible": "on-hover"
                  },
                  "footer": {
                    "align": "center",
                    "justify": "left",
                    "style": {
                      "classes": ""
                    },
                    "title": ""
                  },
                  "header": {
                    "align": "center",
                    "justify": "center",
                    "style": {
                      "backgroundColor": "#555555",
                      "borderBottomLeftRadius": 5,
                      "borderBottomRightRadius": 5,
                      "borderColor": "#FFFFFF",
                      "borderStyle": "solid",
                      "borderTopLeftRadius": 5,
                      "borderTopRightRadius": 5,
                      "borderWidth": 2,
                      "classes": "",
                      "color": "#FFFFFF",
                      "fontFamily": "Arial",
                      "fontSize": "1.8dvw",
                      "fontWeight": "bolder",
                      "paddingBottom": 2,
                      "paddingLeft": 2,
                      "paddingRight": 2,
                      "paddingTop": 2,
                      "textAlign": "center"
                    },
                    "title": ""
                  },
                  "justify": "center",
                  "nullFormat": {
                    "includeNullStrings": false,
                    "nullFormatValue": "",
                    "strict": false
                  },
                  "number": "value",
                  "numberFormat": "0,0.##",
                  "progressBar": {
                    "bar": {
                      "color": "",
                      "style": {
                        "classes": ""
                      }
                    },
                    "max": 100,
                    "min": 0,
                    "track": {
                      "color": "",
                      "style": {
                        "classes": ""
                      }
                    },
                    "value": {
                      "enabled": true,
                      "format": "0,0.##",
                      "justify": "center",
                      "style": {
                        "classes": ""
                      }
                    }
                  },
                  "render": "string",
                  "resizable": true,
                  "sort": "none",
                  "sortable": false,
                  "strictWidth": false,
                  "style": {
                    "backgroundColor": "#1D1D9A",
                    "borderBottomLeftRadius": 15,
                    "borderBottomRightRadius": 15,
                    "borderColor": "#808080",
                    "borderStyle": "solid",
                    "borderTopLeftRadius": 15,
                    "borderTopRightRadius": 15,
                    "borderWidth": 1,
                    "classes": "",
                    "color": "#FFFFFF",
                    "cursor": "pointer",
                    "fontFamily": "Arial",
                    "fontSize": "1.2dvw",
                    "fontWeight": "bolder",
                    "paddingBottom": 2,
                    "paddingLeft": 2,
                    "paddingRight": 2,
                    "paddingTop": 2,
                    "textAlign": "center"
                  },
                  "toggleSwitch": {
                    "color": {
                      "selected": "#00D900",
                      "unselected": "#FF0000"
                    }
                  },
                  "viewParams": {},
                  "viewPath": "",
                  "width": ""
                }
              ],
              "filter": {
                "enabled": true
              },
              "pager": {
                "bottom": false,
                "initialOption": 10000
              },
              "rows": {
                "striped": {
                  "color": {
                    "odd": "#FFFFFF"
                  }
                }
              },
              "selection": {
                "enableColumnSelection": true
              }
            },
            "type": "ia.display.table"
          }
        ],
        "meta": {
          "name": "Completed"
        },
        "position": {
          "basis": "100%",
          "grow": 1
        },
        "propConfig": {
          "position.display": {
            "binding": {
              "config": {
                "expression": "if({./Table.custom.Row_Count}\u003d0,False,True)"
              },
              "enabled": false,
              "type": "expr"
            }
          }
        },
        "props": {
          "direction": "column"
        },
        "type": "ia.container.flex"
      }
    ],
    "meta": {
      "name": "root"
    },
    "props": {
      "direction": "column"
    },
    "type": "ia.container.flex"
  }
}