{
  "custom": {},
  "params": {
    "params": {},
    "size": "medium"
  },
  "propConfig": {
    "params.params": {
      "paramDirection": "input",
      "persistent": true
    },
    "params.size": {
      "paramDirection": "input"
    }
  },
  "props": {
    "defaultSize": {
      "height": 40,
      "width": 1701
    }
  },
  "root": {
    "children": [
      {
        "events": {
          "dom": {
            "onClick": {
              "config": {
                "script": "\tsystem.perspective.navigate(\u0027/\u0027) \n\tsystem.perspective.logout() \n\tsystem.perspective.closeSession()"
              },
              "scope": "G",
              "type": "script"
            }
          }
        },
        "meta": {
          "name": "Logout"
        },
        "position": {
          "basis": "3%",
          "shrink": 0
        },
        "propConfig": {
          "meta.visible": {
            "binding": {
              "config": {
                "path": "session.props.auth.authenticated"
              },
              "type": "property"
            }
          }
        },
        "props": {
          "color": "#FFFFFF",
          "path": "material/power_settings_new",
          "style": {
            "classes": "",
            "padding": 5
          }
        },
        "type": "ia.display.icon"
      },
      {
        "events": {
          "dom": {
            "onClick": [
              {
                "config": {
                  "script": "\tif self.session.props.auth.authenticated:\n\t\tsystem.perspective.logout()\n\telse:\n\t\tsystem.perspective.login()"
                },
                "enabled": false,
                "scope": "G",
                "type": "script"
              },
              {
                "config": {},
                "scope": "C",
                "type": "login"
              }
            ]
          }
        },
        "meta": {
          "hasDelegate": true,
          "name": "Sign In"
        },
        "position": {
          "basis": "15%",
          "shrink": 0
        },
        "propConfig": {
          "position.display": {
            "binding": {
              "config": {
                "expression": "{view.params.size} !\u003d \"small\""
              },
              "type": "expr"
            }
          },
          "props.text": {
            "binding": {
              "config": {
                "path": "session.props.auth.user.userName"
              },
              "transforms": [
                {
                  "expression": "if({value} \u003d null || len({value}) \u003d 0, \"Sign In\", {value})",
                  "type": "expression"
                }
              ],
              "type": "property"
            }
          }
        },
        "props": {
          "style": {
            "color": "#FFFFFF",
            "fontSize": "1dvw",
            "paddingLeft": 20,
            "textAlign": "left"
          }
        },
        "type": "ia.display.label"
      },
      {
        "meta": {
          "hasDelegate": true,
          "name": "Filler",
          "tooltip": {
            "style": {
              "textAlign": "center"
            }
          }
        },
        "position": {
          "basis": "64%",
          "shrink": 0
        },
        "props": {
          "style": {
            "classes": "Title/Text",
            "color": "#FFFFFF",
            "fontFamily": "Arial",
            "fontSize": "1dvw",
            "opacity": "1",
            "textAlign": "center"
          },
          "text": "RANE I4.0",
          "textStyle": {
            "color": "#FFFFFF",
            "fontFamily": "Arial",
            "fontSize": "1.5dvw",
            "fontWeight": "bolder",
            "textAlign": "center"
          }
        },
        "type": "ia.display.label"
      },
      {
        "meta": {
          "name": "Label"
        },
        "position": {
          "basis": "11%",
          "shrink": 0
        },
        "propConfig": {
          "props.text": {
            "binding": {
              "config": {
                "expression": "now()"
              },
              "transforms": [
                {
                  "formatType": "datetime",
                  "formatValue": {
                    "date": "medium",
                    "time": "medium"
                  },
                  "type": "format"
                }
              ],
              "type": "expr"
            }
          }
        },
        "props": {
          "style": {
            "color": "#FFFFFF",
            "fontSize": "1dvw",
            "fontWeight": "bold"
          },
          "textStyle": {
            "color": "#FFFFFF",
            "fontSize": 12,
            "fontWeight": "bold",
            "textAlign": "center"
          }
        },
        "type": "ia.display.label"
      },
      {
        "events": {
          "dom": {
            "onClick": {
              "config": {
                "page": "/"
              },
              "scope": "C",
              "type": "nav"
            }
          }
        },
        "meta": {
          "name": "Home"
        },
        "position": {
          "basis": "2%",
          "shrink": 0
        },
        "props": {
          "color": "#FFFFFF",
          "path": "material/home",
          "style": {
            "padding": 5
          }
        },
        "type": "ia.display.icon"
      },
      {
        "meta": {
          "name": "Rane_Group_Logo"
        },
        "position": {
          "basis": "5%",
          "shrink": 0
        },
        "props": {
          "fit": {
            "mode": "fill"
          },
          "source": "/system/images/Rane_Group_Logo.jpg",
          "style": {
            "padding": 2
          }
        },
        "type": "ia.display.image"
      }
    ],
    "meta": {
      "name": "root",
      "tooltip": {
        "style": {
          "textAlign": "center"
        }
      }
    },
    "props": {
      "alignContent": "flex-start",
      "justify": "space-evenly",
      "style": {
        "backgroundColor": "#000080",
        "classes": "Header/Header",
        "color": "#FFFFFF",
        "fontFamily": "Arial",
        "fontSize": "1dvw",
        "fontWeight": "bolder",
        "overflow": "visible"
      }
    },
    "type": "ia.container.flex"
  }
}