{
  "custom": {},
  "params": {
    "Content": "value",
    "DS": "value",
    "Header": "value",
    "To": "value"
  },
  "propConfig": {
    "params.Content": {
      "paramDirection": "input",
      "persistent": true
    },
    "params.DS": {
      "paramDirection": "input",
      "persistent": true
    },
    "params.Header": {
      "paramDirection": "input",
      "persistent": true
    },
    "params.To": {
      "paramDirection": "input",
      "persistent": true
    }
  },
  "props": {
    "defaultSize": {
      "height": 524,
      "width": 539
    }
  },
  "root": {
    "children": [
      {
        "children": [
          {
            "meta": {
              "name": "Label"
            },
            "position": {
              "height": 0.08,
              "width": 1
            },
            "propConfig": {
              "props.text": {
                "binding": {
                  "config": {
                    "path": "view.params.Header"
                  },
                  "type": "property"
                }
              }
            },
            "props": {
              "style": {
                "backgroundColor": "#27276B",
                "color": "#FFFFFF",
                "fontFamily": "Arial",
                "fontSize": "1.2dvw",
                "fontWeight": "bold",
                "textAlign": "center"
              }
            },
            "type": "ia.display.label"
          },
          {
            "meta": {
              "name": "Label_0"
            },
            "position": {
              "height": 0.1448,
              "width": 0.8974,
              "x": 0.05,
              "y": 0.18
            },
            "propConfig": {
              "props.text": {
                "binding": {
                  "config": {
                    "expression": "{view.params.Content}"
                  },
                  "type": "expr"
                }
              }
            },
            "props": {
              "style": {
                "backgroundColor": "#D5D5D5",
                "fontFamily": "serif",
                "fontSize": "0.9dvw",
                "fontWeight": "normal",
                "textAlign": "center"
              }
            },
            "type": "ia.display.label"
          },
          {
            "meta": {
              "name": "Label_1"
            },
            "position": {
              "height": 0.06,
              "width": 0.955,
              "x": 0.015,
              "y": 0.1
            },
            "propConfig": {
              "props.text": {
                "binding": {
                  "config": {
                    "path": "view.params.To"
                  },
                  "type": "property"
                }
              }
            },
            "props": {
              "style": {
                "color": "#000000",
                "fontFamily": "Arial",
                "fontSize": "1.1dvw",
                "fontWeight": "bolder",
                "textAlign": "left"
              }
            },
            "type": "ia.display.label"
          },
          {
            "meta": {
              "name": "Table"
            },
            "position": {
              "height": 0.6528,
              "width": 0.8984,
              "x": 0.05,
              "y": 0.3323
            },
            "propConfig": {
              "props.data": {
                "binding": {
                  "config": {
                    "path": "view.params.DS"
                  },
                  "type": "property"
                }
              }
            },
            "props": {
              "rows": {
                "style": {
                  "backgroundColor": "#FFFFFF"
                }
              }
            },
            "type": "ia.display.table"
          }
        ],
        "meta": {
          "name": "CoordinateContainer"
        },
        "position": {
          "height": 1,
          "width": 1
        },
        "props": {
          "mode": "percent",
          "style": {
            "backgroundColor": "#FFFFFF",
            "borderStyle": "groove",
            "borderWidth": 5
          }
        },
        "type": "ia.container.coord"
      }
    ],
    "meta": {
      "name": "root"
    },
    "props": {
      "mode": "percent"
    },
    "type": "ia.container.coord"
  }
}