{
  "custom": {},
  "params": {
    "CL_visible": false,
    "H_DS": {
      "$": [
        "ds",
        192,
        1746018482986
      ],
      "$columns": [
        {
          "data": [],
          "name": "HEADER_ID",
          "type": "String"
        },
        {
          "data": [],
          "name": "HEADER",
          "type": "String"
        }
      ]
    },
    "LINE": "TEST",
    "LINE_ID": 1,
    "MACHINE": "HMC TEST",
    "MACHINE_CODE": 324567,
    "MACHINE_ID": 4,
    "MACHINE_TYPE": "BNB",
    "SH_DS": {
      "$": [
        "ds",
        192,
        1746018482991
      ],
      "$columns": [
        {
          "data": [],
          "name": "HEADER_ID",
          "type": "String"
        },
        {
          "data": [],
          "name": "HEADER",
          "type": "String"
        },
        {
          "data": [],
          "name": "SUB_HEADER_ID",
          "type": "String"
        },
        {
          "data": [],
          "name": "SUB_HEADER",
          "type": "String"
        }
      ]
    },
    "header": "",
    "popup": 0
  },
  "propConfig": {
    "params.CL_visible": {
      "paramDirection": "input",
      "persistent": true
    },
    "params.H_DS": {
      "binding": {
        "config": {
          "expression": "view(\"SELECT HEADER_ID, HEADER GROUP BY HEADER_ID, HEADER ORDER BY HEADER_ID\", {session.custom.Duplication_Checklist.DS})"
        },
        "type": "expr"
      },
      "paramDirection": "inout",
      "persistent": true
    },
    "params.LINE": {
      "paramDirection": "inout",
      "persistent": true
    },
    "params.LINE_ID": {
      "paramDirection": "inout",
      "persistent": true
    },
    "params.MACHINE": {
      "paramDirection": "inout",
      "persistent": true
    },
    "params.MACHINE_CODE": {
      "paramDirection": "inout",
      "persistent": true
    },
    "params.MACHINE_ID": {
      "paramDirection": "inout",
      "persistent": true
    },
    "params.MACHINE_TYPE": {
      "paramDirection": "inout",
      "persistent": true
    },
    "params.SH_DS": {
      "binding": {
        "config": {
          "expression": "view(\"SELECT HEADER_ID, HEADER, SUB_HEADER_ID, SUB_HEADER GROUP BY HEADER_ID, HEADER, SUB_HEADER_ID, SUB_HEADER ORDER BY HEADER_ID, SUB_HEADER_ID\", {session.custom.Duplication_Checklist.DS})"
        },
        "type": "expr"
      },
      "paramDirection": "inout",
      "persistent": true
    },
    "params.header": {
      "paramDirection": "inout",
      "persistent": true
    },
    "params.popup": {
      "paramDirection": "inout",
      "persistent": true
    }
  },
  "props": {},
  "root": {
    "children": [
      {
        "children": [
          {
            "meta": {
              "name": "Header"
            },
            "position": {
              "shrink": 0
            },
            "props": {
              "style": {
                "backgroundColor": "#00009C",
                "borderStyle": "ridge",
                "color": "#FFFFFF",
                "fontFamily": "Arial",
                "fontSize": "2dvw",
                "fontWeight": "bold",
                "paddingBottom": 5,
                "paddingLeft": 5,
                "paddingRight": 5,
                "paddingTop": 5,
                "textAlign": "center"
              },
              "text": "DUPLICATE CHECKLIST"
            },
            "type": "ia.display.label"
          },
          {
            "children": [
              {
                "meta": {
                  "name": "TextArea"
                },
                "position": {
                  "grow": 1,
                  "shrink": 0
                },
                "type": "ia.input.text-area"
              }
            ],
            "meta": {
              "name": "Message_Box"
            },
            "props": {
              "style": {
                "marginBottom": 10,
                "marginTop": 10
              }
            },
            "type": "ia.container.flex"
          },
          {
            "children": [
              {
                "children": [
                  {
                    "meta": {
                      "name": "Label"
                    },
                    "position": {
                      "basis": "10%",
                      "shrink": 0
                    },
                    "props": {
                      "text": "LINE"
                    },
                    "type": "ia.display.label"
                  },
                  {
                    "custom": {
                      "ID": 1
                    },
                    "meta": {
                      "name": "Dropdown"
                    },
                    "position": {
                      "basis": "20%",
                      "shrink": 0
                    },
                    "propConfig": {
                      "props.options": {
                        "binding": {
                          "config": {
                            "parameters": {
                              "column": "\"LINE AS label, LINE as value, LINE_ID as ID\"",
                              "condition": "\"Group by LINE, LINE_ID ORDER BY LINE_ID\"",
                              "table": "\u0027SUB_MODULE_TABLE\u0027",
                              "where": "\"BG \u003d \u0027\"+{session.custom.Duplication_Checklist.BG}+\"\u0027 AND BG_ID \u003d \"+{session.custom.Duplication_Checklist.BG_ID}+\" AND PLANT \u003d \u0027\"+{session.custom.Duplication_Checklist.PLANT}+\"\u0027 AND PLANT_ID \u003d \"+{session.custom.Duplication_Checklist.PLANT_ID}+\" AND MODULE \u003d \u0027\"+{session.custom.Duplication_Checklist.MODULE}+\"\u0027 AND MODULE_ID \u003d \"+{session.custom.Duplication_Checklist.MODULE_ID}+\" AND SUB_MODULE \u003d \u0027\"+{session.custom.Duplication_Checklist.SUB_MODULE}+\"\u0027 AND SUB_MODULE_ID \u003d \"+{session.custom.Duplication_Checklist.SUB_MODULE_ID}"
                            },
                            "queryPath": "PMC/NEW_TEST/ACTIONS/SELECT_WITH_CONDITION"
                          },
                          "type": "query"
                        }
                      },
                      "props.value": {
                        "onChange": {
                          "enabled": null,
                          "script": "\tval \u003d currentValue.value\n\tif val is not None:\n\t    count \u003d self.props.options.getRowCount()\n\t    for i in range(0, count):\n\t        if self.props.options.getValueAt(i, \"value\") \u003d\u003d val:\n\t            self.custom.ID \u003d self.props.options.getValueAt(i, \"ID\")\n\t#self.view.params.Params.LINE \u003d currentValue.value\n\t#self.view.params.Params.LINE_ID \u003d self.custom.ID"
                        }
                      }
                    },
                    "type": "ia.input.dropdown"
                  }
                ],
                "meta": {
                  "name": "Line_Container"
                },
                "position": {
                  "shrink": 0
                },
                "props": {
                  "alignContent": "center",
                  "alignItems": "center",
                  "justify": "center"
                },
                "type": "ia.container.flex"
              },
              {
                "children": [
                  {
                    "meta": {
                      "name": "Label"
                    },
                    "position": {
                      "basis": "10%",
                      "shrink": 0
                    },
                    "props": {
                      "text": "MACHINE"
                    },
                    "type": "ia.display.label"
                  },
                  {
                    "custom": {
                      "CODE": 324567,
                      "ID": 4,
                      "TYPE": "BNB"
                    },
                    "meta": {
                      "name": "Dropdown"
                    },
                    "position": {
                      "basis": "20%",
                      "shrink": 0
                    },
                    "propConfig": {
                      "props.options": {
                        "binding": {
                          "config": {
                            "parameters": {
                              "column": "\"MACHINE AS label, MACHINE as value, MACHINE_ID as ID, MACHINE_TYPE AS TYPE, MACHINE_CODE AS CODE\"",
                              "condition": "\"Group by MACHINE, MACHINE_ID, MACHINE_TYPE, MACHINE_CODE ORDER BY MACHINE_ID\"",
                              "table": "\u0027SUB_MODULE_TABLE\u0027",
                              "where": "\"BG \u003d \u0027\"+{session.custom.Duplication_Checklist.BG}+\"\u0027 AND BG_ID \u003d \"+{session.custom.Duplication_Checklist.BG_ID}+\" AND PLANT \u003d \u0027\"+{session.custom.Duplication_Checklist.PLANT}+\"\u0027 AND PLANT_ID \u003d \"+{session.custom.Duplication_Checklist.PLANT_ID}+\" AND MODULE \u003d \u0027\"+{session.custom.Duplication_Checklist.MODULE}+\"\u0027 AND MODULE_ID \u003d \"+{session.custom.Duplication_Checklist.MODULE_ID}+\" AND SUB_MODULE \u003d \u0027\"+{session.custom.Duplication_Checklist.SUB_MODULE}+\"\u0027 AND SUB_MODULE_ID \u003d \"+{session.custom.Duplication_Checklist.SUB_MODULE_ID}+\" AND LINE \u003d \u0027\"+{.../Line_Container/Dropdown.props.value}+\"\u0027\""
                            },
                            "queryPath": "PMC/NEW_TEST/ACTIONS/SELECT_WITH_CONDITION"
                          },
                          "type": "query"
                        }
                      },
                      "props.value": {
                        "onChange": {
                          "enabled": null,
                          "script": "\tval \u003d currentValue.value\n\tif val is not None:\n\t    count \u003d self.props.options.getRowCount()\n\t    for i in range(0, count):\n\t        if self.props.options.getValueAt(i, \"value\") \u003d\u003d val:\n\t            self.custom.ID \u003d self.props.options.getValueAt(i, \"ID\")\n\t            self.custom.TYPE \u003d self.props.options.getValueAt(i, \"TYPE\")\n\t            self.custom.CODE \u003d self.props.options.getValueAt(i, \"CODE\")\n\t#self.view.params.Params.MACHINE \u003d currentValue.value\n\t#self.view.params.Params.MACHINE_ID \u003d self.custom.ID\n\t#self.view.params.Params.MACHINE_TYPE \u003d self.custom.TYPE\n\t#self.view.params.Params.MACHINE_CODE \u003d self.custom.CODE"
                        }
                      }
                    },
                    "type": "ia.input.dropdown"
                  }
                ],
                "meta": {
                  "name": "Machine_Container"
                },
                "position": {
                  "shrink": 0
                },
                "props": {
                  "alignContent": "center",
                  "alignItems": "center",
                  "justify": "center"
                },
                "type": "ia.container.flex"
              }
            ],
            "meta": {
              "name": "DD"
            },
            "props": {
              "direction": "column",
              "style": {
                "marginBottom": 10
              }
            },
            "type": "ia.container.flex"
          },
          {
            "children": [
              {
                "meta": {
                  "name": "Generate"
                },
                "propConfig": {
                  "props.value": {
                    "onChange": {
                      "enabled": null,
                      "script": "\tif currentValue.value \u003d\u003d 1:\n\t\tself.view.params.LINE \u003d self.parent.parent.getChild(\"DD\").getChild(\"Line_Container\").getChild(\"Dropdown\").props.value\n\t\tself.view.params.LINE_ID \u003d self.parent.parent.getChild(\"DD\").getChild(\"Line_Container\").getChild(\"Dropdown\").custom.ID\n\t\tself.view.params.MACHINE \u003d self.parent.parent.getChild(\"DD\").getChild(\"Machine_Container\").getChild(\"Dropdown\").props.value\n\t\tself.view.params.MACHINE_ID \u003d self.parent.parent.getChild(\"DD\").getChild(\"Machine_Container\").getChild(\"Dropdown\").custom.ID\n\t\tself.view.params.MACHINE_TYPE \u003d self.parent.parent.getChild(\"DD\").getChild(\"Machine_Container\").getChild(\"Dropdown\").custom.TYPE\n\t\tself.view.params.MACHINE_CODE \u003d self.parent.parent.getChild(\"DD\").getChild(\"Machine_Container\").getChild(\"Dropdown\").custom.CODE\n\t\tself.session.custom.Duplication_Checklist.LINE \u003d self.parent.parent.getChild(\"DD\").getChild(\"Line_Container\").getChild(\"Dropdown\").props.value\n\t\tself.session.custom.Duplication_Checklist.LINE_ID \u003d self.parent.parent.getChild(\"DD\").getChild(\"Line_Container\").getChild(\"Dropdown\").custom.ID\n\t\tself.session.custom.Duplication_Checklist.MACHINE \u003d self.parent.parent.getChild(\"DD\").getChild(\"Machine_Container\").getChild(\"Dropdown\").props.value\n\t\tself.session.custom.Duplication_Checklist.MACHINE_ID \u003d self.parent.parent.getChild(\"DD\").getChild(\"Machine_Container\").getChild(\"Dropdown\").custom.ID\n\t\tself.session.custom.Duplication_Checklist.MACHINE_CODE \u003d self.parent.parent.getChild(\"DD\").getChild(\"Machine_Container\").getChild(\"Dropdown\").custom.CODE\n\t\tself.session.custom.Duplication_Checklist.MACHINE_TYPE \u003d self.parent.parent.getChild(\"DD\").getChild(\"Machine_Container\").getChild(\"Dropdown\").custom.TYPE\n\t\t#duplicate DS\n\t\tquery \u003d \"SELECT HEADER, HEADER_ID, SUB_HEADER, SUB_HEADER_ID, PARAMETER_ID, PARAMETER, LL, UL, UNIT, CHECKBOX FROM PMC_UPDATE_VALUE WHERE CHECKLIST_UNIQUE_ID \u003d ?\"\n\t\tarrg \u003d [self.session.custom.Duplication_Checklist.Checklist_ID]\n\t\tdb \u003d system.tag.read(\"[default]PMC/DB\").value\n\t\tds \u003d system.db.runPrepQuery(query,arrg,db)\n\t\tself.session.custom.Duplication_Checklist.DS \u003d ds\n\t\t\n\t\t#Duplicate Button\n\t\timport time\n\t\ttime.sleep(0.5)\n\t\tself.position.display \u003d bool(0)\n\t\tself.props.value \u003d 0\n\t\tself.getSibling(\"Duplicate\").position.display \u003d bool(1)\n\t\tself.view.params.CL_visible \u003d bool(1)\n\t\t\n\t\t#self.props.value \u003d 0"
                    }
                  }
                },
                "props": {
                  "confirm": {
                    "enabled": true
                  },
                  "readyState": {
                    "icon": {
                      "path": "material/autorenew",
                      "style": {
                        "height": "24px",
                        "width": "2rem"
                      }
                    },
                    "style": {
                      "backgroundColor": "#00ACAC",
                      "borderBottomLeftRadius": 15,
                      "borderBottomRightRadius": 15,
                      "borderStyle": "groove",
                      "borderTopLeftRadius": 15,
                      "borderTopRightRadius": 15,
                      "fontFamily": "Arial",
                      "fontSize": "1dvw",
                      "paddingBottom": 5,
                      "paddingLeft": 20,
                      "paddingRight": 20,
                      "paddingTop": 5,
                      "textAlign": "center"
                    },
                    "text": "Generate"
                  },
                  "writingState": {
                    "icon": {
                      "path": "material/wifi_protected_setup",
                      "style": {
                        "height": "24px",
                        "width": "2rem"
                      }
                    },
                    "style": {
                      "backgroundColor": "#AAAAAA",
                      "borderBottomLeftRadius": 15,
                      "borderBottomRightRadius": 15,
                      "borderStyle": "groove",
                      "borderTopLeftRadius": 15,
                      "borderTopRightRadius": 15,
                      "fontFamily": "Arial",
                      "fontSize": "1dvw",
                      "paddingBottom": 5,
                      "paddingLeft": 20,
                      "paddingRight": 20,
                      "paddingTop": 5,
                      "textAlign": "center"
                    },
                    "text": "Generated..."
                  }
                },
                "type": "ia.input.oneshotbutton"
              },
              {
                "meta": {
                  "name": "Duplicate"
                },
                "position": {
                  "display": false
                },
                "propConfig": {
                  "props.value": {
                    "onChange": {
                      "enabled": null,
                      "script": "\timport time\n\tif currentValue.value \u003d\u003d 1:\n\t    db \u003d system.tag.read(\"[default]PMC/DB\").value\n\t    ds \u003d self.session.custom.Duplication_Checklist.DS\n\t    today \u003d system.date.now()\n\t    date \u003d system.date.format(today, \"yyyy-MM-dd HH:mm:ss\")\n\t    \n\t    view_params \u003d {\n\t        \"BG\": self.session.custom.Duplication_Checklist.BG,\n\t        \"BG_ID\": self.session.custom.Duplication_Checklist.BG_ID,\n\t        \"PLANT\": self.session.custom.Duplication_Checklist.PLANT,\n\t        \"PLANT_ID\": self.session.custom.Duplication_Checklist.PLANT_ID,\n\t        \"LINE\": self.session.custom.Duplication_Checklist.LINE,\n\t        \"LINE_ID\": self.session.custom.Duplication_Checklist.LINE_ID,\n\t        \"MACHINE\": self.session.custom.Duplication_Checklist.MACHINE,\n\t        \"MACHINE_ID\": self.session.custom.Duplication_Checklist.MACHINE_ID,\n\t        \"MACHINE_CODE\": self.session.custom.Duplication_Checklist.MACHINE_CODE,\n\t        \"MACHINE_TYPE\": self.session.custom.Duplication_Checklist.MACHINE_TYPE,\n\t        \"MODULE\": self.session.custom.Duplication_Checklist.MODULE,\n\t        \"MODULE_ID\": self.session.custom.Duplication_Checklist.MODULE_ID,\n\t        \"SUB_MODULE\": self.session.custom.Duplication_Checklist.SUB_MODULE,\n\t        \"SUB_MODULE_ID\": self.session.custom.Duplication_Checklist.SUB_MODULE_ID,\n\t        \"DEPT\": self.session.custom.Duplication_Checklist.DEPT,\n\t        \"DEPT_ID\": self.session.custom.Duplication_Checklist.DEPT_ID\n\t    }\n\t    \n\t    # Delete from tables\n\t    delete_where_clause \u003d [\n\t        view_params[\"BG\"], view_params[\"BG_ID\"], view_params[\"PLANT\"], view_params[\"PLANT_ID\"],\n\t        view_params[\"LINE\"], view_params[\"LINE_ID\"], view_params[\"MACHINE\"], view_params[\"MACHINE_ID\"],\n\t        view_params[\"MACHINE_CODE\"], view_params[\"MODULE\"], view_params[\"MODULE_ID\"], view_params[\"SUB_MODULE\"],\n\t        view_params[\"SUB_MODULE_ID\"], view_params[\"DEPT\"], view_params[\"DEPT_ID\"]\n\t    ]\n\t    \n\t    system.db.runPrepUpdate(\"DELETE FROM HEADER_TABLE WHERE BG \u003d ? and BG_ID \u003d ? and PLANT \u003d ? and PLANT_ID \u003d ? and LINE \u003d ? and LINE_ID \u003d ? and MACHINE \u003d ? and MACHINE_ID \u003d ? and MACHINE_CODE \u003d ? and MODULE \u003d ? and MODULE_ID \u003d ? and SUB_MODULE \u003d ? and SUB_MODULE_ID \u003d ? and DEPT \u003d ? and DEPT_ID \u003d ?\", delete_where_clause, db)\n\t    \n\t    system.db.runPrepUpdate(\"DELETE FROM SUB_HEADER_TABLE WHERE BG \u003d ? and BG_ID \u003d ? and PLANT \u003d ? and PLANT_ID \u003d ? and LINE \u003d ? and LINE_ID \u003d ? and MACHINE \u003d ? and MACHINE_ID \u003d ? and MACHINE_CODE \u003d ? and MODULE \u003d ? and MODULE_ID \u003d ? and SUB_MODULE \u003d ? and SUB_MODULE_ID \u003d ? and DEPT \u003d ? and DEPT_ID \u003d ?\", delete_where_clause, db)\n\t    \n\t    system.db.runPrepUpdate(\"DELETE FROM PMC_PARAMETER WHERE BG \u003d ? and BG_ID \u003d ? and PLANT \u003d ? and PLANT_ID \u003d ? and LINE \u003d ? and LINE_ID \u003d ? and MACHINE \u003d ? and MACHINE_ID \u003d ? and MACHINE_CODE \u003d ? and MODULE \u003d ? and MODULE_ID \u003d ? and SUB_MODULE \u003d ? and SUB_MODULE_ID \u003d ? and DEPT \u003d ? and DEPT_ID \u003d ?\", delete_where_clause, db)\n\t    \n\t    # Update HEADER_TABLE\n\t    hds \u003d self.view.params.H_DS\n\t    for i in range(hds.rowCount):\n\t        hds_row \u003d [hds.getValueAt(i, col) for col in range(hds.columnCount)]\n\t        system.db.runPrepUpdate(\n\t            \"INSERT INTO HEADER_TABLE (BG, BG_ID, PLANT, PLANT_ID, LINE, LINE_ID, MACHINE, MACHINE_ID, MACHINE_CODE, MACHINE_TYPE, MODULE, MODULE_ID, SUB_MODULE, SUB_MODULE_ID, DEPT, DEPT_ID, HEADER, HEADER_ID) VALUES (?,?,?,?,?,?,?,?,?,?,?,?,?,?,?,?,?,?)\",\n\t            [view_params[\"BG\"], view_params[\"BG_ID\"], view_params[\"PLANT\"], view_params[\"PLANT_ID\"], view_params[\"LINE\"], view_params[\"LINE_ID\"], view_params[\"MACHINE\"], view_params[\"MACHINE_ID\"], view_params[\"MACHINE_CODE\"], view_params[\"MACHINE_TYPE\"], view_params[\"MODULE\"], view_params[\"MODULE_ID\"], view_params[\"SUB_MODULE\"], view_params[\"SUB_MODULE_ID\"], view_params[\"DEPT\"], view_params[\"DEPT_ID\"], hds_row[1], hds_row[0]],\n\t            db\n\t        )\n\t    \n\t    # Update SUB_HEADER table\n\t    shds \u003d self.view.params.SH_DS\n\t    for i in range(shds.rowCount):\n\t        shds_row \u003d [shds.getValueAt(i, col) for col in range(shds.columnCount)]\n\t        system.db.runPrepUpdate(\n\t            \"INSERT INTO SUB_HEADER_TABLE (BG, BG_ID, PLANT, PLANT_ID, LINE, LINE_ID, MACHINE, MACHINE_ID, MACHINE_CODE, MACHINE_TYPE, MODULE, MODULE_ID, SUB_MODULE, SUB_MODULE_ID, DEPT, DEPT_ID, HEADER_ID, HEADER, SUB_HEADER_ID, SUB_HEADER) VALUES (?,?,?,?,?,?,?,?,?,?,?,?,?,?,?,?,?,?,?,?)\",\n\t            [view_params[\"BG\"], view_params[\"BG_ID\"], view_params[\"PLANT\"], view_params[\"PLANT_ID\"], view_params[\"LINE\"], view_params[\"LINE_ID\"], view_params[\"MACHINE\"], view_params[\"MACHINE_ID\"], view_params[\"MACHINE_CODE\"], view_params[\"MACHINE_TYPE\"], view_params[\"MODULE\"], view_params[\"MODULE_ID\"], view_params[\"SUB_MODULE\"], view_params[\"SUB_MODULE_ID\"], view_params[\"DEPT\"], view_params[\"DEPT_ID\"], shds_row[0], shds_row[1], shds_row[2], shds_row[3]],\n\t            db\n\t        )\n\t    \n\t    # Update PMC_PARAMETER table\n\t    for i in range(ds.rowCount):\n\t        row \u003d [ds.getValueAt(i, col) for col in range(ds.columnCount)]\n\t        system.db.runPrepUpdate(\n\t            \"INSERT INTO PMC_PARAMETER (DATE, BG, BG_ID, PLANT, PLANT_ID, LINE, LINE_ID, MACHINE, MACHINE_ID, MACHINE_CODE, MACHINE_TYPE, MODULE, MODULE_ID, SUB_MODULE, SUB_MODULE_ID, DEPT, DEPT_ID, FORM_NO, FORM_NO_REV, DOC_NO, DOC_NO_REV, VERSION, HEADER, HEADER_ID, SUB_HEADER, SUB_HEADER_ID, PARAMETER_ID, PARAMETER, LL, UL, UNIT, CHECKBOX) VALUES (?,?,?,?,?,?,?,?,?,?,?,?,?,?,?,?,?,?,?,?,?,?,?,?,?,?,?,?,?,?,?,?)\",\n\t            [date, view_params[\"BG\"], view_params[\"BG_ID\"], view_params[\"PLANT\"], view_params[\"PLANT_ID\"], view_params[\"LINE\"], view_params[\"LINE_ID\"], view_params[\"MACHINE\"], view_params[\"MACHINE_ID\"], view_params[\"MACHINE_CODE\"], view_params[\"MACHINE_TYPE\"], view_params[\"MODULE\"], view_params[\"MODULE_ID\"], view_params[\"SUB_MODULE\"], view_params[\"SUB_MODULE_ID\"], view_params[\"DEPT\"], view_params[\"DEPT_ID\"], 0, 0, 0, 0, 0, row[0], row[1], row[2], row[3], row[4], row[5], row[6], row[7], row[8], row[9]],\n\t            db\n\t        )\n\t    \n\t    # Insert into FORM_NO_TABLE\n\t    system.db.runPrepUpdate(\n\t        \"INSERT INTO FORM_NO_TABLE (DATE, BG, BG_ID, PLANT, PLANT_ID, LINE, LINE_ID, MACHINE, MACHINE_ID, MACHINE_CODE, MACHINE_TYPE, MODULE, MODULE_ID, SUB_MODULE, SUB_MODULE_ID, DEPT, DEPT_ID, FORM_NO, FORM_NO_REV, DOC_NO, DOC_NO_REV, VERSION) VALUES (?,?,?,?,?,?,?,?,?,?,?,?,?,?,?,?,?,?,?,?,?,?)\",\n\t        [date, view_params[\"BG\"], view_params[\"BG_ID\"], view_params[\"PLANT\"], view_params[\"PLANT_ID\"], view_params[\"LINE\"], view_params[\"LINE_ID\"], view_params[\"MACHINE\"], view_params[\"MACHINE_ID\"], view_params[\"MACHINE_CODE\"], view_params[\"MACHINE_TYPE\"], view_params[\"MODULE\"], view_params[\"MODULE_ID\"], view_params[\"SUB_MODULE\"], view_params[\"SUB_MODULE_ID\"], view_params[\"DEPT\"], view_params[\"DEPT_ID\"], 0, 0, 0, 0, 0],\n\t        db\n\t    )\n\t    \n\t    #Clear Dataset\n\t    headers \u003d list(ds.getColumnNames())\n\t    dataOut\u003d[]\n\t    self.session.custom.Duplication_Checklist.DS \u003d system.dataset.toDataSet(headers,dataOut)\n\t    \n\t    #Duplicate Button\n\t    time.sleep(0.5)\n\t    self.position.display \u003d bool(0)\n\t    self.props.value \u003d 0\n\t    self.getSibling(\"Generate\").position.display \u003d bool(1)"
                    }
                  }
                },
                "props": {
                  "readyState": {
                    "icon": {
                      "path": "material/control_point_duplicate",
                      "style": {
                        "height": "24px",
                        "width": "2rem"
                      }
                    },
                    "style": {
                      "backgroundColor": "#00AC00",
                      "borderBottomLeftRadius": 15,
                      "borderBottomRightRadius": 15,
                      "borderStyle": "groove",
                      "borderTopLeftRadius": 15,
                      "borderTopRightRadius": 15,
                      "fontFamily": "Arial",
                      "fontSize": "1dvw",
                      "paddingBottom": 5,
                      "paddingLeft": 20,
                      "paddingRight": 20,
                      "paddingTop": 5,
                      "textAlign": "center"
                    },
                    "text": "Duplicate-Checklist"
                  },
                  "writingState": {
                    "icon": {
                      "path": "material/wifi_protected_setup",
                      "style": {
                        "height": "24px",
                        "width": "2rem"
                      }
                    },
                    "style": {
                      "backgroundColor": "#AAAAAA",
                      "borderBottomLeftRadius": 15,
                      "borderBottomRightRadius": 15,
                      "borderStyle": "groove",
                      "borderTopLeftRadius": 15,
                      "borderTopRightRadius": 15,
                      "fontFamily": "Arial",
                      "fontSize": "1dvw",
                      "paddingBottom": 5,
                      "paddingLeft": 20,
                      "paddingRight": 20,
                      "paddingTop": 5,
                      "textAlign": "center"
                    },
                    "text": "Dupliacting..."
                  }
                },
                "type": "ia.input.oneshotbutton"
              }
            ],
            "meta": {
              "name": "Button"
            },
            "position": {
              "shrink": 0
            },
            "props": {
              "alignContent": "center",
              "alignItems": "center",
              "justify": "center",
              "style": {
                "marginBottom": 10
              }
            },
            "type": "ia.container.flex"
          }
        ],
        "meta": {
          "name": "FlexContainer"
        },
        "position": {
          "shrink": 0
        },
        "props": {
          "direction": "column"
        },
        "type": "ia.container.flex"
      },
      {
        "meta": {
          "name": "EmbeddedView"
        },
        "propConfig": {
          "position.display": {
            "binding": {
              "config": {
                "path": "view.params.CL_visible"
              },
              "type": "property"
            }
          }
        },
        "props": {
          "params": {
            "CHECKLIST_UNIQUE_CODE": null
          },
          "path": "PMC/Checklist/Duplicate_Checklist"
        },
        "type": "ia.display.view"
      }
    ],
    "meta": {
      "name": "root"
    },
    "props": {
      "direction": "column"
    },
    "type": "ia.container.flex"
  }
}