{
  "custom": {},
  "params": {
    "Business": 5000,
    "Plant": "",
    "Plant_id": 5000
  },
  "propConfig": {
    "params.Business": {
      "paramDirection": "input",
      "persistent": true
    },
    "params.Plant": {
      "paramDirection": "input",
      "persistent": true
    },
    "params.Plant_id": {
      "paramDirection": "input",
      "persistent": true
    }
  },
  "props": {
    "defaultSize": {
      "height": 314,
      "width": 257
    }
  },
  "root": {
    "children": [
      {
        "children": [
          {
            "children": [
              {
                "meta": {
                  "name": "Label"
                },
                "position": {
                  "basis": "50%"
                },
                "propConfig": {
                  "props.text": {
                    "binding": {
                      "config": {
                        "path": "view.params.Plant"
                      },
                      "type": "property"
                    }
                  }
                },
                "props": {
                  "style": {
                    "fontFamily": "Arial",
                    "fontSize": "1dvw",
                    "fontWeight": "bold",
                    "textAlign": "center"
                  }
                },
                "type": "ia.display.label"
              }
            ],
            "meta": {
              "name": "Container_title"
            },
            "position": {
              "basis": "17.6%",
              "shrink": 0
            },
            "props": {
              "alignContent": "flex-end",
              "alignItems": "center",
              "direction": "column",
              "justify": "center",
              "style": {
                "backgroundColor": "#426498",
                "color": "#FFFFFF",
                "fontFamily": "Verdana",
                "fontSize": "0.9dvw",
                "fontWeight": "bolder"
              }
            },
            "type": "ia.container.flex"
          },
          {
            "children": [
              {
                "meta": {
                  "name": "OEELabel"
                },
                "position": {
                  "basis": "16.9%"
                },
                "props": {
                  "style": {
                    "backgroundColor": "#CCCCFF",
                    "borderTopLeftRadius": 6,
                    "borderTopRightRadius": 6,
                    "fontFamily": "Verdana",
                    "fontSize": "0.9dvw",
                    "textAlign": "center"
                  },
                  "text": "OEE"
                },
                "type": "ia.display.label"
              },
              {
                "meta": {
                  "name": "OEEGauge"
                },
                "position": {
                  "basis": "60%"
                },
                "propConfig": {
                  "props.value": {
                    "binding": {
                      "config": {
                        "expression": "({.../APQlabelvalue/Availabilityvalue.props.text}*{.../APQlabelvalue/PerformanceValue.props.text}*{.../APQlabelvalue/Qualityvalue.props.text}) /10000"
                      },
                      "transforms": [
                        {
                          "expression": "round({value},2)",
                          "type": "expression"
                        }
                      ],
                      "type": "expr"
                    }
                  }
                },
                "props": {
                  "arc": {
                    "color": "#008000",
                    "width": 8
                  },
                  "arcBackground": {
                    "color": "#008000"
                  },
                  "endAngle": 405,
                  "label": {
                    "color": "#008000",
                    "visible": false
                  },
                  "startAngle": 135,
                  "style": {
                    "backgroundColor": "#FFFFFF",
                    "classes": []
                  }
                },
                "type": "ia.chart.simple-gauge"
              },
              {
                "meta": {
                  "contextMenu": {
                    "style": {
                      "fontFamily": "Arial",
                      "fontSize": "0.8dvw",
                      "textAlign": "center"
                    }
                  },
                  "name": "OEEvalue"
                },
                "position": {
                  "basis": "20%"
                },
                "propConfig": {
                  "props.text": {
                    "binding": {
                      "config": {
                        "path": "../OEEGauge.props.value"
                      },
                      "transforms": [
                        {
                          "expression": "{value} + \" %\"",
                          "type": "expression"
                        }
                      ],
                      "type": "property"
                    }
                  }
                },
                "props": {
                  "style": {
                    "backgroundColor": "#CCCCFF",
                    "borderBottomLeftRadius": 6,
                    "borderBottomRightRadius": 6,
                    "fontFamily": "Verdana",
                    "fontSize": "0.9dvw"
                  }
                },
                "type": "ia.display.label"
              }
            ],
            "meta": {
              "name": "Gauge"
            },
            "position": {
              "basis": "54.1%"
            },
            "props": {
              "direction": "column",
              "justify": "space-evenly",
              "style": {
                "backgroundColor": "#426498",
                "borderRadius": 6,
                "fontFamily": "Verdana",
                "fontSize": "0.9dvw",
                "fontWeight": "bold",
                "margin": 4
              }
            },
            "type": "ia.container.flex"
          },
          {
            "children": [
              {
                "meta": {
                  "name": "Availability"
                },
                "position": {
                  "basis": "30%",
                  "grow": 1
                },
                "props": {
                  "style": {
                    "backgroundColor": "#FFCA8A",
                    "fontFamily": "Verdana",
                    "fontSize": "0.8dvw"
                  },
                  "text": "Availabilty"
                },
                "type": "ia.display.label"
              },
              {
                "meta": {
                  "name": "Performance"
                },
                "position": {
                  "basis": "30%",
                  "grow": 1
                },
                "props": {
                  "style": {
                    "backgroundColor": "#FFCA8A",
                    "fontFamily": "Verdana",
                    "fontSize": "0.8dvw"
                  },
                  "text": "Performance"
                },
                "type": "ia.display.label"
              },
              {
                "meta": {
                  "name": "Quality"
                },
                "position": {
                  "basis": "30%",
                  "grow": 1
                },
                "props": {
                  "style": {
                    "backgroundColor": "#FFCA8A",
                    "borderColor": "#000080",
                    "fontFamily": "Verdana",
                    "fontSize": "0.8dvw"
                  },
                  "text": "Quality"
                },
                "type": "ia.display.label"
              }
            ],
            "meta": {
              "name": "APQlabel"
            },
            "position": {
              "basis": "10%"
            },
            "props": {
              "style": {
                "backgroundColor": "#FFFFFF",
                "borderColor": "#426498",
                "borderStyle": "groove",
                "borderTopLeftRadius": 14,
                "borderTopRightRadius": 14,
                "borderWidth": 2,
                "margin": 2
              }
            },
            "type": "ia.container.flex"
          },
          {
            "children": [
              {
                "meta": {
                  "contextMenu": {
                    "style": {
                      "fontFamily": "Arial",
                      "fontSize": "0.8dvw",
                      "textAlign": "center"
                    }
                  },
                  "name": "Availabilityvalue"
                },
                "position": {
                  "basis": "33%"
                },
                "propConfig": {
                  "props.text": {
                    "binding": {
                      "config": {
                        "parameters": {
                          "BusinessID": "{view.params.Business}",
                          "Date": "now()",
                          "PlantID": "{view.params.Plant_id}",
                          "Shift": "tag(\r  \"[default]Common_Portal/OEE/BUSINESS_\" + toString({view.params.Business}) +\r  \"/PLANT_\" + toString({view.params.Plant_id}) +\r  \"/Shift\"\r)\r"
                        },
                        "polling": {
                          "enabled": true,
                          "rate": "300"
                        },
                        "queryPath": "OEE/APQ\u0026OEE - QUERIES/Plantwise_Availability",
                        "returnFormat": "scalar"
                      },
                      "transforms": [
                        {
                          "expression": "round({value},2) + \u0027 %\u0027",
                          "type": "expression"
                        }
                      ],
                      "type": "query"
                    }
                  }
                },
                "props": {
                  "style": {
                    "backgroundColor": "#CCCCFF",
                    "fontFamily": "Verdana",
                    "fontSize": "0.9dvw"
                  }
                },
                "type": "ia.display.label"
              },
              {
                "meta": {
                  "contextMenu": {
                    "style": {
                      "fontFamily": "Arial",
                      "fontSize": "0.8dvw",
                      "textAlign": "center"
                    }
                  },
                  "name": "PerformanceValue"
                },
                "position": {
                  "basis": "34%"
                },
                "propConfig": {
                  "props.text": {
                    "binding": {
                      "config": {
                        "parameters": {
                          "BusinessID": "{view.params.Business}",
                          "Date": "now()",
                          "PlantID": "{view.params.Plant_id}",
                          "Shift": "tag(\r  \"[default]Common_Portal/OEE/BUSINESS_\" + toString({view.params.Business}) +\r  \"/PLANT_\" + toString({view.params.Plant_id}) +\r  \"/Shift\"\r)\r"
                        },
                        "polling": {
                          "enabled": true,
                          "rate": "300"
                        },
                        "queryPath": "OEE/APQ\u0026OEE - QUERIES/Plantwise_Performance",
                        "returnFormat": "scalar"
                      },
                      "transforms": [
                        {
                          "expression": "round({value},2) + \u0027 %\u0027",
                          "type": "expression"
                        }
                      ],
                      "type": "query"
                    }
                  }
                },
                "props": {
                  "style": {
                    "backgroundColor": "#CCCCFF",
                    "fontFamily": "Verdana",
                    "fontSize": "0.9dvw"
                  }
                },
                "type": "ia.display.label"
              },
              {
                "meta": {
                  "name": "Qualityvalue"
                },
                "position": {
                  "basis": "33%"
                },
                "propConfig": {
                  "props.text": {
                    "binding": {
                      "config": {
                        "parameters": {
                          "BusinessID": "{view.params.Business}",
                          "Date": "now()",
                          "PlantID": "{view.params.Plant_id}",
                          "Shift": "tag(\r  \"[default]Common_Portal/OEE/BUSINESS_\" + toString({view.params.Business}) +\r  \"/PLANT_\" + toString({view.params.Plant_id}) +\r  \"/Shift\"\r)\r"
                        },
                        "queryPath": "OEE/APQ\u0026OEE - QUERIES/Plantwise_Quality",
                        "returnFormat": "scalar"
                      },
                      "transforms": [
                        {
                          "expression": "round({value},2) +\" %\"",
                          "type": "expression"
                        }
                      ],
                      "type": "query"
                    }
                  }
                },
                "props": {
                  "style": {
                    "backgroundColor": "#CCCCFF",
                    "fontFamily": "Verdana",
                    "fontSize": "0.9dvw",
                    "textAlign": "center"
                  }
                },
                "type": "ia.display.label"
              }
            ],
            "meta": {
              "name": "APQlabelvalue"
            },
            "position": {
              "basis": "14%"
            },
            "props": {
              "style": {
                "backgroundColor": "#FFFFFF",
                "borderBottomLeftRadius": 14,
                "borderBottomRightRadius": 14,
                "borderColor": "#426498",
                "borderStyle": "groove",
                "borderWidth": 2,
                "fontFamily": "Arial",
                "fontSize": "0.8dvw",
                "fontWeight": "bold",
                "margin": 2
              }
            },
            "type": "ia.container.flex"
          }
        ],
        "events": {
          "dom": {
            "onClick": {
              "config": {
                "script": "\tplant_str \u003d self.view.params.Plant_id  # Already int\n\tbusiness \u003d self.view.params.Business\n\trequired_role \u003d self.view.params.Plant  # This is string\n\tuser_roles \u003d self.session.props.auth.user.roles\n\t\n\thas_access \u003d (required_role in user_roles) or (\"RDC Admin\" in user_roles) or (\"HO\" in user_roles)  \n\t\n\tif has_access:\n\t    \n\t    system.perspective.navigate(\n\t        view\u003d\u0027OEE/OEE/MachineOverview\u0027,\n\t        params\u003d{\n\t            \u0027business\u0027: business,\n\t            \u0027Plant_id\u0027: plant_str  # Sent correctly\n\t        }\n\t    )\n\telse:\n\t    self.custom.accessDenied \u003d True"
              },
              "scope": "G",
              "type": "script"
            }
          }
        },
        "meta": {
          "name": "PlantContainer"
        },
        "position": {
          "basis": "100%",
          "shrink": 0
        },
        "props": {
          "direction": "column",
          "justify": "center",
          "style": {
            "backgroundColor": "#426498",
            "borderRadius": 15,
            "borderWidth": 1,
            "fontFamily": "Verdana",
            "fontSize": "0.9dvw",
            "textAlign": "center"
          }
        },
        "type": "ia.container.flex"
      }
    ],
    "meta": {
      "name": "root"
    },
    "props": {
      "style": {
        "backgroundColor": "#FAFAFB",
        "borderRadius": 15,
        "borderStyle": "groove",
        "fontFamily": "Verdana",
        "fontSize": "0.9dvw",
        "fontWeight": "bolder",
        "margin": 5,
        "textAlign": "center"
      }
    },
    "type": "ia.container.flex"
  }
}