{
  "custom": {
    "CurrentIndex": 2,
    "Params": [
      null,
      null,
      null,
      null
    ]
  },
  "params": {
    "Business_ID": "value",
    "Current": "value",
    "Energy": "value",
    "Line_ID": "value",
    "Machine_ID": "value",
    "Machine_Name": "value",
    "PF": "value",
    "Plant_ID": "value",
    "Voltage": "value"
  },
  "propConfig": {
    "custom.CurrentIndex": {
      "binding": {
        "config": {
          "expression": "floor((getSecond(now())/ 5) % len({view.custom.Params}))"
        },
        "type": "expr"
      },
      "persistent": true
    },
    "custom.Params": {
      "persistent": true
    },
    "custom.Params[0]": {
      "binding": {
        "config": {
          "path": "view.params.Voltage"
        },
        "type": "property"
      }
    },
    "custom.Params[1]": {
      "binding": {
        "config": {
          "path": "view.params.Current"
        },
        "type": "property"
      }
    },
    "custom.Params[2]": {
      "binding": {
        "config": {
          "path": "view.params.PF"
        },
        "type": "property"
      }
    },
    "custom.Params[3]": {
      "binding": {
        "config": {
          "path": "view.params.Energy"
        },
        "type": "property"
      }
    },
    "params.Business_ID": {
      "paramDirection": "input",
      "persistent": true
    },
    "params.Current": {
      "paramDirection": "input",
      "persistent": true
    },
    "params.Energy": {
      "paramDirection": "input",
      "persistent": true
    },
    "params.Line_ID": {
      "paramDirection": "input",
      "persistent": true
    },
    "params.Machine_ID": {
      "paramDirection": "input",
      "persistent": true
    },
    "params.Machine_Name": {
      "paramDirection": "input",
      "persistent": true
    },
    "params.PF": {
      "paramDirection": "input",
      "persistent": true
    },
    "params.Plant_ID": {
      "paramDirection": "input",
      "persistent": true
    },
    "params.Voltage": {
      "paramDirection": "input",
      "persistent": true
    }
  },
  "props": {
    "defaultSize": {
      "height": 92,
      "width": 244
    }
  },
  "root": {
    "children": [
      {
        "children": [
          {
            "meta": {
              "name": "Label"
            },
            "position": {
              "height": 24,
              "rotate": {
                "anchor": "-216% -16%"
              },
              "width": 143,
              "x": 52,
              "y": 1.5
            },
            "propConfig": {
              "props.text": {
                "binding": {
                  "config": {
                    "path": "view.params.Machine_Name"
                  },
                  "type": "property"
                }
              }
            },
            "props": {
              "textStyle": {
                "backgroundColor": "#4A90E2",
                "borderStyle": "none",
                "color": "#FFFFFF",
                "fontFamily": "Arial",
                "fontSize": "1dvw",
                "fontWeight": "bolder",
                "textAlign": "center"
              }
            },
            "type": "ia.display.label"
          },
          {
            "meta": {
              "name": "Label_0"
            },
            "position": {
              "height": 29,
              "rotate": {
                "anchor": "-216% -16%"
              },
              "width": 136,
              "x": 60.5,
              "y": 34
            },
            "propConfig": {
              "props.text": {
                "binding": {
                  "config": {
                    "expression": "if({view.custom.CurrentIndex} \u003d 0, \"Voltage: \" + {view.params.Voltage},\r\nif({view.custom.CurrentIndex} \u003d 1, \"Current: \" + {view.params.Current},\r\nif({view.custom.CurrentIndex} \u003d 2, \"PF: \" + {view.params.PF},\r\n\"Energy: \" + {view.params.Energy})))"
                  },
                  "type": "expr"
                }
              }
            },
            "props": {
              "textStyle": {
                "borderStyle": "none",
                "color": "#FFFFFF",
                "fontFamily": "Arial",
                "fontSize": "1dvw",
                "fontWeight": "bolder",
                "textAlign": "center"
              }
            },
            "type": "ia.display.label"
          },
          {
            "meta": {
              "name": "Sensor"
            },
            "position": {
              "height": 62,
              "width": 50,
              "x": 2.5,
              "y": 1.5
            },
            "props": {
              "label": {
                "text": ""
              },
              "value": {
                "text": "EM-1"
              }
            },
            "type": "ia.symbol.sensor"
          }
        ],
        "events": {
          "dom": {
            "onClick": {
              "config": {
                "script": "\t# Safe access to parameters\n\tline_id \u003d getattr(self.view.params, \u0027Line_ID\u0027, None)\n\tmachine_id \u003d getattr(self.view.params, \u0027Machine_ID\u0027, None)\n\tbusiness_id \u003d getattr(self.view.params, \u0027Business_ID\u0027, None)\n\tplant_id \u003d 2  # Fixed value\n\t\n\t# Prepare params dictionary, include both Line_ID and Cell_ID separately\n\tparams \u003d {\n\t    \u0027ll_line\u0027: line_id,\n\t    \u0027mm\u0027: machine_id,\n\t    \u0027business\u0027: business_id,\n\t    \u0027Plant\u0027: plant_id\n\t}\n\t\n\t# Remove None values\n\tfiltered_params \u003d {k: v for k, v in params.items() if v is not None}\n\t\n\t# Navigate\n\tsystem.perspective.navigate(\n\t    view\u003d\"EMS/Overview/EMS_Overview_SGD\",\n\t    params\u003dfiltered_params\n\t)"
              },
              "scope": "G",
              "type": "script"
            }
          }
        },
        "meta": {
          "name": "CoordinateContainer"
        },
        "position": {
          "height": 85,
          "width": 243,
          "x": -2.5,
          "y": -8
        },
        "props": {
          "style": {
            "backgroundColor": "#1E1E2F",
            "borderBottomLeftRadius": 8,
            "borderBottomRightRadius": 8,
            "borderColor": "#335475",
            "borderStyle": "inset",
            "borderTopLeftRadius": 8,
            "borderTopRightRadius": 8,
            "borderWidth": 8,
            "fill": "#804600",
            "marginBottom": 10,
            "marginLeft": 2.5,
            "marginRight": 2.5,
            "marginTop": 10
          }
        },
        "type": "ia.container.coord"
      }
    ],
    "meta": {
      "name": "root"
    },
    "type": "ia.container.coord"
  }
}