{
  "custom": {},
  "params": {
    "Business_ID": 5000,
    "CM_OEE": 0,
    "Plant_ID": 5999,
    "Plant_Name": ""
  },
  "propConfig": {
    "custom.Current_Year": {
      "binding": {
        "config": {
          "expression": "dateExtract(now(), \"year\")"
        },
        "type": "expr"
      }
    },
    "custom.Current_month": {
      "binding": {
        "config": {
          "expression": "(dateExtract(now(), \"month\") % 12) + 1\r\n\r\n"
        },
        "type": "expr"
      }
    },
    "custom.Previous_month": {
      "binding": {
        "config": {
          "expression": "dateExtract(now(), \"month\") "
        },
        "type": "expr"
      }
    },
    "params.Business_ID": {
      "paramDirection": "input",
      "persistent": true
    },
    "params.CM_OEE": {
      "binding": {
        "config": {
          "path": "/root/CurrentMonth.props.text"
        },
        "type": "property"
      },
      "paramDirection": "output",
      "persistent": true
    },
    "params.Plant_ID": {
      "paramDirection": "input",
      "persistent": true
    },
    "params.Plant_Name": {
      "paramDirection": "input",
      "persistent": true
    }
  },
  "props": {
    "defaultSize": {
      "height": 40,
      "width": 630
    }
  },
  "root": {
    "children": [
      {
        "meta": {
          "name": "PlantName"
        },
        "position": {
          "basis": "25%"
        },
        "propConfig": {
          "props.text": {
            "binding": {
              "config": {
                "expression": "{view.params.Plant_Name}"
              },
              "type": "expr"
            }
          }
        },
        "props": {
          "style": {
            "backgroundColor": "#ffffff",
            "color": "#184e77",
            "fontFamily": "Arial",
            "fontSize": "0.8dvw"
          }
        },
        "type": "ia.display.label"
      },
      {
        "meta": {
          "name": "MachineCount"
        },
        "position": {
          "basis": "25%"
        },
        "propConfig": {
          "props.text": {
            "binding": {
              "config": {
                "parameters": {
                  "BusinessID": "{view.params.Business_ID}",
                  "PlantID": "{view.params.Plant_ID}"
                },
                "queryPath": "OEE/BusinessOverview/MachineCount",
                "returnFormat": "scalar"
              },
              "type": "query"
            }
          }
        },
        "props": {
          "style": {
            "backgroundColor": "#ffffff",
            "color": "#184e77",
            "fontFamily": "Arial",
            "fontSize": "0.8dvw"
          }
        },
        "type": "ia.display.label"
      },
      {
        "meta": {
          "name": "PreviousMonth"
        },
        "position": {
          "basis": "25%"
        },
        "propConfig": {
          "custom.Availability": {
            "binding": {
              "config": {
                "parameters": {
                  "BGID": "{view.params.Business_ID}",
                  "Month": "{view.custom.Previous_month}",
                  "PLID": "{view.params.Plant_ID}",
                  "year": "{view.custom.Current_Year}"
                },
                "queryPath": "OEE/BusinessOverview/Business_Availabilty"
              },
              "transforms": [
                {
                  "expression": "round({value},1)",
                  "type": "expression"
                }
              ],
              "type": "query"
            }
          },
          "custom.Performance": {
            "binding": {
              "config": {
                "parameters": {
                  "BGID": "{view.params.Business_ID}",
                  "Month": "{view.custom.Previous_month}",
                  "PLID": "{view.params.Plant_ID}",
                  "year": "{view.custom.Current_Year}"
                },
                "queryPath": "OEE/BusinessOverview/Business_Performance"
              },
              "transforms": [
                {
                  "expression": "round({value},1)",
                  "type": "expression"
                }
              ],
              "type": "query"
            }
          },
          "custom.Quality": {
            "binding": {
              "config": {
                "parameters": {
                  "BGID": "{view.params.Business_ID}",
                  "Month": "{view.custom.Previous_month}",
                  "PLID": "{view.params.Plant_ID}",
                  "year": "{view.custom.Current_Year}"
                },
                "queryPath": "OEE/BusinessOverview/Business_Quality"
              },
              "transforms": [
                {
                  "expression": "round({value},1)",
                  "type": "expression"
                }
              ],
              "type": "query"
            }
          },
          "props.text": {
            "binding": {
              "config": {
                "expression": "round(({this.custom.Availability}*{this.custom.Performance}*{this.custom.Quality})/10000,2)"
              },
              "type": "expr"
            }
          }
        },
        "props": {
          "style": {
            "backgroundColor": "#ffffff",
            "color": "#184e77",
            "fontFamily": "Arial",
            "fontSize": "0.8dvw"
          }
        },
        "type": "ia.display.label"
      },
      {
        "meta": {
          "name": "CurrentMonth"
        },
        "position": {
          "basis": "25%"
        },
        "propConfig": {
          "custom.Availability": {
            "binding": {
              "config": {
                "parameters": {
                  "BGID": "{view.params.Business_ID}",
                  "Month": "{view.custom.Current_month}",
                  "PLID": "{view.params.Plant_ID}",
                  "year": "{view.custom.Current_Year}"
                },
                "queryPath": "OEE/BusinessOverview/Business_Availabilty"
              },
              "transforms": [
                {
                  "expression": "round({value},1)",
                  "type": "expression"
                }
              ],
              "type": "query"
            }
          },
          "custom.Performance": {
            "binding": {
              "config": {
                "parameters": {
                  "BGID": "{view.params.Business_ID}",
                  "Month": "{view.custom.Current_month}",
                  "PLID": "{view.params.Plant_ID}",
                  "year": "{view.custom.Current_Year}"
                },
                "queryPath": "OEE/BusinessOverview/Business_Performance"
              },
              "transforms": [
                {
                  "expression": "round({value},1)",
                  "type": "expression"
                }
              ],
              "type": "query"
            }
          },
          "custom.Quality": {
            "binding": {
              "config": {
                "parameters": {
                  "BGID": "{view.params.Business_ID}",
                  "Month": "{view.custom.Current_month}",
                  "PLID": "{view.params.Plant_ID}",
                  "year": "{view.custom.Current_Year}"
                },
                "queryPath": "OEE/BusinessOverview/Business_Quality"
              },
              "type": "query"
            }
          },
          "props.text": {
            "binding": {
              "config": {
                "expression": "round(({this.custom.Availability}*{this.custom.Performance}*{this.custom.Quality})/10000,2)"
              },
              "type": "expr"
            }
          }
        },
        "props": {
          "style": {
            "backgroundColor": "#ffffff",
            "color": "#184e77",
            "fontFamily": "Arial",
            "fontSize": "0.8dvw"
          }
        },
        "type": "ia.display.label"
      }
    ],
    "meta": {
      "name": "root"
    },
    "position": {
      "basis": "100%",
      "display": true,
      "grow": 0,
      "shrink": 1
    },
    "props": {
      "style": {
        "fontWeight": "bold",
        "textAlign": "center"
      }
    },
    "type": "ia.container.flex"
  }
}